date,all_oi_usd,excluded_oi_usd,btc_oi_usd,eth_oi_usd,others_oi_usd,btc_pct,eth_pct,others_pct,btc_price_usd,source_scope,quality_tier
2021-12-01,21325012607.374477,0,8987638834.112,4202691856.2165003,8134681917.045979,42.145995407308476,19.707804790526374,38.14619980216516,57184.07,binance_bybit_fixed_venues,partial_multi_exchange_coverage
2021-12-02,21309996360.89309,0,8913820067.060001,4192409130.125,8203767163.698089,41.82928948508947,19.673438977299284,38.49727153756432,56480.34,binance_bybit_fixed_venues,partial_multi_exchange_coverage
2021-12-03,20564701107.805637,0,8779170145.5765,4042775712.075,7742755250.154139,42.69048258738969,19.658810944451336,37.65070646815898,53601.05,binance_bybit_fixed_venues,partial_multi_exchange_coverage
2021-12-04,15154543802.685276,0,6444222272.2965,3417144044.3875,5293177485.991276,42.523366959780276,22.548643422588587,34.927989617565146,49152.47,binance_bybit_fixed_venues,partial_multi_exchange_coverage
2021-12-05,12634212426.58256,0,5090066588.0905,2941436277.2945,4602709561.19756,40.28796110298833,23.28151671018034,36.43052218683133,49396.33,binance_bybit_fixed_venues,partial_multi_exchange_coverage
2021-12-06,12579205900.35048,0,4920941498.136,2956093069.632,4702171332.5824795,39.11965140819337,23.499838487814547,37.38051010399209,50441.92,binance_bybit_fixed_venues,partial_multi_exchange_coverage
2021-12-07,12764422096.57343,0,5014186986.746,2938030911.293,4812204198.53443,39.28252253654353,23.01734374705225,37.70013371640422,50588.95,binance_bybit_fixed_venues,partial_multi_exchange_coverage
2021-12-08,13177386651.282927,0,5040373574.4435,3085378799.41,5051634277.419428,38.250175909900754,23.41419342893466,38.33563066108871,50471.19,binance_bybit_fixed_venues,partial_multi_exchange_coverage
2021-12-09,13089726861.870758,0,5083681694.8795,3123511869.5480003,4882533297.443258,38.83718696749759,23.86231510029839,37.30049793220404,47545.59,binance_bybit_fixed_venues,partial_multi_exchange_coverage
2021-12-10,12494278820.789747,0,4935732934.8915,2981781026.522,4576764859.3762455,39.50394421067929,23.86517116586586,36.63088462345483,47140.54,binance_bybit_fixed_venues,partial_multi_exchange_coverage
2021-12-11,12822104319.675125,0,5038583054.996,2972821179.029,4810700085.650126,39.296069735327684,23.18512706582255,37.518803198849774,49389.99,binance_bybit_fixed_venues,partial_multi_exchange_coverage
2021-12-12,13306114159.44589,0,5278696782.571,3083286002.54,4944131374.344892,39.671212191003946,23.171949117475464,37.15683869159575,50053.9,binance_bybit_fixed_venues,partial_multi_exchange_coverage
2021-12-13,12839940665.04695,0,5203324261.639,3012320054.52,4624296348.877949,40.52451952370431,23.460544975259708,36.014935500958096,46702.75,binance_bybit_fixed_venues,partial_multi_exchange_coverage
2021-12-14,12756556070.85496,0,5169237691.82,2967137218.044,4620181160.990959,40.522204136508385,23.259704277262188,36.21809158622943,48343.28,binance_bybit_fixed_venues,partial_multi_exchange_coverage
2021-12-15,13067202069.45911,0,5245433752.192,3066145566.942,4755622750.3251095,40.141980848767304,23.464438298602943,36.39358085262975,48864.98,binance_bybit_fixed_venues,partial_multi_exchange_coverage
2021-12-16,13256432892.117287,0,5398386234.5425,3062154839.61996,4795891817.954826,40.722766663365064,23.099387780560622,36.1778455560743,47632.38,binance_bybit_fixed_venues,partial_multi_exchange_coverage
2021-12-17,13374390103.944918,0,5598783591.353001,3001523039.4370003,4774083473.144918,41.86197312804253,22.44231711584119,35.69570975604152,46131.2,binance_bybit_fixed_venues,partial_multi_exchange_coverage
2021-12-18,13614968458.202139,0,5648016573.190001,3009981956.48,4956969928.532139,41.48387556335054,22.10788784212482,36.408236594524645,46834.48,binance_bybit_fixed_venues,partial_multi_exchange_coverage
2021-12-19,13768930928.52154,0,5792430200.940001,3029689459.677,4946811267.904538,42.06884493073691,22.00381042947332,35.92734463978976,46681.23,binance_bybit_fixed_venues,partial_multi_exchange_coverage
2021-12-20,14079344140.677858,0,6083368313.9475,3088714491.57,4907261335.170358,43.2077535229181,21.93791458400485,34.85433189314808,46914.16,binance_bybit_fixed_venues,partial_multi_exchange_coverage
2021-12-21,15233309785.854448,0,6752836480.934,3263986288.91,5216487016.010448,44.329410849404766,21.426638956301645,34.24395019429359,48889.88,binance_bybit_fixed_venues,partial_multi_exchange_coverage
2021-12-22,15636028713.8154,0,7014307941.8835,3255643450.7745,5366077321.157398,44.85990701517403,20.82142154099485,34.318671443831114,48588.16,binance_bybit_fixed_venues,partial_multi_exchange_coverage
2021-12-23,16659269651.913715,0,7263152593.5585,3518712338.67,5877404719.685215,43.59826538208507,21.12164826064744,35.2800863572675,50838.81,binance_bybit_fixed_venues,partial_multi_exchange_coverage
2021-12-24,16711222526.60608,0,7207468410.502,3664947558.266,5838806557.8380785,43.129510118286845,21.93105592622566,34.93943395548749,50820,binance_bybit_fixed_venues,partial_multi_exchange_coverage
2021-12-25,16982512061.863144,0,7223094671.4800005,3799581086.8525,5959836303.530644,42.532545510157924,22.373492643559175,35.09396184628291,50399.66,binance_bybit_fixed_venues,partial_multi_exchange_coverage
2021-12-26,17145863667.305393,0,7178065864.832,3769386105.7720003,6198411696.691391,41.86470862077075,21.98423000971166,36.151061369459256,50775.49,binance_bybit_fixed_venues,partial_multi_exchange_coverage
2021-12-27,17225345350.54788,0,7237561978.384999,3807519038.92,6180264333.242876,42.01693394875707,22.104166630243473,35.87889942099944,50701.44,binance_bybit_fixed_venues,partial_multi_exchange_coverage
2021-12-28,16183064574.182632,0,6823718956.1985,3766040744.6665,5593304873.317633,42.1658019401628,23.2714930315151,34.5627050283221,47543.74,binance_bybit_fixed_venues,partial_multi_exchange_coverage
2021-12-29,15663758723.763243,0,6754151369.486525,3580842720.7860003,5328764633.500718,43.11960806214352,22.86068614778623,34.01970579013409,46464.66,binance_bybit_fixed_venues,partial_multi_exchange_coverage
2021-12-30,15636637065.042929,0,6675944626.68,3526955950.81,5433736487.552931,42.69424812324038,22.55571921340311,34.75003266335652,47120.87,binance_bybit_fixed_venues,partial_multi_exchange_coverage
2021-12-31,15806987858.585926,0,6834939876.0935,3551004145.0195,5421043837.462927,43.239989410006075,22.464774293419165,34.295236296511504,46216.93,binance_bybit_fixed_venues,partial_multi_exchange_coverage
2022-01-01,15927977279.078993,0,6757403856.776,3513769580.653,5656803841.649994,42.42474570610849,22.060362838841126,35.514891455050396,47722.65,binance_bybit_fixed_venues,partial_multi_exchange_coverage
2022-01-02,16052299867.062885,0,6761245544.703,3557802024.756,5733252297.603886,42.12010491142236,22.163814869021486,35.716080219556154,47286.18,binance_bybit_fixed_venues,partial_multi_exchange_coverage
2022-01-03,16489558422.674465,0,7041905932.62,3545312462.808,5902340027.256466,42.70524262758192,21.500348110795443,35.79440926168329,46446.1,binance_bybit_fixed_venues,partial_multi_exchange_coverage
2022-01-04,16582825726.94424,0,7190749668.4539995,3581574323.111,5810501735.379241,43.36263183885644,21.598094209550535,35.03927395159303,45832.01,binance_bybit_fixed_venues,partial_multi_exchange_coverage
2022-01-05,15478239200.922482,0,6796085095.849999,3474802275.669962,5207351829.402518,43.907352817269825,22.449596692257273,33.643050490472895,43451.13,binance_bybit_fixed_venues,partial_multi_exchange_coverage
2022-01-06,15185861519.920511,0,6666096558.267,3349463989.0419645,5170300972.6115465,43.896729530442165,22.056463406097865,34.04680706345997,43082.31,binance_bybit_fixed_venues,partial_multi_exchange_coverage
2022-01-07,14531477605.978867,0,6399358328.711,3166053994.88,4966065282.387867,44.03790517543813,21.787557196367636,34.17453762819424,41566.48,binance_bybit_fixed_venues,partial_multi_exchange_coverage
2022-01-08,14120769805.623737,0,6332789690.259001,3005598033.9400005,4782382081.424738,44.84734031806754,21.28494462634035,33.86771505559213,41679.74,binance_bybit_fixed_venues,partial_multi_exchange_coverage
2022-01-09,14132839470.1697,0,6342314256.456,2987574928.88,4802950284.833699,44.87643314595609,21.139240526901183,33.984326327142725,41864.62,binance_bybit_fixed_venues,partial_multi_exchange_coverage
2022-01-10,14137454179.336828,0,6410621562.636,2956130300.3859997,4770702316.324828,45.34495023867667,20.90991958585197,33.74513017554209,41822.49,binance_bybit_fixed_venues,partial_multi_exchange_coverage
2022-01-11,14502247558.391878,0,6495020168.813,3000550683.73,5006676705.84888,44.786300486606905,20.690245919803647,34.52345359358945,42729.29,binance_bybit_fixed_venues,partial_multi_exchange_coverage
2022-01-12,15180944255.577303,0,6729018479.129,3079049671.6499996,5372876104.798303,44.32542775892769,20.282333034183907,35.3922392068884,43902.66,binance_bybit_fixed_venues,partial_multi_exchange_coverage
2022-01-13,14847107841.057873,0,6548430729.592562,2969446899.7510004,5329230211.714313,44.10576658898962,20.000170615985937,35.89406279502445,42560.11,binance_bybit_fixed_venues,partial_multi_exchange_coverage
2022-01-14,14926450577.591753,0,6525580513.530001,2968169507.87,5432700556.181753,43.71823347826904,19.885300208784713,36.396466312879255,43059.96,binance_bybit_fixed_venues,partial_multi_exchange_coverage
2022-01-15,15162258858.414104,0,6532755289.4115,3061766986.8665,5567736582.136104,43.08563354850145,20.19334332342843,36.721023128070115,43084.29,binance_bybit_fixed_venues,partial_multi_exchange_coverage
2022-01-16,15187709073.765648,0,6433003586.395,3034852420.8745,5719853066.496148,42.356642171313325,19.982292300533494,37.66106552815319,43071.66,binance_bybit_fixed_venues,partial_multi_exchange_coverage
2022-01-17,15072853298.537495,0,6456301764.81,2990812582.2400002,5625738951.497495,42.83397202198239,19.84237836727434,37.323649610809625,42201.62,binance_bybit_fixed_venues,partial_multi_exchange_coverage
2022-01-18,15044827055.96153,0,6531067873.83,2987291481.3079996,5526467700.823532,43.41072083804418,19.855937660142672,36.73334150181316,42352.12,binance_bybit_fixed_venues,partial_multi_exchange_coverage
2022-01-19,14699837991.801373,0,6511873254.267576,2929987344.1070004,5257977393.426797,44.29894572919431,19.932106365669878,35.768947905135825,41660.01,binance_bybit_fixed_venues,partial_multi_exchange_coverage
2022-01-20,14389198512.809855,0,6486179643.141,2895686202.3,5007332667.358854,45.07672638866394,20.124027059061987,34.799246552204565,40680.91,binance_bybit_fixed_venues,partial_multi_exchange_coverage
2022-01-21,12698869577.57882,0,5840098913.38,2549338216.4335,4309432447.765321,45.989124289387966,20.075316159909402,33.935559550702635,36445.31,binance_bybit_fixed_venues,partial_multi_exchange_coverage
2022-01-22,11360682230.001696,0,5333833689.4825,2318065952.851,3708782587.678196,46.94994175082832,20.404284759671988,32.64577348958772,35071.42,binance_bybit_fixed_venues,partial_multi_exchange_coverage
2022-01-23,11325916059.447958,0,5358845948.696,2256936045.3199997,3710134065.4219575,47.31490080421096,19.92718322715528,32.75791596854546,36244.55,binance_bybit_fixed_venues,partial_multi_exchange_coverage
2022-01-24,11399619892.072252,0,5385099077.637638,2327973464.5215,3686547349.9131145,47.23928629745497,20.42150077425358,32.33921292829145,36660.35,binance_bybit_fixed_venues,partial_multi_exchange_coverage
2022-01-25,11408018886.862654,0,5392878478.507,2280681823.4699755,3734458584.8856773,47.27269942301181,19.991918369773938,32.73538220721424,36958.32,binance_bybit_fixed_venues,partial_multi_exchange_coverage
2022-01-26,11341608533.866941,0,5377442239.055,2309822552.7475,3654343742.0644407,47.41340016275056,20.36591675554827,32.22068308170116,36809.34,binance_bybit_fixed_venues,partial_multi_exchange_coverage
2022-01-27,11235601601.184992,0,5283417746.784633,2266602054.094,3685581800.296359,47.02389720037246,20.17339288583307,32.80270991370546,37160.1,binance_bybit_fixed_venues,partial_multi_exchange_coverage
2022-01-28,11665373526.5024,0,5440770509.415501,2396625811.0439997,3827977206.052899,46.6403454381867,20.54478414770979,32.81487041418923,37716.56,binance_bybit_fixed_venues,partial_multi_exchange_coverage
2022-01-29,11830789195.395208,0,5595156565.782623,2292944374.8894997,3942688254.723086,47.29318115109663,19.38116162007148,33.32565722883189,38166.84,binance_bybit_fixed_venues,partial_multi_exchange_coverage
2022-01-30,11733954243.691416,0,5655301032.511,2172929214.748,3905723996.442415,48.19603788340565,18.518303119481168,33.285658997198404,37881.76,binance_bybit_fixed_venues,partial_multi_exchange_coverage
2022-01-31,12592727047.59774,0,5901093644.323,2596464482.591,4095168920.6837397,46.86112564830607,20.618762502966476,32.52011184872746,38466.9,binance_bybit_fixed_venues,partial_multi_exchange_coverage
2022-02-01,12716237843.685532,0,5873623388.301,2649280091.641473,4193334363.753057,46.18994596123923,20.833835637613674,32.97621840122572,38694.59,binance_bybit_fixed_venues,partial_multi_exchange_coverage
2022-02-02,12210123306.882618,0,5626323821.8625,2557938452.858,4025861032.172119,46.07917283432385,20.949325314480138,32.97150185127792,36896.36,binance_bybit_fixed_venues,partial_multi_exchange_coverage
2022-02-03,12270346370.755947,0,5602604450.826,2592811225.625,4074930694.304948,45.659709037869945,21.13070933192624,33.209581630203814,37311.61,binance_bybit_fixed_venues,partial_multi_exchange_coverage
2022-02-04,13416573714.53811,0,6166688410.2890005,2858331841.601973,4391553462.647138,45.96321342167127,21.304484307380978,32.732302270947756,41574.25,binance_bybit_fixed_venues,partial_multi_exchange_coverage
2022-02-05,13708553032.793503,0,6281633043.883084,2922311085.705,4504608903.205419,45.822728546595734,21.317429189749408,32.859842263654855,41382.59,binance_bybit_fixed_venues,partial_multi_exchange_coverage
2022-02-06,13866266551.302656,0,6317911537.348,2939970550.6540003,4608384463.290657,45.56317674965269,21.202322483681137,33.23450076659406,42380.87,binance_bybit_fixed_venues,partial_multi_exchange_coverage
2022-02-07,14169830609.529287,0,6455839699.43,2928267992.4659696,4785722917.633318,45.56045782995044,20.665511629311176,33.77403054073839,43839.99,binance_bybit_fixed_venues,partial_multi_exchange_coverage
2022-02-08,13959194655.020672,0,6353546952.755562,2825888140.34,4779759561.92511,45.515139732437184,20.243919582592966,34.24094068496985,44042.99,binance_bybit_fixed_venues,partial_multi_exchange_coverage
2022-02-09,14125546989.17024,0,6325096874.252001,2948576209.853,4851873905.065241,44.77771288503956,20.874067475855,34.34821963910545,44372.72,binance_bybit_fixed_venues,partial_multi_exchange_coverage
2022-02-10,13550462450.51794,0,6124455800.581556,2821100171.599968,4604906478.326418,45.1973932472501,20.819216922682493,33.98338982999362,43495.44,binance_bybit_fixed_venues,partial_multi_exchange_coverage
2022-02-11,13079021513.079205,0,6087172146.100565,2672568313.996,4319281052.972641,46.541495019434805,20.434008089392574,33.02449689109616,42373.73,binance_bybit_fixed_venues,partial_multi_exchange_coverage
2022-02-12,12882211644.329535,0,6000809034.709578,2628088107.165,4253314502.454958,46.58213356827592,20.40090769912033,33.016958732603754,42217.87,binance_bybit_fixed_venues,partial_multi_exchange_coverage
2022-02-13,12787827586.589478,0,5967860309.045078,2605216653.9625,4214750623.591899,46.668288797571364,20.372628863831228,32.9590823386756,42053.66,binance_bybit_fixed_venues,partial_multi_exchange_coverage
2022-02-14,12830009527.024378,0,6087542105.105499,2517299087.055,4225168334.8638787,47.44768187648699,19.620399203544697,32.93191891996832,42535.94,binance_bybit_fixed_venues,partial_multi_exchange_coverage
2022-02-15,13769178841.322212,0,6389928004.482075,2833324914.2695003,4545925922.570639,46.4074733731069,20.57729765094274,33.01522897595037,44544.86,binance_bybit_fixed_venues,partial_multi_exchange_coverage
2022-02-16,13907652788.41151,0,6557399159.693055,2776036547.115,4574217081.603455,47.149574838084675,19.960496493183378,32.88992866873194,43873.56,binance_bybit_fixed_venues,partial_multi_exchange_coverage
2022-02-17,12964741209.699987,0,6133676336.906,2640156403.4009686,4190908469.4030185,47.310441741150164,20.364127294925492,32.32543096400147,40515.7,binance_bybit_fixed_venues,partial_multi_exchange_coverage
2022-02-18,12676362455.656923,0,5960330680.441999,2595331951.24,4120699823.974923,47.01925099800343,20.473790965813013,32.506958036183555,39974.44,binance_bybit_fixed_venues,partial_multi_exchange_coverage
2022-02-19,12599563838.356247,0,6005495735.6181,2378229882.3545,4215838220.383648,47.664314516474434,18.875493730303337,33.46019175322223,40079.17,binance_bybit_fixed_venues,partial_multi_exchange_coverage
2022-02-20,12286530742.636158,0,5789370958.4869995,2448318062.7279725,4048841721.411186,47.11965549719409,19.92684602360478,32.953498479119745,38386.89,binance_bybit_fixed_venues,partial_multi_exchange_coverage
2022-02-21,11742300482.701633,0,5585261472.306,2400400345.756,3756638664.6396337,47.56530869342018,20.442334526289716,31.992356780290105,37008.16,binance_bybit_fixed_venues,partial_multi_exchange_coverage
2022-02-22,11994926694.478794,0,5660439544.76313,2467984596.0959997,3866502553.629664,47.190280432214756,20.575237006091925,32.23448256177669,38230.33,binance_bybit_fixed_venues,partial_multi_exchange_coverage
2022-02-23,11554434894.321299,0,5584823921.034,2133467362.074,3836143611.2232985,48.33489454147857,18.46448901730835,33.20061644129963,37250.01,binance_bybit_fixed_venues,partial_multi_exchange_coverage
2022-02-24,11409018388.719877,0,5308234834.6085005,2351149996.0015,3749633558.1198773,46.52665684066882,20.607820198853283,32.86552296056555,38327.21,binance_bybit_fixed_venues,partial_multi_exchange_coverage
2022-02-25,11787233566.963324,0,5305370331.835,2485869721.658,3995993513.4703226,45.00946130994324,21.089509319856635,33.90102937020011,39219.17,binance_bybit_fixed_venues,partial_multi_exchange_coverage
2022-02-26,11926871680.44209,0,5355361536.823,2504460401.455,4067049742.15409,44.90164462492561,20.99846857212241,34.09988680286815,39116.72,binance_bybit_fixed_venues,partial_multi_exchange_coverage
2022-02-27,11447188500.868519,0,5259123606.488501,2376214280.9815,3811850613.3885193,45.94249152173463,20.758060206671818,33.29944827150621,37699.07,binance_bybit_fixed_venues,partial_multi_exchange_coverage
2022-02-28,12437706038.25778,0,5714121198.269,2550050925.225,4173533914.7637796,45.94192193232933,20.502582368333574,33.555495699337094,43160,binance_bybit_fixed_venues,partial_multi_exchange_coverage
2022-03-01,12937987334.942041,0,5916713700.203,2654371421.46,4366902213.279039,45.7313301290962,20.516107743367883,33.75256212753591,44421.2,binance_bybit_fixed_venues,partial_multi_exchange_coverage
2022-03-02,13151679822.715645,0,6105019348.0355,2671920382.7095,4374740091.970646,46.420072799300364,20.316190925622642,33.263736275076994,43892.98,binance_bybit_fixed_venues,partial_multi_exchange_coverage
2022-03-03,12932997442.158989,0,6007847775.484061,2616993650.987,4308156015.697928,46.45363769963858,20.23501251501159,33.311349785427154,42454,binance_bybit_fixed_venues,partial_multi_exchange_coverage
2022-03-04,12273288969.23679,0,5777290509.248501,2448654025.684,4047344434.29429,47.07206457640962,19.951082646400597,32.97685277710831,39148.66,binance_bybit_fixed_venues,partial_multi_exchange_coverage
2022-03-05,12282873633.179678,0,5706399488.464,2441893353.892,4134580790.823679,46.45817956678579,19.88047281782435,33.66134761538987,39397.96,binance_bybit_fixed_venues,partial_multi_exchange_coverage
2022-03-06,11937295295.956526,0,5500151918.505,2405185045.1565,4031958332.295026,46.07536114456384,20.148492481133466,33.77614637430269,38420.81,binance_bybit_fixed_venues,partial_multi_exchange_coverage
2022-03-07,4473924013.211881,0,2430798112.288,1030430764.869,1012695136.0448806,54.33257482938121,23.031923694413443,22.635501475981826,37988,binance_bybit_fixed_venues,partial_multi_exchange_coverage
2022-03-08,11764423328.213358,0,5279468944.153999,2364051372.1325,4120903011.926858,44.876563830313835,20.094919284849677,35.02851688483648,38730.63,binance_bybit_fixed_venues,partial_multi_exchange_coverage
2022-03-09,12613436289.082024,0,5740314570.832,2409672614.344,4463449103.896024,45.509522062601754,19.10401383982707,35.386464097491896,41941.71,binance_bybit_fixed_venues,partial_multi_exchange_coverage
2022-03-10,12234618991.77384,0,5583939318.6590805,2336345379.6335,4314334293.481259,45.64048396123769,19.096184206507637,35.26333183225467,39422,binance_bybit_fixed_venues,partial_multi_exchange_coverage
2022-03-11,11952996107.849573,0,5379625365.126606,2313532192.54,4259838550.182966,45.00650143769216,19.355249275290028,35.63824928701781,38729.57,binance_bybit_fixed_venues,partial_multi_exchange_coverage
2022-03-12,12214768880.038479,0,5529630523.87,2352905128.728,4332233227.44048,45.27003808403275,19.262788775096233,35.467173140871026,38807.36,binance_bybit_fixed_venues,partial_multi_exchange_coverage
2022-03-13,12243281411.54406,0,5609582728.296,2364652944.425,4269045738.8230596,45.8176410370408,19.313882160671355,34.86847680228784,37777.34,binance_bybit_fixed_venues,partial_multi_exchange_coverage
2022-03-14,12532851327.014755,0,5723737431.613245,2387738460.075,4421375435.326509,45.66987417520576,19.051837429270325,35.2782883955239,39671.37,binance_bybit_fixed_venues,partial_multi_exchange_coverage
2022-03-15,12684347474.951437,0,5810223692.570001,2432099768.914,4442024013.467437,45.80624824449037,19.174023525583934,35.019728229925704,39280.33,binance_bybit_fixed_venues,partial_multi_exchange_coverage
2022-03-16,13084972272.388052,0,5947931851.006607,2550826286.5080004,4586214134.873444,45.4562052344425,19.49431938721614,35.049475378341356,41114,binance_bybit_fixed_venues,partial_multi_exchange_coverage
2022-03-17,13331544280.558678,0,5935445595.705999,2663856465.5805,4732242219.272178,44.52181585865959,19.981604602740497,35.4965795385999,40917.9,binance_bybit_fixed_venues,partial_multi_exchange_coverage
2022-03-18,13853569446.143188,0,6151775576.459591,2848665445.1800003,4853128424.503596,44.40570786016622,20.56268210336986,35.031610036463924,41757.51,binance_bybit_fixed_venues,partial_multi_exchange_coverage
2022-03-19,14180980797.201073,0,6258683595.613001,2858030523.77,5064266677.818073,44.134349274686905,20.15396935262824,35.711681372684865,42201.13,binance_bybit_fixed_venues,partial_multi_exchange_coverage
2022-03-20,13871574721.556274,0,6122278473.214,2726360430.06,5022935818.292274,44.13542511291127,19.654296536522747,36.21027835063807,41262.11,binance_bybit_fixed_venues,partial_multi_exchange_coverage
2022-03-21,13824751066.538322,0,5937104852.981587,2755102363.717,5132543849.839735,42.94547384185356,19.92876653226328,37.125759625883155,41002.25,binance_bybit_fixed_venues,partial_multi_exchange_coverage
2022-03-22,14414664712.897821,0,6132177232.698999,2904002877.7855,5378484602.413321,42.541240846289725,20.146170137326074,37.31258901638419,42364.13,binance_bybit_fixed_venues,partial_multi_exchange_coverage
2022-03-23,14644912417.869757,0,6120474056.712076,2875158553.7015,5649279807.456181,41.792493407088315,19.632473528439984,38.5750330644717,42882.76,binance_bybit_fixed_venues,partial_multi_exchange_coverage
2022-03-24,15446321912.750172,0,6518007502.008572,3075172218.3005,5853142192.441098,42.19779659407642,19.908766861592454,37.89343654433112,43991.46,binance_bybit_fixed_venues,partial_multi_exchange_coverage
2022-03-25,15474374078.64827,0,6772686256.908501,3033831287.9639997,5667856533.775769,43.7671095611779,19.605518598326487,36.62737184049561,44313.16,binance_bybit_fixed_venues,partial_multi_exchange_coverage
2022-03-26,15341277317.856924,0,6784813550.768,2642138433.204,5914325333.884926,44.22587122436422,17.22241491670714,38.55171385892866,44511.27,binance_bybit_fixed_venues,partial_multi_exchange_coverage
2022-03-27,16394200111.542969,0,7001713778.150999,3208182578.8115005,6184303754.58047,42.708480624322576,19.56900950936091,37.722509866316514,46827.76,binance_bybit_fixed_venues,partial_multi_exchange_coverage
2022-03-28,16179138850.939718,0,6936576531.467,3161868098.804,6080694220.678719,42.87358304650503,19.542870160981106,37.58354679257567,47122.21,binance_bybit_fixed_venues,partial_multi_exchange_coverage
2022-03-29,16459877571.850185,0,6963704631.498,3161912867.99,6334260072.362186,42.307147189280336,19.209820086374936,38.48303272434473,47434.8,binance_bybit_fixed_venues,partial_multi_exchange_coverage
2022-03-30,16658529741.7215,0,6884869539.953,3166491179.38,6607169022.3885,41.32939489077332,19.008227187357853,39.662377921868824,47067.99,binance_bybit_fixed_venues,partial_multi_exchange_coverage
2022-03-31,16204954518.678146,0,6677380471.889999,3097635234.656,6429938812.132148,41.20579582123184,19.115359016192272,39.6788451625759,45510.34,binance_bybit_fixed_venues,partial_multi_exchange_coverage
2022-04-01,16326448022.9084,0,6608788802.199,3219247321.7975,6498411898.9119,40.47903618059422,19.717989591369932,39.80297422803585,46283.49,binance_bybit_fixed_venues,partial_multi_exchange_coverage
2022-04-02,16197742449.57547,0,6450207127.012,3223489894.9,6524045427.663469,39.821642720223984,19.90085905449426,40.277498225281754,45811,binance_bybit_fixed_venues,partial_multi_exchange_coverage
2022-04-03,16536476562.22481,0,6463426331,3388576602.186,6684473629.038811,39.08587362415983,20.491527257545982,40.42259911829419,46407.35,binance_bybit_fixed_venues,partial_multi_exchange_coverage
2022-04-04,16513011173.00611,0,6586857309.856999,3347443215.322,6578710647.82711,39.888892709190216,20.271549387637307,39.83955790317248,46580.51,binance_bybit_fixed_venues,partial_multi_exchange_coverage
2022-04-05,16082502460.449656,0,6740729637.7965,2839931005.6025,6501841817.060656,41.91343762808934,17.658514354880424,40.428048017092415,45497.55,binance_bybit_fixed_venues,partial_multi_exchange_coverage
2022-04-06,15042689564.351267,0,6774924828.640499,2598490003.5975,5669274732.113266,45.037988716432544,17.274105089262093,37.687906194305356,43170.47,binance_bybit_fixed_venues,partial_multi_exchange_coverage
2022-04-07,15281041592.104557,0,6589095921.031,2978547718.892,5713397952.171558,43.11941618191439,19.491784646610498,37.38879917140969,43444.19,binance_bybit_fixed_venues,partial_multi_exchange_coverage
2022-04-08,15230822503.822392,0,6600958954.077999,3037290418.5325003,5592573131.221891,43.33947790686546,19.941736027520832,36.71878606567935,42252.01,binance_bybit_fixed_venues,partial_multi_exchange_coverage
2022-04-09,15341195220.104027,0,6614218694.394,3025246880.41,5701729645.300026,43.11410290722544,19.719760012215566,37.16613708055899,42753.97,binance_bybit_fixed_venues,partial_multi_exchange_coverage
2022-04-10,15384105936.863651,0,6687144442.9585,3032271092.0775003,5664690401.827651,43.46787827906628,19.710414791226324,36.8217069297074,42158.85,binance_bybit_fixed_venues,partial_multi_exchange_coverage
2022-04-11,14487248033.289398,0,6399874649.554,2865038544.295,5222334839.440398,44.17591688116406,19.776278681165643,36.047804437670294,39530.45,binance_bybit_fixed_venues,partial_multi_exchange_coverage
2022-04-12,14285931328.612257,0,6238773652.948,2813763059.3315,5233394616.332756,43.670752080774825,19.69604217329547,36.6332057459297,40074.94,binance_bybit_fixed_venues,partial_multi_exchange_coverage
2022-04-13,14503435733.865252,0,6219856103.666,2877020773.658,5406558856.531251,42.885397762288505,19.836822298182838,37.277779939459705,41147.79,binance_bybit_fixed_venues,partial_multi_exchange_coverage
2022-04-14,14612605788.372799,0,6317588211.983999,2847461251.2,5447556325.188798,43.23382361420359,19.486334555509018,37.27984183028738,39942.38,binance_bybit_fixed_venues,partial_multi_exchange_coverage
2022-04-15,14720090140.61679,0,6308629354.788,2874079537.586,5537381248.25279,42.85727393326724,19.52487729443736,37.61784877236334,40551.9,binance_bybit_fixed_venues,partial_multi_exchange_coverage
2022-04-16,14806066966.99575,0,6268943809.144501,2875759179.16,5661363978.701251,42.34037184296561,19.42284325452778,38.23678490257416,40378.71,binance_bybit_fixed_venues,partial_multi_exchange_coverage
2022-04-17,14296808610.89126,0,6335715888.2935,2409777494.653,5551315227.944759,44.315595604091484,16.85535254922025,38.82905184668826,39678.12,binance_bybit_fixed_venues,partial_multi_exchange_coverage
2022-04-18,14799636012.756258,0,6338792192.058,2840129312.878,5620714507.810258,42.83073034089758,19.190534891736565,37.97873476729828,40801.13,binance_bybit_fixed_venues,partial_multi_exchange_coverage
2022-04-19,15174943027.52941,0,6338022627.503,2879121344.5420003,5957799055.474409,41.76636851950591,18.972864275792553,39.26076720463564,41493.18,binance_bybit_fixed_venues,partial_multi_exchange_coverage
2022-04-20,15156557598.0134,0,6350005398.308,2809522090.7279997,5997030108.9774,41.89609254769241,18.53667676554899,39.5672306867586,41358.19,binance_bybit_fixed_venues,partial_multi_exchange_coverage
2022-04-21,14786814398.287548,0,6249225363.228,2805629822.334,5731959212.715548,42.2621478494497,18.973862434216514,38.76398971626615,40480.01,binance_bybit_fixed_venues,partial_multi_exchange_coverage
2022-04-22,14980078010.97288,0,6329326976.1535,2906094632.352,5744656402.467379,42.25162894023168,19.399729629066627,38.34864143070168,39709.18,binance_bybit_fixed_venues,partial_multi_exchange_coverage
2022-04-23,15106749216.335484,0,6410198364.722,2884193726.691,5812357124.922482,42.43267875123271,19.092087155138678,38.4752340936286,39441.6,binance_bybit_fixed_venues,partial_multi_exchange_coverage
2022-04-24,15109255531.129099,0,6382184992.046999,2890266534.2295,5836804004.862599,42.24023466211154,19.12911280290931,38.63065253504532,39450.13,binance_bybit_fixed_venues,partial_multi_exchange_coverage
2022-04-25,15092089296.89663,0,6318242822.9305,2883280823.145,5890565650.82113,41.864600047322234,19.1045836426232,39.030816310054576,40426.08,binance_bybit_fixed_venues,partial_multi_exchange_coverage
2022-04-26,14591390489.102264,0,6245375355.448595,2793507660.029,5552507473.63467,42.8017834223066,19.144903716444027,38.05331286131791,38112.65,binance_bybit_fixed_venues,partial_multi_exchange_coverage
2022-04-27,14694549251.86302,0,6238590929.2725,2764171752.168,5691786570.42252,42.455136407001746,18.810864523915562,38.73399906908269,39235.72,binance_bybit_fixed_venues,partial_multi_exchange_coverage
2022-04-28,14552841038.087967,0,6088833265.484,2714704637.9425,5749303134.6614685,41.83948171733747,18.654121424383902,39.506396858278634,39742.07,binance_bybit_fixed_venues,partial_multi_exchange_coverage
2022-04-29,14279543608.12587,0,6123652619.049999,2712659966.3859997,5443231022.68987,42.88409200673118,18.99682539463196,38.11908259863686,38596.11,binance_bybit_fixed_venues,partial_multi_exchange_coverage
2022-04-30,13832019216.575169,0,6204638277.48,2687544241.2860003,4939836697.80917,44.85706808478739,19.429876428059508,35.7130554871531,37630.8,binance_bybit_fixed_venues,partial_multi_exchange_coverage
2022-05-01,13800446666.968498,0,6150731474.663,2748669614.31,4901045577.995497,44.569075357429085,19.917251090785104,35.5136735517858,38468.35,binance_bybit_fixed_venues,partial_multi_exchange_coverage
2022-05-02,13650815684.203121,0,6054982476.273,2699755615.1575003,4896077592.772621,44.356195383107355,19.77724758441862,35.86655703247402,38525.16,binance_bybit_fixed_venues,partial_multi_exchange_coverage
2022-05-03,14003758672.54096,0,6458794885.708,2688135894.582,4856827892.25096,46.12186654124954,19.19581704769725,34.68231641105321,37728.95,binance_bybit_fixed_venues,partial_multi_exchange_coverage
2022-05-04,14552581480.070229,0,6540584685.512,2775782412.104,5236214382.454229,44.944497953640294,19.074158189084432,35.981343857275284,39690,binance_bybit_fixed_venues,partial_multi_exchange_coverage
2022-05-05,13914118347.768581,0,6363955024.7775,2700135453.67,4850027869.321081,45.737393241290725,19.40572435984076,34.856882398868514,36552.97,binance_bybit_fixed_venues,partial_multi_exchange_coverage
2022-05-06,13648952551.398964,0,6167267897.781,2687831275.688,4793853377.929964,45.184917117679326,19.6925827499672,35.12250013235347,36013.77,binance_bybit_fixed_venues,partial_multi_exchange_coverage
2022-05-07,13509201281.8941,0,6169046124.281,2631743010.7400002,4708412146.873101,45.66551341972491,19.481114803339494,34.8533717769356,35472.39,binance_bybit_fixed_venues,partial_multi_exchange_coverage
2022-05-08,13237422453.683678,0,6012632299.378,2559815879.5575,4664974274.758179,45.4214732544463,19.337721437190822,35.24080530843843,34038.4,binance_bybit_fixed_venues,partial_multi_exchange_coverage
2022-05-09,11649341360.406002,0,5393915452.99616,2332965420.927,3922460486.482842,46.30232118812399,20.026586471715273,33.67109234016073,30076.31,binance_bybit_fixed_venues,partial_multi_exchange_coverage
2022-05-10,10807248580.439829,0,4995558913.512199,2221595342.505,3590094324.43263,46.224151099417874,20.556530424643814,33.21931847603085,31017.1,binance_bybit_fixed_venues,partial_multi_exchange_coverage
2022-05-11,9605504742.938437,0,4719064569.98269,2108262655.679,2778177517.2667465,49.12875165099416,21.948483834010972,28.92276451489075,29103.94,binance_bybit_fixed_venues,partial_multi_exchange_coverage
2022-05-12,8772130876.4772,0,4466570618.9775,1910756537.58,2394803719.9197,50.917738025942796,21.7821252838779,27.30013669017931,29029.75,binance_bybit_fixed_venues,partial_multi_exchange_coverage
2022-05-13,8769547045.160954,0,4459119180.147713,1837978540.64,2472449324.373241,50.84777078205265,20.958648504590656,28.1935807133567,29287.05,binance_bybit_fixed_venues,partial_multi_exchange_coverage
2022-05-14,8969989121.405619,0,4419438725.046,1888371555.085,2662178841.264619,49.269164825402406,21.05210529830707,29.678729876179037,30086.74,binance_bybit_fixed_venues,partial_multi_exchange_coverage
2022-05-15,9400787986.256908,0,4595848089.0707,1940420909.7004795,2864518987.485729,48.88790275654987,20.64104533085096,30.471051912599172,31328.89,binance_bybit_fixed_venues,partial_multi_exchange_coverage
2022-05-16,9334393821.02446,0,4696202835.866,1874279779.725,2763911205.4334593,50.31074246394488,20.079287585910915,29.609969950144198,29874.01,binance_bybit_fixed_venues,partial_multi_exchange_coverage
2022-05-17,9528297048.75631,0,4631194766.15,1957248227.2719998,2939854055.3443084,48.6046430170278,20.54142746869412,30.85392951438301,30444.93,binance_bybit_fixed_venues,partial_multi_exchange_coverage
2022-05-18,9503450632.289349,0,4712919437.6085,1905605647.900979,2884925546.7698693,49.59166538515677,20.051723543724297,30.356611071013695,28715.32,binance_bybit_fixed_venues,partial_multi_exchange_coverage
2022-05-19,10086984463.21139,0,5109482010.462,1969654448.047,3007848004.7023892,50.65420720233067,19.526692593119368,29.819100204549954,30319.23,binance_bybit_fixed_venues,partial_multi_exchange_coverage
2022-05-20,9861403936.978748,0,4988475653.8455,1903534200.4075,2969394082.725747,50.58585659532192,19.3028722134537,30.111271191224365,29201.01,binance_bybit_fixed_venues,partial_multi_exchange_coverage
2022-05-21,9795914005.341019,0,4870964911.544708,1842075985.208,3082873108.5883093,49.72445561372748,18.80453405576699,31.47101033050552,29445.06,binance_bybit_fixed_venues,partial_multi_exchange_coverage
2022-05-22,10304433005.474089,0,5103403311.481501,1968827405.21,3232202288.782589,49.52628940156521,19.106605906060892,31.36710469237391,30293.94,binance_bybit_fixed_venues,partial_multi_exchange_coverage
2022-05-23,10188651609.817608,0,5090686332.0245,1964020961.909,3133944315.8841066,49.96427915072886,19.276554318694178,30.75916653057694,29109.15,binance_bybit_fixed_venues,partial_multi_exchange_coverage
2022-05-24,10363059047.202087,0,5136525166.1365,2034059406.6460001,3192474474.4095874,49.56572323616458,19.62798240732956,30.80629435640937,29654.58,binance_bybit_fixed_venues,partial_multi_exchange_coverage
2022-05-25,10273043585.08219,0,5023256066.2975,2010054032.92,3239733485.86469,48.897447233572805,19.566295190637202,31.536257575789996,29542.15,binance_bybit_fixed_venues,partial_multi_exchange_coverage
2022-05-26,10124379426.391087,0,5059737423.3865,1948008461.051,3116633541.9535875,49.97577836916452,19.24076902899502,30.783452601840462,29201.35,binance_bybit_fixed_venues,partial_multi_exchange_coverage
2022-05-27,9977654438.387928,0,5000357323.049707,1946894115.949,3030402999.3892193,50.11555926221881,19.512543032744638,30.371897705036538,28629.8,binance_bybit_fixed_venues,partial_multi_exchange_coverage
2022-05-28,9998478294.578468,0,5001110357.334,1805660350.3200002,3191707586.924469,50.018714948311484,18.059351604524597,31.921933447163926,29031.33,binance_bybit_fixed_venues,partial_multi_exchange_coverage
2022-05-29,10542795530.879137,0,5207017972.297501,2051661285.32,3284116273.271637,49.38934798694043,19.4603156184792,31.150336394675225,29468.1,binance_bybit_fixed_venues,partial_multi_exchange_coverage
2022-05-30,11189376124.48753,0,5561175135.877501,2173565059.1,3454635929.5100293,49.70049334302989,19.425256912610475,30.874249744359638,31734.22,binance_bybit_fixed_venues,partial_multi_exchange_coverage
2022-05-31,11179274725.416039,0,5596102230.8695,2132768687.2175,3450403807.339039,50.05782904812942,19.077880628236628,30.86429032372341,31801.04,binance_bybit_fixed_venues,partial_multi_exchange_coverage
2022-06-01,10575409060.8928,0,5269873144.927,2029619642.2649999,3275916273.7008,49.83138821943693,19.191878352681467,30.9767334278816,29805.83,binance_bybit_fixed_venues,partial_multi_exchange_coverage
2022-06-02,10671097947.74564,0,5267804830.537001,2082568270.4559999,3320724846.752641,49.36516238846696,19.515969965358252,31.118867646174802,30452.62,binance_bybit_fixed_venues,partial_multi_exchange_coverage
2022-06-03,10625101042.358166,0,5198495759.306999,2078987063.75,3347618219.291166,48.926553626008904,19.56675099334946,31.506695380547512,29700.21,binance_bybit_fixed_venues,partial_multi_exchange_coverage
2022-06-04,10644227880.46472,0,5188787215.5495,2105857055.96,3349583608.9652195,48.747426998180366,19.784028297861468,31.468544704052114,29864.04,binance_bybit_fixed_venues,partial_multi_exchange_coverage
2022-06-05,10741757914.373028,0,5237158166.28,2120646618.2199998,3383953129.8730273,48.755131218070105,19.742081651109125,31.502787130820764,29919.21,binance_bybit_fixed_venues,partial_multi_exchange_coverage
2022-06-06,11422288970.571518,0,5825941317.665501,2121572295.8600001,3474775357.0460186,51.00502476058437,18.573967978975467,30.421007260440174,31373.1,binance_bybit_fixed_venues,partial_multi_exchange_coverage
2022-06-07,11121963196.710308,0,5655652801.0275,2052322627.337,3413987768.3558073,50.851209458239786,18.45288094411284,30.69590959773728,31125.33,binance_bybit_fixed_venues,partial_multi_exchange_coverage
2022-06-08,9776335494.732517,0,4459563599.505,2056327632.2810001,3260444262.946518,45.61590180602752,21.033726117408186,33.3503720765643,30204.77,binance_bybit_fixed_venues,partial_multi_exchange_coverage
2022-06-09,10584018473.7924,0,5181085880.026,2101699463.5149999,3301233130.2514005,48.9519731362444,19.8572920929713,31.190734770784307,30109.93,binance_bybit_fixed_venues,partial_multi_exchange_coverage
2022-06-10,10864807367.224031,0,5375102285.05,2258074697.3985,3231630384.7755313,49.47259627690338,20.783384565201363,29.744019157895256,29091.88,binance_bybit_fixed_venues,partial_multi_exchange_coverage
2022-06-11,10747945675.7696,0,5464459793.5005,2226954291.76,3056531590.509101,50.841900009037964,20.719813431700665,28.438286559261382,28424.7,binance_bybit_fixed_venues,partial_multi_exchange_coverage
2022-06-12,10105046376.087727,0,5149171133.925217,2090485158.02,2865390084.1325107,50.95643248219086,20.68753650618428,28.356031011525907,26574.53,binance_bybit_fixed_venues,partial_multi_exchange_coverage
2022-06-13,8924636566.000948,0,4361627191.468,1902458320.9575,2660551053.5854473,48.87176255539566,21.31692766297121,29.811309781745177,22487.41,binance_bybit_fixed_venues,partial_multi_exchange_coverage
2022-06-14,8185043149.328731,0,3927480871.081,1645769873.6125,2611792404.63523,47.98363062268156,20.107039676968256,31.909329700350174,22136.41,binance_bybit_fixed_venues,partial_multi_exchange_coverage
2022-06-15,8429168038.208422,0,3907856578.8815,1762402212.02,2758909247.2969217,46.36111845401169,20.908376770177544,32.730504775692125,22583.72,binance_bybit_fixed_venues,partial_multi_exchange_coverage
2022-06-16,8121405023.43361,0,3839329206.649,1711263412.705,2570812404.07961,47.27419942203287,21.07102659905888,31.654773978908253,20401.31,binance_bybit_fixed_venues,partial_multi_exchange_coverage
2022-06-17,8219773026.068239,0,3892399868.708,1717587331.9120002,2609785825.43824,47.35410401678513,20.89579999915853,31.7500959839347,20468.81,binance_bybit_fixed_venues,partial_multi_exchange_coverage
2022-06-18,8019904869.4966345,0,3687874668.6517954,1755278936.92,2576751263.9248385,45.98402011822446,21.88653064447346,32.129449237302076,18970.79,binance_bybit_fixed_venues,partial_multi_exchange_coverage
2022-06-19,8255329094.403439,0,3769575181.1245003,1788260133.906,2697493779.36294,45.66232476037836,21.661887896368913,32.67578734313161,20574,binance_bybit_fixed_venues,partial_multi_exchange_coverage
2022-06-20,8319016482.463847,0,3814364121.8059998,1763622834.975,2741029525.682847,45.85114273840575,21.199895909482162,32.948961352112086,20573.89,binance_bybit_fixed_venues,partial_multi_exchange_coverage
2022-06-21,8473217558.448158,0,3936439235.6825,1780425957.66,2756352365.105659,46.45743141290764,21.012395177848816,32.53017340924356,20723.52,binance_bybit_fixed_venues,partial_multi_exchange_coverage
2022-06-22,8275126992.120338,0,3889408421.112,1676333288.1564999,2709385282.8518386,47.00119315166444,20.257493205273125,32.74131364306243,19987.99,binance_bybit_fixed_venues,partial_multi_exchange_coverage
2022-06-23,8757811653.69699,0,4071282990.8308,1813499960.086,2873028702.7801895,46.487446314424496,20.70722723661745,32.80532644895806,21110.13,binance_bybit_fixed_venues,partial_multi_exchange_coverage
2022-06-24,9148602662.322998,0,4107655067.724,1975054531.3565001,3065893063.252498,44.89926188007591,21.58859231574713,33.51214580428626,21237.69,binance_bybit_fixed_venues,partial_multi_exchange_coverage
2022-06-25,9273300717.06197,0,4179114489.113,2019518060.8225002,3074668167.1264687,45.06609476627709,21.7777695605922,33.1561356731307,21491.19,binance_bybit_fixed_venues,partial_multi_exchange_coverage
2022-06-26,8962541934.172894,0,4104504907.244,1949475890.2315,2908561136.6973944,45.7962142591948,21.751372596633846,32.45241314417136,21038.07,binance_bybit_fixed_venues,partial_multi_exchange_coverage
2022-06-27,8779183367.214119,0,3969989478.4519997,1927942268.5749998,2881251620.187119,45.22048705894372,21.960382736450235,32.81913020460605,20742.56,binance_bybit_fixed_venues,partial_multi_exchange_coverage
2022-06-28,8772991051.366,0,4070258771.365,1894812666.746,2807919613.255,46.3953370923733,21.598251447560386,32.00641146006632,20281.29,binance_bybit_fixed_venues,partial_multi_exchange_coverage
2022-06-29,8614347842.480919,0,4022636784.5985003,1806334969.597,2785376088.2754183,46.69693931746303,20.968911432728703,32.33414924969218,20123.01,binance_bybit_fixed_venues,partial_multi_exchange_coverage
2022-06-30,8408303181.023376,0,3869508065.2190003,1784179814.2120001,2754615301.592377,46.02008255306561,21.219261196940415,32.76065624999397,19942.21,binance_bybit_fixed_venues,partial_multi_exchange_coverage
2022-07-01,8111448071.52014,0,3699763211.685,1719599959.6004999,2692084900.234639,45.6116242015421,21.19966674801427,33.18870905044362,19279.8,binance_bybit_fixed_venues,partial_multi_exchange_coverage
2022-07-02,8157137758.706019,0,3660279686.453,1726791380.0535,2770066692.2095194,44.87210826550558,21.169084440317505,33.95880729429951,19252.81,binance_bybit_fixed_venues,partial_multi_exchange_coverage
2022-07-03,8301706937.984671,0,3724795639.3120003,1837695669.145,2739215629.5276704,44.86782859401003,22.136359219530828,32.99581218645915,19315.83,binance_bybit_fixed_venues,partial_multi_exchange_coverage
2022-07-04,8899914417.333849,0,3971253007.703,1966478485.225,2962182924.405848,44.62124939053819,22.095476349693918,33.283274259767886,20236.71,binance_bybit_fixed_venues,partial_multi_exchange_coverage
2022-07-05,8922443097.201347,0,4084289625.969,1903888988.651,2934264482.5813484,45.77546285781409,21.338202641473636,32.88633450071228,20175.83,binance_bybit_fixed_venues,partial_multi_exchange_coverage
2022-07-06,9223043821.066708,0,4117609380.392597,2068220465.4199998,3037213975.26411,44.64479905199418,22.424489198412985,32.93071174970126,20564.51,binance_bybit_fixed_venues,partial_multi_exchange_coverage
2022-07-07,9965039689.069382,0,4613273895.361,2143832079.2585,3207933714.459881,46.2945862666386,21.513532772077788,32.19188096138395,21624.98,binance_bybit_fixed_venues,partial_multi_exchange_coverage
2022-07-08,9979441229.73616,0,4724333930.323,2087647097.704,3167460201.7091603,47.3406658906483,20.919478853017846,31.739855256333854,21594.75,binance_bybit_fixed_venues,partial_multi_exchange_coverage
2022-07-09,9761201890.057049,0,4507585172.21,2022308264.1950002,3231308453.6420493,46.17858766758543,20.717820274314406,33.10359205799773,21591.83,binance_bybit_fixed_venues,partial_multi_exchange_coverage
2022-07-10,9406096124.810606,0,4318084952.860785,1981264220.7589998,3106746951.1908216,45.90730198334785,21.063618683770287,33.029079332881864,20862.47,binance_bybit_fixed_venues,partial_multi_exchange_coverage
2022-07-11,8995553465.953108,0,4176846329.9615,1895976101.188,2922731034.803608,46.43234399940226,21.076814321253277,32.49084167934446,19963.61,binance_bybit_fixed_venues,partial_multi_exchange_coverage
2022-07-12,8744098757.170906,0,4069186870.2608004,1791526698.2319999,2883385188.6781063,46.53637822793024,20.488408788416248,32.97521298365352,19328.75,binance_bybit_fixed_venues,partial_multi_exchange_coverage
2022-07-13,9046481299.34729,0,4187219535.7114997,1874625874.538,2984635889.097789,46.28561533657965,20.722154973926223,32.99222968949411,20234.87,binance_bybit_fixed_venues,partial_multi_exchange_coverage
2022-07-14,9392046209.43531,0,4279144852.223,2004861588.236,3108039768.9863114,45.561369235216745,21.34637696119833,33.09225380369141,20588.84,binance_bybit_fixed_venues,partial_multi_exchange_coverage
2022-07-15,9701511133.571049,0,4440475141.4985,2161152953.049,3099883039.0335484,45.77096372267932,22.276456969374177,31.95257930804957,20830.04,binance_bybit_fixed_venues,partial_multi_exchange_coverage
2022-07-16,10184651588.64913,0,4563984917.752501,2358472194.951,3262194475.9556293,44.8123814352088,23.15712201269148,32.03049655219791,21195.6,binance_bybit_fixed_venues,partial_multi_exchange_coverage
2022-07-17,9871047461.555956,0,4488114595.802788,2165486464.187,3217446401.5661683,45.467460401566484,21.937757594832373,32.594782003601146,20798.16,binance_bybit_fixed_venues,partial_multi_exchange_coverage
2022-07-18,10521551906.06237,0,4652431292.0095005,2438795986.4635,3430324627.59937,44.2181090161123,23.17905199002345,32.602838993959296,22432.58,binance_bybit_fixed_venues,partial_multi_exchange_coverage
2022-07-19,10751327297.105083,0,5023806863.3042755,2269695960.005,3457824473.785807,46.72731770203845,21.110844245399743,32.161838052468795,23396.62,binance_bybit_fixed_venues,partial_multi_exchange_coverage
2022-07-20,10406837612.07665,0,4971393556.6875,2229545354.656,3205898700.7331495,47.770453830454976,21.42385071972985,30.80569544981516,23223.3,binance_bybit_fixed_venues,partial_multi_exchange_coverage
2022-07-21,10479281124.007008,0,4814470289.5825,2343104836.0550003,3321705998.3595076,45.94275344472838,22.359404317221497,31.697842237954703,23152.19,binance_bybit_fixed_venues,partial_multi_exchange_coverage
2022-07-22,10458725818.6136,0,4886580171.070499,2320528638.7200003,3251617008.8231,46.72251912727033,22.187488982549958,31.089991890179714,22684.83,binance_bybit_fixed_venues,partial_multi_exchange_coverage
2022-07-23,10488959397.985218,0,4876867669.925,2334295368.748,3277796359.3122187,46.4952478590181,22.254785057099046,31.24996708388286,22451.07,binance_bybit_fixed_venues,partial_multi_exchange_coverage
2022-07-24,10769056213.980068,0,4810548213.247,2644541919.986,3313966080.7470684,44.67010031020257,24.556858720385677,30.773040969411753,22579.68,binance_bybit_fixed_venues,partial_multi_exchange_coverage
2022-07-25,9851966171.372786,0,4504761782.2335,2289828515.464,3057375873.665286,45.72449502844568,23.242350568738633,31.033154402714185,21310.9,binance_bybit_fixed_venues,partial_multi_exchange_coverage
2022-07-26,9760765071.22332,0,4462376208.0285,2272928626.57,3025460236.6348195,45.717483982730755,23.286377758143637,30.99613825922805,21254.67,binance_bybit_fixed_venues,partial_multi_exchange_coverage
2022-07-27,10875702783.500856,0,4778535032.223,2735620559.9795,3361547191.298357,43.93771259979949,25.15350607162245,30.908781328578062,22952.45,binance_bybit_fixed_venues,partial_multi_exchange_coverage
2022-07-28,11430736698.907146,0,4937839821.759,2901489189.766,3591407687.3821487,43.19791411371666,25.383221276047774,31.418864610235588,23842.93,binance_bybit_fixed_venues,partial_multi_exchange_coverage
2022-07-29,11373529408.39582,0,4941888134.446,2884848891.24,3546792382.719821,43.450787851288716,25.364588138405253,31.184624010393957,23773.75,binance_bybit_fixed_venues,partial_multi_exchange_coverage
2022-07-30,14027717849.85,0,6533109246.86,3630440823.75,3864167779.24,46.57285894,25.88048079,27.54666027,23643.51,coinalyze_current_universe,high_with_survivorship_caveat
2022-07-31,13784546447.24,0,6328194133.72,3675406269.4,3780946044.12,45.90788792,26.66323686,27.42887522,23293.32,coinalyze_current_universe,high_with_survivorship_caveat
2022-08-01,13590283238.29,0,6289531304.02,3535208396.5,3765543537.77,46.279619,26.01276467,27.70761633,23268.01,coinalyze_current_universe,high_with_survivorship_caveat
2022-08-02,13254659827.52,0,6156343358.39,3458568629.73,3639747839.41,46.44663415,26.09322815,27.46013769,22987.79,coinalyze_current_universe,high_with_survivorship_caveat
2022-08-03,13578341690.76,0,6312254425.96,3497623041.33,3768464223.48,46.48766815,25.75883802,27.75349383,22818.37,coinalyze_current_universe,high_with_survivorship_caveat
2022-08-04,13561833249.33,0,6179599998.75,3554977709.45,3827255541.13,45.56611105,26.21310588,28.22078307,22622.98,coinalyze_current_universe,high_with_survivorship_caveat
2022-08-05,14238826032.4,0,6131073677.78,4008717539.22,4099034815.4,43.05884252,28.15342733,28.78773015,23312.42,coinalyze_current_universe,high_with_survivorship_caveat
2022-08-06,14370128037.47,0,6232780384.57,4018235938.83,4119111714.07,43.37317224,27.96242266,28.6644051,22954.21,coinalyze_current_universe,high_with_survivorship_caveat
2022-08-07,14420471201.64,0,6259310758.2,3955331530.93,4205828912.5,43.40572975,27.42858729,29.16568296,23174.39,coinalyze_current_universe,high_with_survivorship_caveat
2022-08-08,15173546897.97,0,6685882018.53,4249154021.41,4238510858.03,44.06274989,28.0036965,27.93355361,23810,coinalyze_current_universe,high_with_survivorship_caveat
2022-08-09,14589355375.25,0,6584171408.55,3938484612.14,4066699354.56,45.12996797,26.99560406,27.87442796,23149.95,coinalyze_current_universe,high_with_survivorship_caveat
2022-08-10,15098339982.19,0,6404701924.09,4405569411.88,4288068646.22,42.41990796,29.17916418,28.40092786,23954.05,coinalyze_current_universe,high_with_survivorship_caveat
2022-08-11,15513868749.99,0,6576153751.33,4592145961.12,4345569037.54,42.38887061,29.60026306,28.01086633,23934.39,coinalyze_current_universe,high_with_survivorship_caveat
2022-08-12,15844041170.89,0,6710778972.41,4720425741.1,4412836457.39,42.35522301,29.79306662,27.85171037,24403.68,coinalyze_current_universe,high_with_survivorship_caveat
2022-08-13,16135569844.24,0,6862828284.3,4835035670.13,4437705889.8,42.53229573,29.9650754,27.50262887,24441.38,coinalyze_current_universe,high_with_survivorship_caveat
2022-08-14,15641154096.47,0,6716587376.38,4539969800.43,4384596919.67,42.94176334,29.02579805,28.03243861,24305.24,coinalyze_current_universe,high_with_survivorship_caveat
2022-08-15,15264754103.63,0,6510438614.26,4486970679.96,4267344809.42,42.6501375,29.39432008,27.95554242,24094.82,coinalyze_current_universe,high_with_survivorship_caveat
2022-08-16,15290871242.65,0,6538576474.87,4386056246.93,4366238520.85,42.76130752,28.68414871,28.55454376,23854.74,coinalyze_current_universe,high_with_survivorship_caveat
2022-08-17,15290238998.71,0,6840887935.9,4301021832.98,4148329229.83,44.74022896,28.12919951,27.13057154,23342.66,coinalyze_current_universe,high_with_survivorship_caveat
2022-08-18,15155298000.99,0,6790679026.26,4407450714.83,3957168259.9,44.80729462,29.08191389,26.11079148,23191.2,coinalyze_current_universe,high_with_survivorship_caveat
2022-08-19,13049318941.8,0,5963479482.47,3594580155.21,3491259304.12,45.69954577,27.54611311,26.75434112,20834.39,coinalyze_current_universe,high_with_survivorship_caveat
2022-08-20,13055100226.97,0,5987294778.13,3622121475.69,3445683973.15,45.8617297,27.74487681,26.39339349,21140.07,coinalyze_current_universe,high_with_survivorship_caveat
2022-08-21,13218646221.85,0,6058492898.05,3612320002.46,3547833321.35,45.83293021,27.32745806,26.83961173,21515.61,coinalyze_current_universe,high_with_survivorship_caveat
2022-08-22,13531164159.31,0,6039466942.74,3885553502.36,3606143714.21,44.63375709,28.71558911,26.65065379,21399.83,coinalyze_current_universe,high_with_survivorship_caveat
2022-08-23,13696224346.13,0,6082214751.08,3897606937.93,3716402657.11,44.40796673,28.45752844,27.13450483,21529.12,coinalyze_current_universe,high_with_survivorship_caveat
2022-08-24,13653043795.17,0,6062524041.02,3946252944.8,3644266809.34,44.40419391,28.90383276,26.69197334,21368.08,coinalyze_current_universe,high_with_survivorship_caveat
2022-08-25,13987929612.11,0,6088171371.31,4205362588.88,3694395651.93,43.52446388,30.0642247,26.41131143,21559.04,coinalyze_current_universe,high_with_survivorship_caveat
2022-08-26,13032103241.89,0,6075573567.9,3615501087.04,3341028586.95,46.62005399,27.74303595,25.63691006,20241.05,coinalyze_current_universe,high_with_survivorship_caveat
2022-08-27,13184472190.65,0,6145110459.34,3654061562.09,3385300169.21,46.60869522,27.71488695,25.67641784,20037.6,coinalyze_current_universe,high_with_survivorship_caveat
2022-08-28,12981684945.69,0,6048766324.86,3593730252.14,3339188368.69,46.59461657,27.68308018,25.72230325,19555.61,coinalyze_current_universe,high_with_survivorship_caveat
2022-08-29,13658270637.64,0,6199082202.98,3932541727.98,3526646706.67,45.3870213,28.79238399,25.82059472,20285.73,coinalyze_current_universe,high_with_survivorship_caveat
2022-08-30,13185992462.56,0,6099285545.03,3712666658.94,3374040258.59,46.25579426,28.15614122,25.58806452,19811.66,coinalyze_current_universe,high_with_survivorship_caveat
2022-08-31,12937794889.82,0,5815253250.63,3738126019.95,3384415619.24,44.94779288,28.89306912,26.159138,20050.02,coinalyze_current_universe,high_with_survivorship_caveat
2022-09-01,13402613241.01,0,6063824075.71,3860543103.85,3478246061.46,45.24359516,28.80440579,25.95199905,20131.46,coinalyze_current_universe,high_with_survivorship_caveat
2022-09-02,13180675188.25,0,5942086478.09,3769007976.1,3469580734.05,45.08180646,28.59495377,26.32323978,19951.86,coinalyze_current_universe,high_with_survivorship_caveat
2022-09-03,13722064275.49,0,6313171339.32,3800474766.48,3608418169.7,46.0074462,27.69608632,26.29646748,19831.9,coinalyze_current_universe,high_with_survivorship_caveat
2022-09-04,13833338156.35,0,6268462771,3843257410.69,3721617974.67,45.31417291,27.78257401,26.90325309,20000.3,coinalyze_current_universe,high_with_survivorship_caveat
2022-09-05,14187997018.44,0,6414385499.97,3929201692.32,3844409826.15,45.20994395,27.69384352,27.09621253,19796.84,coinalyze_current_universe,high_with_survivorship_caveat
2022-09-06,13259434495.13,0,6259192999.92,3625796778.22,3374444716.99,47.20558032,27.3450333,25.44938638,18790.61,coinalyze_current_universe,high_with_survivorship_caveat
2022-09-07,13297852955.2,0,6085644305.86,3757201493.6,3455007155.74,45.76411189,28.25419642,25.98169169,19292.84,coinalyze_current_universe,high_with_survivorship_caveat
2022-09-08,13623737001.84,0,6081296965.83,3937369468.98,3605070567.03,44.63750999,28.90080356,26.46168644,19319.77,coinalyze_current_universe,high_with_survivorship_caveat
2022-09-09,14606187815.43,0,6790236579.95,4031999594.56,3783951640.92,46.48876672,27.60473606,25.90649722,21360.11,coinalyze_current_universe,high_with_survivorship_caveat
2022-09-10,14918642046.7,0,6912711510.48,4190154247.57,3815776288.65,46.33606389,28.08670008,25.57723603,21648.34,coinalyze_current_universe,high_with_survivorship_caveat
2022-09-11,14960507835.68,0,7069644509.21,4150668494.3,3740194832.17,47.25537787,27.74416845,25.00045368,21826.87,coinalyze_current_universe,high_with_survivorship_caveat
2022-09-12,15075631489.76,0,7303771346.75,4012980235.36,3758879907.65,48.44753171,26.618986,24.93348229,22395.74,coinalyze_current_universe,high_with_survivorship_caveat
2022-09-13,13066192722.52,0,6046042391.22,3643256574.7,3376893756.61,46.27241094,27.88307698,25.84451208,20173.57,coinalyze_current_universe,high_with_survivorship_caveat
2022-09-14,13350920286.32,0,5970424286.15,3846314015.67,3534181984.5,44.71919657,28.80935496,26.47144847,20226.71,coinalyze_current_universe,high_with_survivorship_caveat
2022-09-15,12890513123.48,0,5981365789.24,3481650346.67,3427496987.58,46.40130096,27.00940074,26.58929831,19701.88,coinalyze_current_universe,high_with_survivorship_caveat
2022-09-16,13146356668.65,0,6106864960.23,3451114537.66,3588377170.77,46.45290794,26.25149024,27.29560182,19803.3,coinalyze_current_universe,high_with_survivorship_caveat
2022-09-17,13552574640.97,0,6251663106.04,3534721167.51,3766190367.42,46.12897012,26.08154732,27.78948257,20113.62,coinalyze_current_universe,high_with_survivorship_caveat
2022-09-18,12786168588.84,0,6080342470.62,3324359811.72,3381466306.5,47.55406147,25.99965571,26.44628282,19416.18,coinalyze_current_universe,high_with_survivorship_caveat
2022-09-19,12638279661.42,0,5801070975.29,3282584503.68,3554624182.44,45.90079608,25.97334916,28.12585477,19537.02,coinalyze_current_universe,high_with_survivorship_caveat
2022-09-20,12469338668.34,0,5710596788.28,3204036407.2,3554705472.86,45.79711034,25.69531947,28.50757019,18875,coinalyze_current_universe,high_with_survivorship_caveat
2022-09-21,12078231199.79,0,5565774404.16,3139054654.63,3373402141,46.08103879,25.98935724,27.92960397,18461.36,coinalyze_current_universe,high_with_survivorship_caveat
2022-09-22,12837785551.12,0,5893270522.49,3170618024.89,3773897003.75,45.90566262,24.69754626,29.39679113,19401.63,coinalyze_current_universe,high_with_survivorship_caveat
2022-09-23,12735650021.49,0,5813514457.66,3159145988.3,3762989575.53,45.64756764,24.80553394,29.54689842,19289.91,coinalyze_current_universe,high_with_survivorship_caveat
2022-09-24,12728336624.01,0,5820180397.56,3181861829.19,3726294397.26,45.7261665,24.99825329,29.27558021,18920.5,coinalyze_current_universe,high_with_survivorship_caveat
2022-09-25,12698084715.74,0,5856635840.08,3168623249.14,3672825626.52,46.12219851,24.9535526,28.92424888,18807.38,coinalyze_current_universe,high_with_survivorship_caveat
2022-09-26,13218069226.96,0,6070128231.1,3341320933.52,3806620062.34,45.92295688,25.27843421,28.79860891,19227.82,coinalyze_current_universe,high_with_survivorship_caveat
2022-09-27,13096491727.15,0,6084131087.45,3337707168.8,3674653470.9,46.45619006,25.48550588,28.05830407,19079.13,coinalyze_current_universe,high_with_survivorship_caveat
2022-09-28,13252708301.99,0,6224747646.49,3319182965.72,3708777689.78,46.96962692,25.04531821,27.98505487,19412.82,coinalyze_current_universe,high_with_survivorship_caveat
2022-09-29,13214774859.01,0,6193658563.04,3228876096.89,3792240199.08,46.86919474,24.43383358,28.69697168,19591.51,coinalyze_current_universe,high_with_survivorship_caveat
2022-09-30,13109121335.95,0,6073808764.82,3268012560.66,3767300010.46,46.33269164,24.92930286,28.7380055,19422.61,coinalyze_current_universe,high_with_survivorship_caveat
2022-10-01,13356774489.41,0,6141105892.16,3370051027.6,3845617569.66,45.97746183,25.23102438,28.79151379,19310.95,coinalyze_current_universe,high_with_survivorship_caveat
2022-10-02,13270798137.12,0,6119385960.67,3401997742.1,3749414434.34,46.11166486,25.63521581,28.25311933,19056.8,coinalyze_current_universe,high_with_survivorship_caveat
2022-10-03,13751919481.8,0,6492212052.93,3379072051.39,3880635377.49,47.20949727,24.5716393,28.21886343,19629.08,coinalyze_current_universe,high_with_survivorship_caveat
2022-10-04,15287717112.22,0,7598218265.74,3631535855.49,4057962991,49.70145778,23.75459873,26.54394349,20337.82,coinalyze_current_universe,high_with_survivorship_caveat
2022-10-05,14704516949.7,0,7230689474.85,3439041959.01,4034785515.84,49.17325404,23.3876568,27.43908916,20158.26,coinalyze_current_universe,high_with_survivorship_caveat
2022-10-06,14700068782.06,0,7147541596.27,3546860621.98,4005666563.81,48.62250444,24.12819065,27.24930491,19960.67,coinalyze_current_universe,high_with_survivorship_caveat
2022-10-07,14553620388.38,0,6940714591.2,3498893045.23,4114012751.96,47.69063921,24.04139281,28.26796798,19530.09,coinalyze_current_universe,high_with_survivorship_caveat
2022-10-08,14461273940.18,0,6876197830.85,3456508158.85,4128567950.47,47.54904623,23.9018234,28.54913037,19417.96,coinalyze_current_universe,high_with_survivorship_caveat
2022-10-09,14755781850.9,0,6986949068.69,3514176193.71,4254656588.5,47.35058528,23.81558788,28.83382684,19439.02,coinalyze_current_universe,high_with_survivorship_caveat
2022-10-10,14658579022.35,0,7070029075.65,3650923247.59,3937626699.11,48.23133992,24.90639265,26.86226743,19131.87,coinalyze_current_universe,high_with_survivorship_caveat
2022-10-11,14946329581.18,0,7396013475.75,3694383222.19,3855932883.24,49.48381096,24.71766197,25.79852707,19060,coinalyze_current_universe,high_with_survivorship_caveat
2022-10-12,15001898144.12,0,7329522264.48,3729450905.04,3942924974.6,48.85729922,24.85986019,26.28284059,19155.53,coinalyze_current_universe,high_with_survivorship_caveat
2022-10-13,14890050653.06,0,7510806848.49,3628423381.92,3750820422.66,50.44178172,24.36810637,25.19011191,19375.13,coinalyze_current_universe,high_with_survivorship_caveat
2022-10-14,14650567610.37,0,7301928717.32,3628973710.32,3719665182.72,49.84058578,24.77019189,25.38922233,19176.93,coinalyze_current_universe,high_with_survivorship_caveat
2022-10-15,14602559665.39,0,7306430526.42,3550013374.4,3746115764.57,50.03527254,24.31089792,25.65382954,19069.39,coinalyze_current_universe,high_with_survivorship_caveat
2022-10-16,14537612482.77,0,7181414314.49,3590849043.73,3765349124.55,49.3988564,24.7004042,25.9007394,19262.98,coinalyze_current_universe,high_with_survivorship_caveat
2022-10-17,15455676310.74,0,7717348334.68,3838944624.84,3899383351.23,49.93212966,24.83841242,25.22945792,19549.86,coinalyze_current_universe,high_with_survivorship_caveat
2022-10-18,15072186018.43,0,7496921813.05,3727019945.43,3848244259.94,49.74010939,24.72779954,25.53209107,19327.44,coinalyze_current_universe,high_with_survivorship_caveat
2022-10-19,15172441163.48,0,7576818882.19,3768855859.84,3826766421.46,49.93803436,24.84014154,25.2218241,19123.97,coinalyze_current_universe,high_with_survivorship_caveat
2022-10-20,15352295241.87,0,7713820972,3812344441.56,3826129828.3,50.2453923,24.83240702,24.92220067,19041.92,coinalyze_current_universe,high_with_survivorship_caveat
2022-10-21,15216068623.61,0,7479651469.73,3824714795.61,3911702358.27,49.15626799,25.13602488,25.70770713,19164.37,coinalyze_current_universe,high_with_survivorship_caveat
2022-10-22,15549507625.41,0,7484958696.39,4049897600.81,4014651328.21,48.1363068,26.04518226,25.81851095,19204.35,coinalyze_current_universe,high_with_survivorship_caveat
2022-10-23,16090264616.71,0,7751431110.03,4287428845.25,4051404661.43,48.17466521,26.64610525,25.17922954,19570.4,coinalyze_current_universe,high_with_survivorship_caveat
2022-10-24,15423182724.49,0,7314887630.81,4072790539.94,4035504553.73,47.42787375,26.40693956,26.16518669,19329.72,coinalyze_current_universe,high_with_survivorship_caveat
2022-10-25,16540120545.75,0,8070651497.84,4376448935.32,4093020112.59,48.79439346,26.45959516,24.74601138,20080.07,coinalyze_current_universe,high_with_survivorship_caveat
2022-10-26,17118290047.39,0,8278332532.45,4622645935.71,4217311579.23,48.35957628,27.00413372,24.63629,20771.59,coinalyze_current_universe,high_with_survivorship_caveat
2022-10-27,16157778920.82,0,7690912280.83,4418469160.1,4048397479.88,47.59882109,27.34577061,25.05540829,20295.11,coinalyze_current_universe,high_with_survivorship_caveat
2022-10-28,16382130528.04,0,7591931529.7,4433872292.4,4356326705.94,46.34276059,27.06529706,26.59194235,20591.84,coinalyze_current_universe,high_with_survivorship_caveat
2022-10-29,16886610851.44,0,7783744009.56,4663481878.13,4439384963.75,46.09417531,27.61644666,26.28937803,20809.67,coinalyze_current_universe,high_with_survivorship_caveat
2022-10-30,16493535801.35,0,7491252427.72,4573305229.48,4428978144.15,45.41932378,27.72786433,26.8528119,20627.48,coinalyze_current_universe,high_with_survivorship_caveat
2022-10-31,16182280191.23,0,7233038190.24,4424770624.35,4524471376.63,44.69727446,27.34330745,27.9594181,20490.74,coinalyze_current_universe,high_with_survivorship_caveat
2022-11-01,16296096789.57,0,7218457313.52,4423260538.19,4654378937.86,44.29562126,27.14306742,28.56131132,20483.62,coinalyze_current_universe,high_with_survivorship_caveat
2022-11-02,15652466004.99,0,7034675745.23,4203058064.51,4414732195.25,44.94292301,26.85236986,28.20470713,20151.84,coinalyze_current_universe,high_with_survivorship_caveat
2022-11-03,15769646365.33,0,7091428208.99,4035426835.3,4642791321.04,44.9688474,25.58983722,29.44131538,20207.82,coinalyze_current_universe,high_with_survivorship_caveat
2022-11-04,17171583323.63,0,7688835896.94,4480429353.53,5002318073.16,44.77651101,26.0921155,29.1313735,21148.52,coinalyze_current_universe,high_with_survivorship_caveat
2022-11-05,17432579541.62,0,7959922067.04,4436224552.3,5036432922.28,45.66118312,25.44789508,28.8909218,21299.37,coinalyze_current_universe,high_with_survivorship_caveat
2022-11-06,16472281087.49,0,7572791420.69,4198221512.56,4701268154.24,45.97293708,25.48658252,28.54048039,20905.58,coinalyze_current_universe,high_with_survivorship_caveat
2022-11-07,16018414245.45,0,7264170373.25,4126046879.7,4628196992.5,45.34887325,25.75814819,28.89297855,20591.13,coinalyze_current_universe,high_with_survivorship_caveat
2022-11-08,12619667124.6,0,6007406574.81,3146550336.99,3465710212.8,47.60352643,24.93370313,27.46277044,18547.23,coinalyze_current_universe,high_with_survivorship_caveat
2022-11-09,11702304706.85,0,5677083921.48,3123037443.34,2902183342.03,48.51252863,26.68737075,24.80010062,15922.81,coinalyze_current_universe,high_with_survivorship_caveat
2022-11-10,11967595504.1,0,5623474351.4,3357115150.95,2987006001.75,46.98917464,28.05170972,24.95911564,17601.15,coinalyze_current_universe,high_with_survivorship_caveat
2022-11-11,11421960841.72,0,5407368335.91,3165166503.96,2849426001.85,47.34185672,27.71123582,24.94690746,17070.31,coinalyze_current_universe,high_with_survivorship_caveat
2022-11-12,11158563099.52,0,5336759909.32,3086529952.98,2735273237.22,47.82658718,27.66063986,24.51277295,16812.08,coinalyze_current_universe,high_with_survivorship_caveat
2022-11-13,11008103770.38,0,5249242375.49,3022648779.47,2736212615.43,47.6852552,27.45839649,24.85634831,16329.85,coinalyze_current_universe,high_with_survivorship_caveat
2022-11-14,10853882498.16,0,5103136753.08,2958461347.13,2792284397.95,47.01669429,27.25717132,25.72613439,16619.46,coinalyze_current_universe,high_with_survivorship_caveat
2022-11-15,11103663981.99,0,5286718633.26,3020043674.01,2796901674.73,47.6123795,27.19862272,25.18899779,16900.57,coinalyze_current_universe,high_with_survivorship_caveat
2022-11-16,11217429548.05,0,5301585312.6,3110295986.38,2805548249.08,47.26203352,27.72735031,25.01061618,16662.76,coinalyze_current_universe,high_with_survivorship_caveat
2022-11-17,11437745975.52,0,5419657743.05,3110141285.13,2907946947.34,47.38396669,27.19190732,25.42412599,16692.56,coinalyze_current_universe,high_with_survivorship_caveat
2022-11-18,11609640178.15,0,5402740524.66,3141444755.3,3065454898.19,46.53667505,27.05893298,26.40439196,16700.45,coinalyze_current_universe,high_with_survivorship_caveat
2022-11-19,11629792051.35,0,5395333202.17,3145502848.99,3088956000.19,46.39234458,27.04693975,26.56071567,16700.68,coinalyze_current_universe,high_with_survivorship_caveat
2022-11-20,11278894274.13,0,5347146315.96,3095686937.02,2836061021.16,47.40842662,27.4467236,25.14484977,16280.23,coinalyze_current_universe,high_with_survivorship_caveat
2022-11-21,11198657442.78,0,5332634144.89,3093366847.93,2772656449.96,47.61851295,27.62265802,24.75882903,15781.29,coinalyze_current_universe,high_with_survivorship_caveat
2022-11-22,11818564357.91,0,5479468856.89,3247673861.62,3091421639.4,46.36323576,27.47942782,26.15733642,16226.94,coinalyze_current_universe,high_with_survivorship_caveat
2022-11-23,12066972481.52,0,5508060500.89,3281235464.07,3277676516.56,45.64575339,27.19186995,27.16237666,16603.11,coinalyze_current_universe,high_with_survivorship_caveat
2022-11-24,12311667487.81,0,5555023237.39,3387739724.14,3368904526.28,45.1199908,27.51649789,27.36351132,16598.95,coinalyze_current_universe,high_with_survivorship_caveat
2022-11-25,12346271337.84,0,5576910430.57,3370150223.22,3399210684.05,45.17080727,27.29690715,27.53228559,16522.14,coinalyze_current_universe,high_with_survivorship_caveat
2022-11-26,12516143850.96,0,5597989812.94,3450221640.76,3467932397.26,44.72615431,27.56617119,27.70767449,16458.57,coinalyze_current_universe,high_with_survivorship_caveat
2022-11-27,12544964898.51,0,5623683441.84,3384722077.63,3536559379.04,44.82821185,26.98072179,28.19106636,16428.78,coinalyze_current_universe,high_with_survivorship_caveat
2022-11-28,12141583946.38,0,5464160229.56,3291190188.38,3386233528.44,45.0036853,27.10676138,27.88955332,16212.91,coinalyze_current_universe,high_with_survivorship_caveat
2022-11-29,12850618059.3,0,5631510209.29,3679573456.4,3539534393.61,43.82287438,28.63343568,27.54368994,16442.53,coinalyze_current_universe,high_with_survivorship_caveat
2022-11-30,13275567954.1,0,5799963024.03,3835689891.62,3639915038.46,43.68900106,28.89284967,27.41814927,17163.64,coinalyze_current_universe,high_with_survivorship_caveat
2022-12-01,13471178034.91,0,5834923098.33,4034282343.03,3601972593.54,43.31412652,29.94750966,26.73836382,16977.37,coinalyze_current_universe,high_with_survivorship_caveat
2022-12-02,13680740575.42,0,5813247014.4,4189923484.97,3677570076.05,42.49219538,30.62643767,26.88136695,17092.74,coinalyze_current_universe,high_with_survivorship_caveat
2022-12-03,13172573593.16,0,5777049151.52,3797524972.81,3597999468.83,43.85664738,28.82902833,27.31432429,16885.2,coinalyze_current_universe,high_with_survivorship_caveat
2022-12-04,13293530470.41,0,5979914768.58,3623423956.92,3690191744.91,44.98364661,27.25704782,27.75930557,17105.7,coinalyze_current_universe,high_with_survivorship_caveat
2022-12-05,13025516410.03,0,5780659737.1,3524712722.17,3720143950.76,44.37950524,27.06006128,28.56043349,16966.35,coinalyze_current_universe,high_with_survivorship_caveat
2022-12-06,12955045049.3,0,5590374770.57,3589811435.76,3774858842.98,43.15210599,27.70975649,29.13813753,17088.96,coinalyze_current_universe,high_with_survivorship_caveat
2022-12-07,12787249928.33,0,5513376163.93,3680297473.26,3593576291.15,43.1161993,28.78099274,28.10280796,16836.64,coinalyze_current_universe,high_with_survivorship_caveat
2022-12-08,13055288488.28,0,5653620599.89,3762899090.64,3638768797.75,43.30521386,28.82279541,27.87199073,17224.1,coinalyze_current_universe,high_with_survivorship_caveat
2022-12-09,12887285442.49,0,5574446911.14,3692881257.59,3619957273.76,43.25540034,28.65522979,28.08936987,17128.56,coinalyze_current_universe,high_with_survivorship_caveat
2022-12-10,13022079115.86,0,5615134922.71,3712228046,3694716147.15,43.12011064,28.50718394,28.37270542,17127.49,coinalyze_current_universe,high_with_survivorship_caveat
2022-12-11,12867539477.07,0,5590217114.88,3658426536.07,3618895826.13,43.44433623,28.43143821,28.12422556,17085.05,coinalyze_current_universe,high_with_survivorship_caveat
2022-12-12,12726056822.63,0,5565606523.35,3606056213.87,3554394085.42,43.73394368,28.33600591,27.93005041,17209.83,coinalyze_current_universe,high_with_survivorship_caveat
2022-12-13,13126116344.07,0,5799368010.36,3828189216.41,3498559117.3,44.18190315,29.16467534,26.65342151,17774.7,coinalyze_current_universe,high_with_survivorship_caveat
2022-12-14,13132010523.89,0,5953920664.22,3767600176.11,3410489683.56,45.33898791,28.69020071,25.97081138,17803.15,coinalyze_current_universe,high_with_survivorship_caveat
2022-12-15,13023385592.05,0,5783481884.65,3756911170.27,3482992537.13,44.40843622,28.8474233,26.74414047,17356.34,coinalyze_current_universe,high_with_survivorship_caveat
2022-12-16,11609564452.47,0,5349534202.82,3303252803.07,2956777446.58,46.07868129,28.45285727,25.46846145,16632.12,coinalyze_current_universe,high_with_survivorship_caveat
2022-12-17,11934242598.07,0,5459607251.16,3390953111.5,3083682235.41,45.74741301,28.41364321,25.83894378,16776.52,coinalyze_current_universe,high_with_survivorship_caveat
2022-12-18,11561619708.07,0,5379228270.52,3113177787.59,3069213649.95,46.52659754,26.9268309,26.54657157,16738.21,coinalyze_current_universe,high_with_survivorship_caveat
2022-12-19,11759314553.76,0,5373811837.86,3343499010.78,3042003705.11,45.69834248,28.43277128,25.86888625,16438.88,coinalyze_current_universe,high_with_survivorship_caveat
2022-12-20,11961521397.82,0,5338388175.54,3464738434.21,3158394788.07,44.62967542,28.96570026,26.40462432,16895.56,coinalyze_current_universe,high_with_survivorship_caveat
2022-12-21,12089365616.91,0,5394676616.76,3485618960.62,3209070039.53,44.62332258,28.83210808,26.54456934,16824.67,coinalyze_current_universe,high_with_survivorship_caveat
2022-12-22,12151238107.11,0,5506134247.99,3402514864.03,3242588995.09,45.31335984,28.00138417,26.68525599,16821.43,coinalyze_current_universe,high_with_survivorship_caveat
2022-12-23,12246938514.68,0,5477080853.43,3510625682.74,3259231978.52,44.72204092,28.6653328,26.61262629,16778.5,coinalyze_current_universe,high_with_survivorship_caveat
2022-12-24,12308719058.44,0,5465067458.35,3523368939.07,3320282661.02,44.3999691,28.62498463,26.97504627,16836.12,coinalyze_current_universe,high_with_survivorship_caveat
2022-12-25,12293626404.15,0,5467458977.16,3486477547.2,3339689879.79,44.47393143,28.36004148,27.16602709,16832.11,coinalyze_current_universe,high_with_survivorship_caveat
2022-12-26,12418747763.85,0,5462922515.01,3518145609.89,3437679638.96,43.98931856,28.32931046,27.68137097,16919.39,coinalyze_current_universe,high_with_survivorship_caveat
2022-12-27,12670767128.29,0,5624853996.31,3632495011.38,3413418120.6,44.39237135,28.66831167,26.93931698,16706.36,coinalyze_current_universe,high_with_survivorship_caveat
2022-12-28,12601128311.15,0,5725810387.82,3592452991.67,3282864931.66,45.4388706,28.50897874,26.05215065,16547.31,coinalyze_current_universe,high_with_survivorship_caveat
2022-12-29,12733840879.97,0,5810462372.74,3615806678.25,3307571828.98,45.63008465,28.3952557,25.97465965,16633.47,coinalyze_current_universe,high_with_survivorship_caveat
2022-12-30,12771865448.13,0,5792886323.35,3598707992.96,3380271131.82,45.35661879,28.17683922,26.46654199,16607.48,coinalyze_current_universe,high_with_survivorship_caveat
2022-12-31,12712980130.33,0,5712433407.46,3555986017.1,3444560705.77,44.93386562,27.97130162,27.09483277,16542.4,coinalyze_current_universe,high_with_survivorship_caveat
2023-01-01,13020220197.17,0,5821284566.81,3651660780.89,3547274849.47,44.7095708,28.04607545,27.24435375,16616.75,coinalyze_current_universe,high_with_survivorship_caveat
2023-01-02,12973953475.76,0,5754144750.59,3659857675.57,3559951049.6,44.35151368,28.20927085,27.43921547,16672.87,coinalyze_current_universe,high_with_survivorship_caveat
2023-01-03,13108859103.23,0,5798967416.21,3638378880.66,3671512806.36,44.23701079,27.75511471,28.0078745,16675.18,coinalyze_current_universe,high_with_survivorship_caveat
2023-01-04,13189545151.34,0,5670884670.74,3789814498.64,3728845981.96,42.99530125,28.73347379,28.27122497,16850.36,coinalyze_current_universe,high_with_survivorship_caveat
2023-01-05,13209249234.56,0,5744887388.45,3762792223.24,3701569622.86,43.49139975,28.48604153,28.02255872,16831.85,coinalyze_current_universe,high_with_survivorship_caveat
2023-01-06,13443594055.13,0,5689227389.92,3942221438.54,3812145226.67,42.31924414,29.32416304,28.35659282,16950.65,coinalyze_current_universe,high_with_survivorship_caveat
2023-01-07,13526245276.55,0,5745901287.91,3879479201.55,3900864787.08,42.47964731,28.68112416,28.83922853,16943.57,coinalyze_current_universe,high_with_survivorship_caveat
2023-01-08,13634681450.16,0,5669739676.43,3993460120.2,3971481653.54,41.58322068,29.28898731,29.12779201,17127.83,coinalyze_current_universe,high_with_survivorship_caveat
2023-01-09,13785754144.7,0,5726261610.18,4234791896.58,3824700637.94,41.53752889,30.71860888,27.74386223,17178.26,coinalyze_current_universe,high_with_survivorship_caveat
2023-01-10,14431296549.48,0,6078583464.33,4427832535.51,3924880549.64,42.12084093,30.68215333,27.19700573,17440.66,coinalyze_current_universe,high_with_survivorship_caveat
2023-01-11,14294636204.37,0,5965542467.89,4338690620.48,3990403116,41.73273375,30.35187855,27.91538769,17943.26,coinalyze_current_universe,high_with_survivorship_caveat
2023-01-12,14577591926.55,0,6160911179.92,4395114708.42,4021566038.21,42.26288684,30.1497993,27.58731386,18846.62,coinalyze_current_universe,high_with_survivorship_caveat
2023-01-13,15110019697.02,0,6542279820.92,4382304023.86,4185435852.24,43.29762603,29.00263608,27.6997379,19930.01,coinalyze_current_universe,high_with_survivorship_caveat
2023-01-14,14062576078.54,0,5921571670.21,4068472760.82,4072531647.51,42.10872629,28.93120534,28.96006837,20954.92,coinalyze_current_universe,high_with_survivorship_caveat
2023-01-15,14238224720.78,0,5974434443.22,4134973923.6,4128816353.96,41.96052921,29.04135877,28.99811202,20871.5,coinalyze_current_universe,high_with_survivorship_caveat
2023-01-16,14454393725.69,0,6182240419.09,4270582523.44,4001570783.17,42.7706657,29.54522067,27.68411363,21185.65,coinalyze_current_universe,high_with_survivorship_caveat
2023-01-17,14662954862.93,0,6320137610.2,4300523569.12,4042293683.61,43.10275568,29.32917416,27.56807016,21134.81,coinalyze_current_universe,high_with_survivorship_caveat
2023-01-18,14071096662.83,0,6200209833.9,4187467967.45,3683418861.48,44.06344425,29.75935755,26.17719819,20677.47,coinalyze_current_universe,high_with_survivorship_caveat
2023-01-19,14668335038.42,0,6477416597.79,4318965051.54,3871953389.1,44.15918085,29.44413964,26.39667951,21071.59,coinalyze_current_universe,high_with_survivorship_caveat
2023-01-20,15261162721.76,0,6472967107.43,4486806215.32,4301389399.01,42.41463921,29.40015972,28.18520107,22667.21,coinalyze_current_universe,high_with_survivorship_caveat
2023-01-21,14885320290.2,0,6324445337.14,4376405819.11,4184469133.95,42.4878015,29.40081727,28.11138123,22783.55,coinalyze_current_universe,high_with_survivorship_caveat
2023-01-22,14967316299.99,0,6284857425.47,4351363561.42,4331095313.1,41.99054326,29.07243673,28.93702001,22707.88,coinalyze_current_universe,high_with_survivorship_caveat
2023-01-23,15143054968.7,0,6302900615.58,4341447465.29,4498706887.84,41.62238484,28.66956155,29.70805361,22916.45,coinalyze_current_universe,high_with_survivorship_caveat
2023-01-24,14400976969.97,0,6331707454.58,4000806553.78,4068462961.61,43.9672077,27.78149401,28.2512983,22632.89,coinalyze_current_universe,high_with_survivorship_caveat
2023-01-25,14553140588.98,0,6070964572.81,4062875781.68,4419300234.49,41.71583814,27.91751895,30.36664291,23060.94,coinalyze_current_universe,high_with_survivorship_caveat
2023-01-26,14757169388.65,0,6194462734.75,4063298026.49,4499408627.4,41.97595468,27.53439985,30.48964547,23009.65,coinalyze_current_universe,high_with_survivorship_caveat
2023-01-27,14961812347.31,0,6239453174.82,4042576265.37,4679782907.12,41.7025226,27.01929533,31.27818207,23074.16,coinalyze_current_universe,high_with_survivorship_caveat
2023-01-28,14910397300.04,0,6251159238.75,3978977058.04,4680261003.25,41.92483348,26.68592243,31.38924409,23022.6,coinalyze_current_universe,high_with_survivorship_caveat
2023-01-29,16007619764.27,0,6819835657.79,4269584574.69,4918199531.8,42.60368348,26.67220135,30.72411517,23742.3,coinalyze_current_universe,high_with_survivorship_caveat
2023-01-30,14748726437.85,0,6361563765.01,4017470113.98,4369692558.86,43.1329701,27.23943746,29.62759244,22826.15,coinalyze_current_universe,high_with_survivorship_caveat
2023-01-31,15131011180.82,0,6551855230.81,4005895355.22,4573260594.79,43.30084191,26.4747366,30.22442149,23125.13,coinalyze_current_universe,high_with_survivorship_caveat
2023-02-01,15845958861.61,0,6784522379.28,4292831668.63,4768604813.7,42.81547389,27.09101864,30.09350747,23732.66,coinalyze_current_universe,high_with_survivorship_caveat
2023-02-02,15657055045.55,0,6686229043.15,4226625783.84,4744200218.56,42.70425711,26.99502411,30.30071878,23488.94,coinalyze_current_universe,high_with_survivorship_caveat
2023-02-03,16045301158.56,0,6653173822.76,4385172187.82,5006955147.98,41.46493579,27.32994628,31.20511793,23431.9,coinalyze_current_universe,high_with_survivorship_caveat
2023-02-04,16317534312.16,0,6660944703.39,4581251265.44,5075338343.33,40.82077951,28.07563433,31.10358616,23326.84,coinalyze_current_universe,high_with_survivorship_caveat
2023-02-05,15906627231.5,0,6778570428.37,4338623723.38,4789433079.75,42.61475629,27.27557301,30.10967071,22932.91,coinalyze_current_universe,high_with_survivorship_caveat
2023-02-06,15726026127.23,0,6710211257.25,4344017552.81,4671797317.17,42.66946527,27.62311036,29.70742436,22762.52,coinalyze_current_universe,high_with_survivorship_caveat
2023-02-07,16464675699.75,0,6775770983.95,4596338480.16,5092566235.64,41.1533826,27.91636206,30.93025534,23240.46,coinalyze_current_universe,high_with_survivorship_caveat
2023-02-08,16271555911.09,0,6846592511.93,4491159028.14,4933804371.02,42.07706103,27.60128812,30.32165085,22963,coinalyze_current_universe,high_with_survivorship_caveat
2023-02-09,14608511233.62,0,6332727952.18,4159361297.89,4116421983.55,43.34957787,28.47217784,28.1782443,21796.35,coinalyze_current_universe,high_with_survivorship_caveat
2023-02-10,14623703809.87,0,6345033299.14,4101955820.87,4176714689.85,43.38868854,28.0500472,28.56126426,21625.19,coinalyze_current_universe,high_with_survivorship_caveat
2023-02-11,14935076803.84,0,6406493237.29,4126002955.98,4402580610.56,42.89561628,27.62625871,29.47812501,21862.55,coinalyze_current_universe,high_with_survivorship_caveat
2023-02-12,14619185952.57,0,6310685492.89,4031008927.89,4277491531.8,43.16714702,27.57341579,29.25943719,21783.54,coinalyze_current_universe,high_with_survivorship_caveat
2023-02-13,14752674469.29,0,6368557113.75,4134731715.05,4249385640.49,43.16883103,28.02699757,28.8041714,21773.97,coinalyze_current_universe,high_with_survivorship_caveat
2023-02-14,15135857426.15,0,6597875761.82,4149455914.76,4388525749.57,43.59102743,27.4147397,28.99423287,22199.84,coinalyze_current_universe,high_with_survivorship_caveat
2023-02-15,16243979285.05,0,7216646784.91,4219851792.32,4807480707.82,44.42659436,25.97794369,29.59546195,24324.05,coinalyze_current_universe,high_with_survivorship_caveat
2023-02-16,15270621670.59,0,6899443195.13,3970044287.6,4401134187.86,45.18115466,25.99792185,28.82092349,23517.72,coinalyze_current_universe,high_with_survivorship_caveat
2023-02-17,16098546144.89,0,7139971092.42,4179071566.72,4779503485.75,44.35165156,25.95931042,29.68903802,24569.97,coinalyze_current_universe,high_with_survivorship_caveat
2023-02-18,16555918412.23,0,7335811102.08,4258116503.09,4961990807.06,44.30929725,25.71960309,29.97109966,24631.95,coinalyze_current_universe,high_with_survivorship_caveat
2023-02-19,16409021493.83,0,7205366965.91,4226719043.5,4976935484.42,43.91100937,25.75850757,30.33048306,24271.76,coinalyze_current_universe,high_with_survivorship_caveat
2023-02-20,17145615222.73,0,7489287750.91,4362751827.08,5293575644.74,43.68048421,25.44529182,30.87422397,24842.2,coinalyze_current_universe,high_with_survivorship_caveat
2023-02-21,16821026916.89,0,7437465575.38,4313830823.59,5069730517.91,44.21528847,25.6454665,30.13924502,24452.16,coinalyze_current_universe,high_with_survivorship_caveat
2023-02-22,16524784999.79,0,7270994380.03,4267618028.49,4986172591.26,44.00053846,25.82555857,30.17390297,24182.21,coinalyze_current_universe,high_with_survivorship_caveat
2023-02-23,16379243080.17,0,7189627054.13,4207267452.53,4982348573.5,43.89474543,25.68658046,30.41867411,23940.2,coinalyze_current_universe,high_with_survivorship_caveat
2023-02-24,15916801995.13,0,6960967638.67,4225203977.7,4730630378.76,43.73345626,26.54555845,29.72098528,23185.29,coinalyze_current_universe,high_with_survivorship_caveat
2023-02-25,15873888048.52,0,7062657934.51,4185503470.79,4625726643.22,44.49230027,26.36722306,29.14047667,23157.07,coinalyze_current_universe,high_with_survivorship_caveat
2023-02-26,16036321697.24,0,7055963117.36,4230099298.4,4750259281.48,43.99988508,26.37823921,29.62187571,23554.85,coinalyze_current_universe,high_with_survivorship_caveat
2023-02-27,15810119839.34,0,6882216943.33,4205924118.9,4721978777.11,43.530454,26.60273396,29.86681205,23492.09,coinalyze_current_universe,high_with_survivorship_caveat
2023-02-28,15855063218.8,0,6955993271.47,4264015438.55,4635054508.78,43.87237803,26.89371452,29.23390746,23141.57,coinalyze_current_universe,high_with_survivorship_caveat
2023-03-01,16445004268.95,0,6980201340.95,4480529572.21,4984273355.79,42.44572532,27.24553608,30.30873859,23628.97,coinalyze_current_universe,high_with_survivorship_caveat
2023-03-02,16698382250.6,0,7185429536.79,4534426897.65,4978525816.16,43.03069261,27.1548874,29.81441999,23465.32,coinalyze_current_universe,high_with_survivorship_caveat
2023-03-03,15022268481.62,0,6553046910.49,4077105804.03,4392115767.09,43.62221936,27.14041364,29.237367,22354.34,coinalyze_current_universe,high_with_survivorship_caveat
2023-03-04,14881473148.24,0,6470749566.7,4123196296.41,4287527285.14,43.48191541,27.70690949,28.81117509,22346.57,coinalyze_current_universe,high_with_survivorship_caveat
2023-03-05,14811154175,0,6427166799.17,4052504623.35,4331482752.48,43.39409828,27.36116697,29.24473475,22430.24,coinalyze_current_universe,high_with_survivorship_caveat
2023-03-06,15064056946.47,0,6522894262.82,4081890391.46,4459272292.19,43.30104623,27.09688636,29.60206741,22410,coinalyze_current_universe,high_with_survivorship_caveat
2023-03-07,14972078117.34,0,6439651253.42,4061165360.88,4471261503.03,43.0110717,27.12492768,29.86400063,22197.96,coinalyze_current_universe,high_with_survivorship_caveat
2023-03-08,14727095466.67,0,6397920533.57,4064257934.06,4264916999.05,43.44319318,27.5971453,28.95966152,21705.44,coinalyze_current_universe,high_with_survivorship_caveat
2023-03-09,13536629598.39,0,5823920173.62,3689450488.35,4023258936.42,43.02341385,27.25531094,29.7212752,20362.22,coinalyze_current_universe,high_with_survivorship_caveat
2023-03-10,13091432367.63,0,5662261857.22,3499214912.68,3929955597.73,43.25166031,26.72904549,30.0192942,20150.69,coinalyze_current_universe,high_with_survivorship_caveat
2023-03-11,13080178425.1,0,5482122570.6,3512469129.39,4085586725.11,41.91168035,26.85337321,31.23494644,20455.73,coinalyze_current_universe,high_with_survivorship_caveat
2023-03-12,13349978643.71,0,5429238711.93,3515520435.29,4405219496.49,40.66851983,26.33352853,32.99795164,21997.11,coinalyze_current_universe,high_with_survivorship_caveat
2023-03-13,14422520504.84,0,6276710817.9,3725359427.48,4420450259.46,43.52020727,25.83015518,30.64963754,24113.48,coinalyze_current_universe,high_with_survivorship_caveat
2023-03-14,14506133873.98,0,6310741089.56,3718042859.95,4477349924.47,43.50394905,25.63083239,30.86521856,24670.41,coinalyze_current_universe,high_with_survivorship_caveat
2023-03-15,13945631002.41,0,6209293012.96,3635089212.22,4101248777.23,44.5250058,26.06615084,29.40884336,24285.66,coinalyze_current_universe,high_with_survivorship_caveat
2023-03-16,14483370140.97,0,6574970944.04,3689471487.22,4218927709.7,45.39669207,25.47384657,29.12946137,24998.78,coinalyze_current_universe,high_with_survivorship_caveat
2023-03-17,15893855398.91,0,7417946922.89,3988366880.58,4487541595.44,46.67179068,25.09376599,28.23444333,27395.13,coinalyze_current_universe,high_with_survivorship_caveat
2023-03-18,15517824585.6,0,7306917135.5,3906745804.26,4304161645.84,47.08725179,25.17586007,27.73688813,26907.49,coinalyze_current_universe,high_with_survivorship_caveat
2023-03-19,16225568507.87,0,7813916993.73,3976524060.26,4435127453.89,48.15804753,24.50776414,27.33418833,27972.87,coinalyze_current_universe,high_with_survivorship_caveat
2023-03-20,15759589593.49,0,7727873739.31,3835040649.48,4196675204.7,49.0360088,24.33464797,26.62934323,27717.01,coinalyze_current_universe,high_with_survivorship_caveat
2023-03-21,16267315114.97,0,7723032372.86,4076879587.74,4467403154.37,47.47576547,25.0617853,27.46244923,28105.47,coinalyze_current_universe,high_with_survivorship_caveat
2023-03-22,15330141412.24,0,7229626627.04,3930373689.71,4170141095.49,47.15955602,25.63820896,27.20223502,27250.97,coinalyze_current_universe,high_with_survivorship_caveat
2023-03-23,16179891309.35,0,7409356008.38,4155538586.96,4614996714.01,45.79360805,25.68335292,28.52303904,28295.41,coinalyze_current_universe,high_with_survivorship_caveat
2023-03-24,15277527895.23,0,7007528757.98,3805774198.27,4464224938.98,45.86821118,24.91092947,29.22085935,27454.47,coinalyze_current_universe,high_with_survivorship_caveat
2023-03-25,15314004282.38,0,7010787582.17,3800152576.65,4503064123.57,45.78023783,24.81488516,29.404877,27462.95,coinalyze_current_universe,high_with_survivorship_caveat
2023-03-26,15734338113.16,0,7349823532.44,3787174879.31,4597339701.4,46.71199691,24.06948962,29.21851347,27968.05,coinalyze_current_universe,high_with_survivorship_caveat
2023-03-27,15503257058.99,0,7160350884.8,3824674006.27,4518232167.92,46.18610694,24.67013216,29.14376089,27124.91,coinalyze_current_universe,high_with_survivorship_caveat
2023-03-28,15994149896.31,0,7318070365.9,3952792697.24,4723286833.17,45.75466913,24.71399057,29.5313403,27261.07,coinalyze_current_universe,high_with_survivorship_caveat
2023-03-29,16724226100.63,0,7783731289.41,4023990634.95,4916504176.26,46.54165306,24.06084808,29.39749885,28348.6,coinalyze_current_universe,high_with_survivorship_caveat
2023-03-30,16119979516.57,0,7406090799.15,3892325872.75,4821562844.68,45.94354969,24.14597282,29.91047749,28028.53,coinalyze_current_universe,high_with_survivorship_caveat
2023-03-31,17013961557.9,0,7617724695.58,4340106267.38,5056130594.95,44.77337432,25.50908707,29.71753861,28465.36,coinalyze_current_universe,high_with_survivorship_caveat
2023-04-01,16952038008.22,0,7590885306.7,4273202425.79,5087950275.72,44.77860009,25.20760291,30.013797,28452.73,coinalyze_current_universe,high_with_survivorship_caveat
2023-04-02,16558506297.41,0,7498161185.18,4128036119.4,4932308992.82,45.2828356,24.93000302,29.78716138,28171.87,coinalyze_current_universe,high_with_survivorship_caveat
2023-04-03,15943194736.27,0,6982281470.63,4042802373.06,4918110892.58,43.79474494,25.35754245,30.84771261,27800,coinalyze_current_universe,high_with_survivorship_caveat
2023-04-04,17173754566.32,0,7194920594.77,4838077185.17,5140756786.38,41.89486095,28.1713423,29.93379675,28165.47,coinalyze_current_universe,high_with_survivorship_caveat
2023-04-05,17312203510.65,0,7139737302.9,4925410047.92,5247056159.83,41.24106616,28.45050917,30.30842467,28170.01,coinalyze_current_universe,high_with_survivorship_caveat
2023-04-06,17010430053.05,0,7258478237.16,4564059238.38,5187892577.51,42.67075091,26.83094563,30.49830346,28033.82,coinalyze_current_universe,high_with_survivorship_caveat
2023-04-07,17118239414.57,0,7358525813.49,4516494251.22,5243219349.86,42.98646394,26.38410494,30.62943112,27906.33,coinalyze_current_universe,high_with_survivorship_caveat
2023-04-08,17098683760.15,0,7346975659.72,4548122705.04,5203585395.38,42.96807733,26.59925623,30.43266645,27938.38,coinalyze_current_universe,high_with_survivorship_caveat
2023-04-09,17137780617,0,7501339603.55,4405983677.74,5230457335.72,43.77077622,25.70918473,30.52003904,28323.76,coinalyze_current_universe,high_with_survivorship_caveat
2023-04-10,18509606433.56,0,8592911250.88,4487125208.14,5429569974.54,46.42406245,24.24214272,29.33379483,29637.34,coinalyze_current_universe,high_with_survivorship_caveat
2023-04-11,18616214718.75,0,8653882815.68,4421230000.55,5541101902.52,46.48572734,23.74935006,29.7649226,30200.42,coinalyze_current_universe,high_with_survivorship_caveat
2023-04-12,18895202664.8,0,8586473308.65,4888400471.84,5420328884.31,45.44261028,25.87111956,28.68627016,29888.07,coinalyze_current_universe,high_with_survivorship_caveat
2023-04-13,20591891788.22,0,8719569800.35,5949206896.96,5923115090.91,42.34467571,28.89101671,28.76430758,30373.84,coinalyze_current_universe,high_with_survivorship_caveat
2023-04-14,19874259237.47,0,8124849831.19,5590503967.1,6158905439.18,40.88127127,28.12937026,30.98935847,30466.93,coinalyze_current_universe,high_with_survivorship_caveat
2023-04-15,20160266723.4,0,8140629899.53,5697182338.54,6322454485.33,40.37957439,28.25945915,31.36096646,30295.09,coinalyze_current_universe,high_with_survivorship_caveat
2023-04-16,20315980394.43,0,8056302572.63,5680419935.24,6579257886.56,39.65500269,27.9603535,32.38464381,30304.65,coinalyze_current_universe,high_with_survivorship_caveat
2023-04-17,19912055319.45,0,7930219041.45,5563493674.22,6418342603.78,39.82622042,27.94032853,32.23345105,29430.27,coinalyze_current_universe,high_with_survivorship_caveat
2023-04-18,20338563423.49,0,8124176953.96,5519354084.26,6695032385.27,39.94469415,27.13738414,32.91792171,30380.01,coinalyze_current_universe,high_with_survivorship_caveat
2023-04-19,17703008930.08,0,7502620290.26,4718088765.49,5482299874.33,42.38048074,26.65133811,30.96818115,28797.1,coinalyze_current_universe,high_with_survivorship_caveat
2023-04-20,17605983238.3,0,7544490692.58,4730877624.92,5330614920.81,42.85185661,26.87085158,30.27729181,28243.65,coinalyze_current_universe,high_with_survivorship_caveat
2023-04-21,16777796024.73,0,7305285219.33,4444583464.78,5027927340.62,43.54138773,26.49086601,29.96774626,27262.84,coinalyze_current_universe,high_with_survivorship_caveat
2023-04-22,17331918605.16,0,7573366606.54,4543242991.28,5215309007.34,43.69606608,26.21315675,30.09077717,27816.85,coinalyze_current_universe,high_with_survivorship_caveat
2023-04-23,16727983709.78,0,7353631341.49,4406606470.55,4967745897.73,43.960058,26.34272335,29.69721865,27590.6,coinalyze_current_universe,high_with_survivorship_caveat
2023-04-24,16668578938.45,0,7298696999.52,4431320183.63,4938561755.3,43.78715802,26.58487085,29.62797113,27510.93,coinalyze_current_universe,high_with_survivorship_caveat
2023-04-25,17200599260.19,0,7551708178.13,4537216076.3,5111675005.76,43.90375047,26.3782442,29.71800533,28300.79,coinalyze_current_universe,high_with_survivorship_caveat
2023-04-26,15813129217.91,0,6879480928.32,4195672908.83,4737975380.76,43.50486759,26.53284401,29.9622884,28415.29,coinalyze_current_universe,high_with_survivorship_caveat
2023-04-27,16800401747.51,0,7448087647.9,4345802308.94,5006511790.67,44.33279489,25.86725231,29.7999528,29472.77,coinalyze_current_universe,high_with_survivorship_caveat
2023-04-28,17064455737.64,0,7558111541.33,4411637363.02,5094706833.29,44.29154763,25.85278682,29.85566555,29311.7,coinalyze_current_universe,high_with_survivorship_caveat
2023-04-29,17183566164.53,0,7566129990.06,4453796206.5,5163639967.97,44.0311977,25.91892838,30.04987392,29230.45,coinalyze_current_universe,high_with_survivorship_caveat
2023-04-30,16893538184.97,0,7440449695.14,4383928517.45,5069159972.38,44.04316972,25.95032769,30.00650259,29233.21,coinalyze_current_universe,high_with_survivorship_caveat
2023-05-01,16860274491.89,0,7344369750.3,4480580374.5,5035324367.09,43.56020273,26.57477716,29.86502011,28068.26,coinalyze_current_universe,high_with_survivorship_caveat
2023-05-02,17258090707.7,0,7541745822.92,4597117769.06,5119227115.71,43.69976929,26.6374644,29.66276631,28669.86,coinalyze_current_universe,high_with_survivorship_caveat
2023-05-03,17180557453.41,0,7411365656.4,4625626685.65,5143565111.37,43.13809768,26.92361233,29.93828998,29026.16,coinalyze_current_universe,high_with_survivorship_caveat
2023-05-04,17391459568.68,0,7600079063.45,4580344594.36,5211035910.87,43.70006458,26.33674636,29.96318906,28838.16,coinalyze_current_universe,high_with_survivorship_caveat
2023-05-05,18488185209.07,0,7871427687.12,5264647540.58,5352109981.37,42.57544804,28.47573994,28.94881202,29505.61,coinalyze_current_universe,high_with_survivorship_caveat
2023-05-06,17332724800.23,0,7466753887.58,4722234340.87,5143736571.78,43.07893868,27.24461615,29.67644517,28848.2,coinalyze_current_universe,high_with_survivorship_caveat
2023-05-07,17095100814.19,0,7438977942.41,4526860571.74,5129262300.04,43.5152622,26.48045555,30.00428225,28430.1,coinalyze_current_universe,high_with_survivorship_caveat
2023-05-08,16754841558.63,0,7651089012.15,4528298172.98,4575454373.5,45.66494398,27.02680391,27.30825211,27668.79,coinalyze_current_universe,high_with_survivorship_caveat
2023-05-09,16924963010.29,0,7684882138.35,4557164824.81,4682916047.13,45.4056067,26.92570035,27.66869295,27628.27,coinalyze_current_universe,high_with_survivorship_caveat
2023-05-10,16353396232.47,0,7223368405.14,4506092267.59,4623935559.74,44.17044816,27.55447372,28.27507812,27598.75,coinalyze_current_universe,high_with_survivorship_caveat
2023-05-11,16882520675.09,0,7565027393.06,4680149543.52,4637343738.52,44.80982158,27.72186472,27.46831369,26968.62,coinalyze_current_universe,high_with_survivorship_caveat
2023-05-12,16526638142.14,0,7288527268.7,4516513002.83,4721597870.6,44.10169331,27.32868575,28.56962094,26795.01,coinalyze_current_universe,high_with_survivorship_caveat
2023-05-13,16590670321.27,0,7331614789.07,4537040196.26,4722015335.94,44.19119087,27.34693721,28.46187191,26775.28,coinalyze_current_universe,high_with_survivorship_caveat
2023-05-14,16797913978.7,0,7429523283.06,4540427589.32,4827963106.32,44.22884468,27.02971092,28.7414444,26917.62,coinalyze_current_universe,high_with_survivorship_caveat
2023-05-15,17060449294.46,0,7584693822.9,4515894914.02,4959860557.53,44.45776129,26.46996475,29.07227396,27162.14,coinalyze_current_universe,high_with_survivorship_caveat
2023-05-16,17331669369.77,0,7641523423.86,4569691493.84,5120454452.06,44.0899446,26.36613587,29.54391953,27033.84,coinalyze_current_universe,high_with_survivorship_caveat
2023-05-17,17438052595.05,0,7664499123.38,4537451704.62,5236101767.06,43.95272397,26.02040383,30.0268722,27405.61,coinalyze_current_universe,high_with_survivorship_caveat
2023-05-18,17011593501.56,0,7395981897.49,4522937624.93,5092673979.14,43.47612642,26.58738362,29.93648995,26821.28,coinalyze_current_universe,high_with_survivorship_caveat
2023-05-19,17050815375.08,0,7369236918.65,4503875014.82,5177703441.61,43.21926404,26.41442603,30.36630993,26880.26,coinalyze_current_universe,high_with_survivorship_caveat
2023-05-20,17286268414.05,0,7510715038.41,4535333425.68,5240219949.96,43.44902473,26.23662503,30.31435024,27102.43,coinalyze_current_universe,high_with_survivorship_caveat
2023-05-21,17215935095.98,0,7485632543.33,4578175136.34,5152127416.32,43.48083622,26.59266029,29.92650348,26747.78,coinalyze_current_universe,high_with_survivorship_caveat
2023-05-22,17480079958.65,0,7501924947.85,4693305909.47,5284849101.33,42.91699446,26.84945332,30.23355221,26849.27,coinalyze_current_universe,high_with_survivorship_caveat
2023-05-23,17982413663.62,0,7711485683.61,4931407325.15,5339520654.86,42.8834851,27.42350063,29.69301427,27219.61,coinalyze_current_universe,high_with_survivorship_caveat
2023-05-24,17165426422.02,0,7665109143.87,4502009215.19,4998308062.96,44.65434738,26.22719124,29.11846138,26329.01,coinalyze_current_universe,high_with_survivorship_caveat
2023-05-25,17093717488.88,0,7599858574.78,4461043808.91,5032815105.19,44.45995191,26.09756369,29.4424844,26473.79,coinalyze_current_universe,high_with_survivorship_caveat
2023-05-26,17138262464.26,0,7466868485.44,4566488960.01,5104905018.81,43.56841016,26.64499374,29.7865961,26705.92,coinalyze_current_universe,high_with_survivorship_caveat
2023-05-27,17137294491.55,0,7513926867.28,4444612312.36,5178755311.91,43.84546739,25.93532086,30.21921176,26854.27,coinalyze_current_universe,high_with_survivorship_caveat
2023-05-28,17923999374.83,0,8058428108.56,4607683610.27,5257887656.01,44.95887296,25.70678292,29.33434412,28065,coinalyze_current_universe,high_with_survivorship_caveat
2023-05-29,17774190882,0,7980805130.06,4608663315.3,5184722436.64,44.90108823,25.92896265,29.16994912,27736.4,coinalyze_current_universe,high_with_survivorship_caveat
2023-05-30,18058820476.87,0,8010856908.57,4754388613.09,5293574955.21,44.35980145,26.32723781,29.31296073,27694.4,coinalyze_current_universe,high_with_survivorship_caveat
2023-05-31,17575655464.67,0,7768220969.6,4643279240.64,5164155254.44,44.1987554,26.41881124,29.38243336,27210.35,coinalyze_current_universe,high_with_survivorship_caveat
2023-06-01,17540868463.73,0,7799026080.08,4521045316.41,5220797067.24,44.46202932,25.77435277,29.76361791,26817.93,coinalyze_current_universe,high_with_survivorship_caveat
2023-06-02,18132106053.8,0,7895887449.77,4785414427.98,5450804176.05,43.54644423,26.39193932,30.06161645,27242.59,coinalyze_current_universe,high_with_survivorship_caveat
2023-06-03,18056577557.36,0,7885495715.85,4694816205.37,5476265636.13,43.67104281,26.00058727,30.32836992,27069.22,coinalyze_current_universe,high_with_survivorship_caveat
2023-06-04,18028351109.71,0,7694259034.98,4740851562.44,5593240512.29,42.678662,26.2966454,31.0246926,27115.21,coinalyze_current_universe,high_with_survivorship_caveat
2023-06-05,17355228343.32,0,7878701551.28,4645479173.47,4831047618.58,45.39670349,26.76702998,27.83626653,25728.2,coinalyze_current_universe,high_with_survivorship_caveat
2023-06-06,17235370541.29,0,7739152405.35,4518323965.9,4977894170.04,44.90273294,26.2154153,28.88185176,27230.08,coinalyze_current_universe,high_with_survivorship_caveat
2023-06-07,16351201122.98,0,7251698636.25,4348786893.34,4750715593.39,44.34963879,26.59613114,29.05423007,26339.34,coinalyze_current_universe,high_with_survivorship_caveat
2023-06-08,16546816209.15,0,7362934276.1,4368528859.86,4815353073.2,44.49758904,26.40102364,29.10138731,26498.61,coinalyze_current_universe,high_with_survivorship_caveat
2023-06-09,16691007254.54,0,7363593294.56,4405308201.86,4922105758.12,44.11712956,26.3933035,29.48956695,26477.81,coinalyze_current_universe,high_with_survivorship_caveat
2023-06-10,15269891491.58,0,7231779496.11,4419183012.09,3618928983.39,47.35973075,28.94050043,23.69976883,25841.21,coinalyze_current_universe,high_with_survivorship_caveat
2023-06-11,15179605690.13,0,7162017585.26,4370598283.6,3646989821.27,47.18184208,28.79256795,24.02558996,25925.55,coinalyze_current_universe,high_with_survivorship_caveat
2023-06-12,15473661092.59,0,7286903170.9,4483441155.99,3703316765.69,47.09230173,28.974663,23.93303526,25905.19,coinalyze_current_universe,high_with_survivorship_caveat
2023-06-13,15652174659.99,0,7426477556.88,4507536763.51,3718160339.59,47.44693768,28.79815017,23.75491215,25934.25,coinalyze_current_universe,high_with_survivorship_caveat
2023-06-14,15012576442.99,0,7229405101.32,4213868836.51,3569302505.16,48.15565888,28.06892509,23.77541602,25128.6,coinalyze_current_universe,high_with_survivorship_caveat
2023-06-15,15253971493.12,0,7391650733.63,4152650465.78,3709670293.71,48.45722137,27.22340518,24.31937345,25598.49,coinalyze_current_universe,high_with_survivorship_caveat
2023-06-16,15633846147.18,0,7752790309.08,4080362516.11,3800693321.99,49.58978255,26.09954376,24.31067369,26345,coinalyze_current_universe,high_with_survivorship_caveat
2023-06-17,15546291684.25,0,7630958205.69,4038373535.99,3876959942.57,49.08539194,25.9764426,24.93816546,26516.99,coinalyze_current_universe,high_with_survivorship_caveat
2023-06-18,15413648004.31,0,7639408282.24,3995008515.84,3779231206.24,49.5626232,25.91864375,24.51873304,26339.97,coinalyze_current_universe,high_with_survivorship_caveat
2023-06-19,15748139227.43,0,7908768795.89,3989143297.76,3850227133.78,50.2203383,25.33088665,24.44877505,26844.35,coinalyze_current_universe,high_with_survivorship_caveat
2023-06-20,17118885324.59,0,8982723026.22,4097232861.23,4038929437.14,52.47259302,23.93399327,23.59341371,28307.99,coinalyze_current_universe,high_with_survivorship_caveat
2023-06-21,17550986735.39,0,9037707832.8,4330345248.02,4182933654.57,51.49401552,24.67294468,23.8330398,29993.89,coinalyze_current_universe,high_with_survivorship_caveat
2023-06-22,17550799537.1,0,9089555000.78,4333408756.56,4127835779.76,51.78997676,24.69066294,23.51936031,29884.92,coinalyze_current_universe,high_with_survivorship_caveat
2023-06-23,17906083289.54,0,9278318556.13,4272024647.99,4355740085.43,51.81657209,23.8579514,24.32547652,30688.5,coinalyze_current_universe,high_with_survivorship_caveat
2023-06-24,17748770870.08,0,9167982527.75,4267497544.26,4313290798.07,51.65418267,24.04390465,24.30191268,30527.43,coinalyze_current_universe,high_with_survivorship_caveat
2023-06-25,18070162672.49,0,9188256747.82,4472018560.35,4409887364.33,50.84767035,24.74808136,24.40424829,30462.66,coinalyze_current_universe,high_with_survivorship_caveat
2023-06-26,18014017678.61,0,9180246918.09,4396154995.95,4437615764.57,50.96168485,24.40407839,24.63423676,30267.99,coinalyze_current_universe,high_with_survivorship_caveat
2023-06-27,18538617634.79,0,9368886328.98,4533699099.85,4636032205.97,50.53713558,24.45543238,25.00743204,30692.44,coinalyze_current_universe,high_with_survivorship_caveat
2023-06-28,17872410458.47,0,9113374737.52,4476396141.98,4282639578.97,50.9913017,25.04640408,23.96229422,30077.41,coinalyze_current_universe,high_with_survivorship_caveat
2023-06-29,18229641515.54,0,9321298812.37,4355927533.76,4552415169.41,51.13265011,23.89475147,24.97259842,30447.31,coinalyze_current_universe,high_with_survivorship_caveat
2023-06-30,18050666272.09,0,8598253149.95,4714167730.96,4738245391.19,47.63399323,26.11630873,26.24969804,30472,coinalyze_current_universe,high_with_survivorship_caveat
2023-07-01,18466228199.63,0,8766887252.63,4729436486.63,4969904460.36,47.47524593,25.611275,26.91347906,30585.9,coinalyze_current_universe,high_with_survivorship_caveat
2023-07-02,18380251144.54,0,8691700513.46,4608197187.51,5080353443.56,47.28825763,25.07145931,27.64028306,30617.03,coinalyze_current_universe,high_with_survivorship_caveat
2023-07-03,19433027694.3,0,9327557818.68,4899336994.25,5206132881.37,47.99847952,25.21139305,26.79012742,31156.2,coinalyze_current_universe,high_with_survivorship_caveat
2023-07-04,18902391775.1,0,9114927340.57,4696153872.17,5091310562.36,48.22102647,24.84423097,26.93474256,30766.51,coinalyze_current_universe,high_with_survivorship_caveat
2023-07-05,18600458791.94,0,9040554722.89,4695316362.48,4864587706.56,48.60393404,25.24301371,26.15305225,30504.81,coinalyze_current_universe,high_with_survivorship_caveat
2023-07-06,17667005801.07,0,8571832502.04,4385144012.6,4710029286.43,48.51887523,24.82109341,26.66003136,29895.43,coinalyze_current_universe,high_with_survivorship_caveat
2023-07-07,17921549125.79,0,8620331635.33,4398910717.95,4902306772.51,48.10037109,24.54537098,27.35425793,30344.7,coinalyze_current_universe,high_with_survivorship_caveat
2023-07-08,17980650313.67,0,8583991964.08,4403025469.89,4993632879.7,47.74016409,24.48757633,27.77225958,30284.63,coinalyze_current_universe,high_with_survivorship_caveat
2023-07-09,17914777484.81,0,8569936704.76,4372865078.4,4971975701.65,47.83724895,24.40926259,27.75348846,30160.71,coinalyze_current_universe,high_with_survivorship_caveat
2023-07-10,18169717367.97,0,8884643737.27,4376070250.06,4909003380.65,48.89808442,24.08441563,27.01749995,30411.57,coinalyze_current_universe,high_with_survivorship_caveat
2023-07-11,18559562473.03,0,9002859520.23,4421474626.08,5135228326.71,48.50792972,23.82316195,27.66890833,30622.1,coinalyze_current_universe,high_with_survivorship_caveat
2023-07-12,18724423777.34,0,9219651664.28,4404186206.1,5100585906.95,49.23864026,23.52107738,27.24028236,30380,coinalyze_current_universe,high_with_survivorship_caveat
2023-07-13,20600140216.59,0,9513897117.14,5314868193.53,5771374905.92,46.18365223,25.80015542,28.01619234,31454.23,coinalyze_current_universe,high_with_survivorship_caveat
2023-07-14,18662865780.62,0,8756223744.82,4496035597.62,5410606438.19,46.91789486,24.09081033,28.99129481,30312.01,coinalyze_current_universe,high_with_survivorship_caveat
2023-07-15,19026565768.77,0,8726664585.78,4590166414.3,5709734768.69,45.86568429,24.12503901,30.0092767,30289.52,coinalyze_current_universe,high_with_survivorship_caveat
2023-07-16,18992489144.56,0,8765705179.09,4548947475.22,5677836490.26,46.15353529,23.95129696,29.89516775,30231.99,coinalyze_current_universe,high_with_survivorship_caveat
2023-07-17,19089131964,0,8843672513.08,4515651661.39,5729807789.53,46.32831147,23.65561551,30.01607302,30138,coinalyze_current_universe,high_with_survivorship_caveat
2023-07-18,19238886612.84,0,8998916179.85,4583754443.1,5656215989.9,46.77462039,23.82546628,29.39991333,29859.13,coinalyze_current_universe,high_with_survivorship_caveat
2023-07-19,19284340257.6,0,8887135918.65,4550343182.34,5846861156.61,46.08472885,23.59605318,30.31921797,29909.21,coinalyze_current_universe,high_with_survivorship_caveat
2023-07-20,19408461966.22,0,8982631645.67,4542906416.12,5882923904.44,46.2820375,23.4068337,30.3111288,29800,coinalyze_current_universe,high_with_survivorship_caveat
2023-07-21,19270943808.39,0,8840224193.03,4506222132.49,5924497482.87,45.87333283,23.38350512,30.74316205,29901.72,coinalyze_current_universe,high_with_survivorship_caveat
2023-07-22,18910874807.95,0,8750847694.89,4512293152.53,5647733960.54,46.27415592,23.86083774,29.86500634,29794,coinalyze_current_universe,high_with_survivorship_caveat
2023-07-23,18764656229.5,0,8634879313.46,4442923443.07,5686853472.97,46.01671999,23.67708413,30.30619588,30083.75,coinalyze_current_universe,high_with_survivorship_caveat
2023-07-24,18891998995.79,0,8932601962.54,4564598689.9,5394798343.35,47.2824605,24.16154421,28.55599529,29176.5,coinalyze_current_universe,high_with_survivorship_caveat
2023-07-25,18878573175.85,0,8812969703.19,4476381428.7,5589222043.96,46.6823929,23.71143935,29.60616775,29228.91,coinalyze_current_universe,high_with_survivorship_caveat
2023-07-26,18990225021.31,0,8827853980.22,4522408912.89,5639962128.2,46.4863053,23.81440403,29.69929067,29351.96,coinalyze_current_universe,high_with_survivorship_caveat
2023-07-27,19155371760.92,0,8865105532.12,4570518197,5719748031.8,46.27999729,23.86024272,29.85975998,29222.78,coinalyze_current_universe,high_with_survivorship_caveat
2023-07-28,19376765592.38,0,8835490028.7,4721762067.87,5819513495.81,45.59837392,24.36816426,30.03346182,29314.14,coinalyze_current_universe,high_with_survivorship_caveat
2023-07-29,19534765443.88,0,8847964605,4729870566.19,5956930272.68,45.29342638,24.21257926,30.49399436,29352.9,coinalyze_current_universe,high_with_survivorship_caveat
2023-07-30,19098632827.12,0,8767514208.03,4526288396.51,5804830222.58,45.90650172,23.69954141,30.39395686,29281.09,coinalyze_current_universe,high_with_survivorship_caveat
2023-07-31,19443925220.17,0,8962463214.27,4655443078.81,5826018927.09,46.0938988,23.94291804,29.96318316,29232.25,coinalyze_current_universe,high_with_survivorship_caveat
2023-08-01,19287129706.62,0,8929284256.98,4484826779.34,5873018670.3,46.29659463,23.25295079,30.45045458,29705.99,coinalyze_current_universe,high_with_survivorship_caveat
2023-08-02,19180757065.48,0,8912380011.14,4555963211.08,5712413843.26,46.46521501,23.75278095,29.78200404,29186.01,coinalyze_current_universe,high_with_survivorship_caveat
2023-08-03,19193848080.33,0,8952065048.02,4524655376.7,5717127655.61,46.64028292,23.57346665,29.78625043,29193.64,coinalyze_current_universe,high_with_survivorship_caveat
2023-08-04,19249771752.92,0,9037055352.08,4539721095.18,5672995305.66,46.94629873,23.58324635,29.47045491,29113.99,coinalyze_current_universe,high_with_survivorship_caveat
2023-08-05,19321718479.64,0,8970249085.08,4516955583.33,5834513811.23,46.4257312,23.37760789,30.19666091,29072.13,coinalyze_current_universe,high_with_survivorship_caveat
2023-08-06,19232450087.49,0,8859495452.91,4558915497.21,5814039137.37,46.06535003,23.70428872,30.23036124,29088.42,coinalyze_current_universe,high_with_survivorship_caveat
2023-08-07,19437920666.9,0,8995146288.95,4740857585.8,5701916792.15,46.27627843,24.38973626,29.33398531,29211.06,coinalyze_current_universe,high_with_survivorship_caveat
2023-08-08,20072355660.52,0,9804241658.67,4620628428.04,5647485573.81,48.84449949,23.01986128,28.13563923,29770.42,coinalyze_current_universe,high_with_survivorship_caveat
2023-08-09,19684211352.27,0,9388368694.17,4588343797.88,5707498860.22,47.69491917,23.30976698,28.99531385,29581.99,coinalyze_current_universe,high_with_survivorship_caveat
2023-08-10,19895876977.69,0,9474304544.64,4600378658.59,5821193774.45,47.61943671,23.12227133,29.25829196,29455.75,coinalyze_current_universe,high_with_survivorship_caveat
2023-08-11,19938829739.63,0,9405978798.08,4550049421.9,5982801519.65,47.17417682,22.82004251,30.00578067,29426.03,coinalyze_current_universe,high_with_survivorship_caveat
2023-08-12,20025490290.89,0,9364718854.42,4543007926.79,6117763509.67,46.76399288,22.68612584,30.54988128,29430.17,coinalyze_current_universe,high_with_survivorship_caveat
2023-08-13,19739521192.86,0,9269505711.92,4534608953.1,5935406527.84,46.95912136,22.97223377,30.06864488,29303.84,coinalyze_current_universe,high_with_survivorship_caveat
2023-08-14,19667069984.67,0,9126598052.87,4558157631.44,5982314300.37,46.40547911,23.1765974,30.41792349,29430.93,coinalyze_current_universe,high_with_survivorship_caveat
2023-08-15,19609495008.45,0,9360762863.94,4755733481.43,5492998663.08,47.73586908,24.25219762,28.0119333,29200,coinalyze_current_universe,high_with_survivorship_caveat
2023-08-16,19431820696.63,0,9453230188.05,4870267031.59,5108323476.98,48.64819584,25.06335926,26.2884449,28730.51,coinalyze_current_universe,high_with_survivorship_caveat
2023-08-17,15447812777.82,0,7448488918.52,3911322312.07,4088001547.23,48.21711025,25.31958646,26.46330329,26623.41,coinalyze_current_universe,high_with_survivorship_caveat
2023-08-18,14756893982.5,0,7005008027.37,3666138982.36,4085746972.77,47.46939319,24.84356794,27.68703887,26054,coinalyze_current_universe,high_with_survivorship_caveat
2023-08-19,14534788468.96,0,6817793718.03,3539224835.32,4177769915.6,46.90672818,24.35002644,28.74324538,26100.01,coinalyze_current_universe,high_with_survivorship_caveat
2023-08-20,14840479738.16,0,6983798273.3,3633815594.77,4222865870.09,47.05911397,24.48583643,28.4550496,26189.99,coinalyze_current_universe,high_with_survivorship_caveat
2023-08-21,14702464413.19,0,6988431897.83,3562462737.48,4151569777.88,47.53238438,24.23037824,28.23723739,26126.92,coinalyze_current_universe,high_with_survivorship_caveat
2023-08-22,14345606260.53,0,6754583860.91,3459604795.64,4131417603.97,47.08468738,24.11612819,28.79918443,26056,coinalyze_current_universe,high_with_survivorship_caveat
2023-08-23,14530150572.49,0,6709778641.19,3562848089.61,4257523841.69,46.17831459,24.52037969,29.30130573,26432.72,coinalyze_current_universe,high_with_survivorship_caveat
2023-08-24,14467329855.64,0,6743644710.33,3467110699.97,4256574445.34,46.61291875,23.96510437,29.42197688,26180.05,coinalyze_current_universe,high_with_survivorship_caveat
2023-08-25,14319632239.01,0,6649539287.09,3460398474.36,4209694477.55,46.43652278,24.16541442,29.39806279,26060.01,coinalyze_current_universe,high_with_survivorship_caveat
2023-08-26,14412039434.26,0,6680375551.47,3453538751.58,4278125131.21,46.35274266,23.96287331,29.68438402,26017.37,coinalyze_current_universe,high_with_survivorship_caveat
2023-08-27,14636585727.66,0,6765265275.06,3496199936.55,4375120516.05,46.22160797,23.88671786,29.89167417,26101.77,coinalyze_current_universe,high_with_survivorship_caveat
2023-08-28,14445439897.56,0,6717722801.71,3461046517.58,4266670578.28,46.50410683,23.95944009,29.53645309,26120,coinalyze_current_universe,high_with_survivorship_caveat
2023-08-29,15708960885.37,0,7626769504.48,3657711243.06,4424480137.83,48.55043921,23.2842342,28.16532659,27716.34,coinalyze_current_universe,high_with_survivorship_caveat
2023-08-30,15278446080,0,7295146976.57,3563549716.76,4419749386.66,47.74796428,23.32403242,28.9280033,27299.99,coinalyze_current_universe,high_with_survivorship_caveat
2023-08-31,14220829944.03,0,6597472800.2,3405937301.45,4217419842.39,46.39302225,23.95034126,29.65663649,25940.78,coinalyze_current_universe,high_with_survivorship_caveat
2023-09-01,14083974750.55,0,6608297566.34,3362840096.15,4112837088.06,46.92068598,23.87706706,29.20224696,25805.05,coinalyze_current_universe,high_with_survivorship_caveat
2023-09-02,14029995456.74,0,6595000106.71,3362991673.41,4072003676.61,47.00643081,23.97001256,29.02355663,25869.51,coinalyze_current_universe,high_with_survivorship_caveat
2023-09-03,14114729113.09,0,6644817166.21,3351003094.63,4118908852.26,47.07718521,23.74117893,29.18163586,25971.21,coinalyze_current_universe,high_with_survivorship_caveat
2023-09-04,14057797927.98,0,6549508136.75,3398138433.92,4110151357.31,46.58985831,24.17262256,29.23751912,25826.02,coinalyze_current_universe,high_with_survivorship_caveat
2023-09-05,14307003215.43,0,6695134314.86,3450175486.76,4161693413.81,46.79620333,24.1152912,29.08850548,25792.1,coinalyze_current_universe,high_with_survivorship_caveat
2023-09-06,14305886476.61,0,6673034873.03,3465475069.33,4167376534.25,46.64537835,24.22411974,29.13050192,25759.95,coinalyze_current_universe,high_with_survivorship_caveat
2023-09-07,14587765073.61,0,6837118042.56,3529352113.57,4221294917.48,46.86885214,24.19391933,28.93722853,26255,coinalyze_current_universe,high_with_survivorship_caveat
2023-09-08,14450335785.77,0,6794151890.06,3483312159.4,4172871736.3,47.0172596,24.10540635,28.87733405,25910.5,coinalyze_current_universe,high_with_survivorship_caveat
2023-09-09,14489385546.81,0,6779914095.85,3501730532.52,4207740918.43,46.79228166,24.16755715,29.04016119,25901.61,coinalyze_current_universe,high_with_survivorship_caveat
2023-09-10,14155038574.16,0,6659184356.21,3432678037.02,4063176180.92,47.04462175,24.25057353,28.70480472,25841.61,coinalyze_current_universe,high_with_survivorship_caveat
2023-09-11,14364707575.36,0,6855921472.09,3535768331.94,3973017771.32,47.72753943,24.61427296,27.65818761,25162.52,coinalyze_current_universe,high_with_survivorship_caveat
2023-09-12,14478739881.76,0,6913239063.57,3520063826.75,4045436991.45,47.74751891,24.3119488,27.94053229,25840.1,coinalyze_current_universe,high_with_survivorship_caveat
2023-09-13,14901118284.26,0,7089914206.84,3601267110.57,4209936966.86,47.57974584,24.16776407,28.25249009,26222,coinalyze_current_universe,high_with_survivorship_caveat
2023-09-14,15285661503.07,0,7381665166.19,3602480428.85,4301515908.03,48.2914342,23.56771035,28.14085545,26522.73,coinalyze_current_universe,high_with_survivorship_caveat
2023-09-15,15184962967.44,0,7109782829.13,3611044824.91,4464135313.4,46.82120624,23.78039928,29.39839447,26600,coinalyze_current_universe,high_with_survivorship_caveat
2023-09-16,15068256856.66,0,7100226879.64,3561297925.27,4406732051.74,47.12042638,23.63443867,29.24513495,26559.67,coinalyze_current_universe,high_with_survivorship_caveat
2023-09-17,14740505311.85,0,7019664879.17,3536851112.26,4183989320.42,47.62160272,23.99409679,28.38430048,26527.51,coinalyze_current_universe,high_with_survivorship_caveat
2023-09-18,15200880966.95,0,7302251504.61,3610869293.17,4287760169.17,48.0383441,23.75434227,28.20731363,26762.51,coinalyze_current_universe,high_with_survivorship_caveat
2023-09-19,15565433455.35,0,7557000276.87,3592223398.65,4416209779.83,48.54988651,23.07820986,28.37190363,27210.26,coinalyze_current_universe,high_with_survivorship_caveat
2023-09-20,15411429065.17,0,7357887306.74,3585458549.6,4468083208.84,47.74305663,23.26493237,28.99201099,27125,coinalyze_current_universe,high_with_survivorship_caveat
2023-09-21,15354618765.71,0,7293998305.95,3655278651.02,4405341808.74,47.50361059,23.80572717,28.69066224,26568.08,coinalyze_current_universe,high_with_survivorship_caveat
2023-09-22,15344785094.32,0,7232002072.35,3624488078.12,4488294943.85,47.13003166,23.62032479,29.24964355,26580.14,coinalyze_current_universe,high_with_survivorship_caveat
2023-09-23,15330657531.95,0,7208032610.41,3638553349.72,4484071571.82,47.01711323,23.73383752,29.24904925,26575.96,coinalyze_current_universe,high_with_survivorship_caveat
2023-09-24,15065915722.22,0,7032335807.93,3606064262.14,4427515652.15,46.67712164,23.9352478,29.38763055,26248.38,coinalyze_current_universe,high_with_survivorship_caveat
2023-09-25,15364430893.85,0,7146461314.78,3657495798.5,4560473780.57,46.51302326,23.8049546,29.68202215,26304.81,coinalyze_current_universe,high_with_survivorship_caveat
2023-09-26,15510679281.73,0,7201521497.01,3681725817.13,4627431967.59,46.42943978,23.73671553,29.83384469,26221.67,coinalyze_current_universe,high_with_survivorship_caveat
2023-09-27,15383400062.55,0,7125372933,3621163147.55,4636863981.99,46.31858304,23.53941998,30.14199698,26372.99,coinalyze_current_universe,high_with_survivorship_caveat
2023-09-28,16374910124.97,0,7653242405.97,3966422567.38,4755245151.62,46.73761473,24.22256084,29.03982443,27021.39,coinalyze_current_universe,high_with_survivorship_caveat
2023-09-29,16173609764.17,0,7310613731.74,4005679567.7,4857316464.73,45.20087871,24.76676281,30.03235849,26906.96,coinalyze_current_universe,high_with_survivorship_caveat
2023-09-30,16400385223.14,0,7400843992.92,4030031800.74,4969509429.48,45.12603754,24.57278744,30.30117501,26962.56,coinalyze_current_universe,high_with_survivorship_caveat
2023-10-01,16535378782.55,0,7479285404.29,3986533835.64,5069559542.63,45.23201738,24.10911711,30.65886551,27992.57,coinalyze_current_universe,high_with_survivorship_caveat
2023-10-02,15936747027.97,0,7428876460.65,3708814826.44,4799055740.88,46.61476051,23.27209449,30.113145,27494.51,coinalyze_current_universe,high_with_survivorship_caveat
2023-10-03,15945601624.74,0,7466888577.97,3758957569.23,4719755477.55,46.82726155,23.57363277,29.59910569,27426.46,coinalyze_current_universe,high_with_survivorship_caveat
2023-10-04,16288638275.15,0,7792559356.82,3793877945.26,4702200973.07,47.84045925,23.29155993,28.86798082,27778.57,coinalyze_current_universe,high_with_survivorship_caveat
2023-10-05,16240885090.85,0,7747896010.54,3840594026.2,4652395054.11,47.70611926,23.64768918,28.64619156,27410.39,coinalyze_current_universe,high_with_survivorship_caveat
2023-10-06,16678380229.47,0,8029136606.45,3829428283.36,4819815339.66,48.14098549,22.96043279,28.89858172,27931.09,coinalyze_current_universe,high_with_survivorship_caveat
2023-10-07,16536918122.44,0,7958636646.29,3783639694.36,4794641781.79,48.12648032,22.87995663,28.99356305,27956.67,coinalyze_current_universe,high_with_survivorship_caveat
2023-10-08,16688266048.21,0,7980667679.18,3878347576.32,4829250792.71,47.8220305,23.23996732,28.93800218,27917.05,coinalyze_current_universe,high_with_survivorship_caveat
2023-10-09,16193046413.91,0,7841114461.02,3829363753.59,4522568199.29,48.42272578,23.64819847,27.92907575,27590.12,coinalyze_current_universe,high_with_survivorship_caveat
2023-10-10,16299254162.71,0,7867741033.08,3864969373.86,4566543755.76,48.27055861,23.71255356,28.01688783,27390.12,coinalyze_current_universe,high_with_survivorship_caveat
2023-10-11,16481696583.25,0,7955584903.83,3961468692.22,4564642987.19,48.26921102,24.03556377,27.69522521,26875.52,coinalyze_current_universe,high_with_survivorship_caveat
2023-10-12,16383452399.18,0,7867189071,4009935046.08,4506328282.11,48.01911636,24.47551925,27.50536439,26759.63,coinalyze_current_universe,high_with_survivorship_caveat
2023-10-13,16301256881.01,0,7852831395.41,3932586447.56,4515839038.04,48.17316513,24.12443701,27.70239786,26862,coinalyze_current_universe,high_with_survivorship_caveat
2023-10-14,16413245455.31,0,7874768605.27,3919222939.23,4619253910.81,47.97813221,23.87841545,28.14345233,26852.48,coinalyze_current_universe,high_with_survivorship_caveat
2023-10-15,16570675189.31,0,8029310245.54,3932075329.66,4609289614.11,48.45493713,23.72911957,27.81594329,27154.15,coinalyze_current_universe,high_with_survivorship_caveat
2023-10-16,16173763740.52,0,7721870481.34,3847715237.21,4604178021.97,47.74318832,23.78985683,28.46695485,28500.78,coinalyze_current_universe,high_with_survivorship_caveat
2023-10-17,16258262766.74,0,7881858296.86,3811381598.84,4565022871.04,48.47909282,23.44273588,28.07817131,28395.91,coinalyze_current_universe,high_with_survivorship_caveat
2023-10-18,16062087200.31,0,7643962175.49,3859581213.76,4558543811.07,47.59009262,24.02913871,28.38076866,28320,coinalyze_current_universe,high_with_survivorship_caveat
2023-10-19,16459389838.2,0,7990333722.9,3817746102.94,4651310012.36,48.54574684,23.19494307,28.25931008,28713.71,coinalyze_current_universe,high_with_survivorship_caveat
2023-10-20,16969584090.77,0,8182651841.48,3962325929.48,4824606319.81,48.2195191,23.34957597,28.43090493,29669.04,coinalyze_current_universe,high_with_survivorship_caveat
2023-10-21,17606209135.54,0,8503170184.18,4015290072.04,5087748879.32,48.29642837,22.80610233,28.8974693,29909.8,coinalyze_current_universe,high_with_survivorship_caveat
2023-10-22,17701866574.64,0,8338627470.95,4127173900.15,5236065203.54,47.10592206,23.31490797,29.57916998,29992.46,coinalyze_current_universe,high_with_survivorship_caveat
2023-10-23,18003813977.88,0,8353871747.9,4211455542.17,5438486687.81,46.40056689,23.39201875,30.20741435,33069.99,coinalyze_current_universe,high_with_survivorship_caveat
2023-10-24,17891447791.92,0,8481425174.3,4066630143.5,5343392474.12,47.40491252,22.72946377,29.86562371,33922.73,coinalyze_current_universe,high_with_survivorship_caveat
2023-10-25,18478125213.61,0,8751662804.97,4105638613.79,5620823794.84,47.36228759,22.21891326,30.41879915,34496.05,coinalyze_current_universe,high_with_survivorship_caveat
2023-10-26,18604316917.38,0,8795852441.68,4188032016.53,5620432459.16,47.27855627,22.51107652,30.21036722,34151.66,coinalyze_current_universe,high_with_survivorship_caveat
2023-10-27,18310639787.7,0,8678816609.49,4142750698.19,5489072480.01,47.39766993,22.62482768,29.97750239,33892.02,coinalyze_current_universe,high_with_survivorship_caveat
2023-10-28,18607501358.1,0,8825220163.77,4136008293.12,5646272901.21,47.42829246,22.22763935,30.34406819,34081,coinalyze_current_universe,high_with_survivorship_caveat
2023-10-29,19189143161.3,0,9179518149.75,4192207105.22,5817417906.33,47.83704031,21.84676549,30.3161942,34525.89,coinalyze_current_universe,high_with_survivorship_caveat
2023-10-30,19312557659.91,0,9023045324.66,4251732565.6,6037779769.65,46.7211308,22.01537798,31.26349123,34474.73,coinalyze_current_universe,high_with_survivorship_caveat
2023-10-31,19451814308.8,0,9151536031.92,4288128096.98,6012150179.9,47.04721054,22.04487473,30.90791473,34639.77,coinalyze_current_universe,high_with_survivorship_caveat
2023-11-01,19988629517.91,0,9272256447.93,4504179968.01,6212193101.97,46.38765474,22.5337108,31.07863446,35421.43,coinalyze_current_universe,high_with_survivorship_caveat
2023-11-02,19148740118.22,0,8941859049.39,4256827688.64,5950053380.19,46.69685313,22.23032775,31.07281912,34941.59,coinalyze_current_universe,high_with_survivorship_caveat
2023-11-03,19252682590.77,0,8827270033.37,4368783765.03,6056628792.37,45.84955884,22.69181837,31.45862279,34716.78,coinalyze_current_universe,high_with_survivorship_caveat
2023-11-04,19922883624.29,0,9000119116.46,4549208287.25,6373556220.58,45.17478135,22.83408553,31.99113311,35062.07,coinalyze_current_universe,high_with_survivorship_caveat
2023-11-05,20361336270.1,0,9173656769.09,4721187957.25,6466491543.75,45.05429628,23.18702415,31.75867958,35011.88,coinalyze_current_universe,high_with_survivorship_caveat
2023-11-06,20930662356.03,0,9178624777.3,4716832984.59,7035204594.14,43.85252899,22.53551705,33.61195396,35046.09,coinalyze_current_universe,high_with_survivorship_caveat
2023-11-07,20714088925.75,0,9429329200.06,4496392854,6788366871.69,45.52133205,21.70693034,32.77173761,35399.12,coinalyze_current_universe,high_with_survivorship_caveat
2023-11-08,21261946802.38,0,9560027967.47,4583109053.17,7118809781.74,44.96308855,21.55545349,33.48145797,35624.72,coinalyze_current_universe,high_with_survivorship_caveat
2023-11-09,20897559161.87,0,9062620682.74,5450905640.68,6384032838.45,43.36688612,26.08393448,30.5491794,36701.09,coinalyze_current_universe,high_with_survivorship_caveat
2023-11-10,21269730518.46,0,9077191639.98,5306021408.09,6886517470.39,42.67657097,24.94634995,32.37707908,37301.63,coinalyze_current_universe,high_with_survivorship_caveat
2023-11-11,21124813691.91,0,9010054524.18,5132816312,6981942855.73,42.65152183,24.29756961,33.05090856,37130,coinalyze_current_universe,high_with_survivorship_caveat
2023-11-12,21307691965.58,0,9077109427.22,5146722611.54,7083859926.81,42.60015323,24.15429423,33.24555254,37064.13,coinalyze_current_universe,high_with_survivorship_caveat
2023-11-13,20712557710.16,0,8986678992.57,5168985610.62,6556893106.97,43.38758698,24.95580547,31.65660755,36462.93,coinalyze_current_universe,high_with_survivorship_caveat
2023-11-14,19890994340.91,0,8579182832.39,4815610853.24,6496200655.27,43.13099026,24.21000565,32.65900409,35551.19,coinalyze_current_universe,high_with_survivorship_caveat
2023-11-15,21496672264.95,0,9296267640.89,5086252107.12,7114152516.94,43.24514756,23.6606487,33.09420374,37858.2,coinalyze_current_universe,high_with_survivorship_caveat
2023-11-16,20217338668.94,0,8824609590.38,4723914042.15,6668815036.41,43.64872021,23.36565717,32.98562262,36163.51,coinalyze_current_universe,high_with_survivorship_caveat
2023-11-17,20087658863.16,0,8693982482.35,4707700891.82,6685975488.99,43.28021768,23.43578674,33.28399558,36613.92,coinalyze_current_universe,high_with_survivorship_caveat
2023-11-18,20171890008.96,0,8795092440.61,4829650353.53,6547147214.82,43.60073566,23.94247813,32.45678621,36568.1,coinalyze_current_universe,high_with_survivorship_caveat
2023-11-19,20839595530.34,0,9104047260.52,4883838903.87,6851709365.94,43.68629539,23.4353824,32.87832221,37359.86,coinalyze_current_universe,high_with_survivorship_caveat
2023-11-20,20863797562.26,0,9228736104.68,4989508925.35,6645552532.24,44.23325177,23.91467282,31.85207541,37448.78,coinalyze_current_universe,high_with_survivorship_caveat
2023-11-21,19157028359.6,0,8586486687.15,4575354973,5995186699.45,44.82160033,23.88342747,31.2949722,35741.65,coinalyze_current_universe,high_with_survivorship_caveat
2023-11-22,20922340234.64,0,9024756898.16,5295671769.16,6601911567.32,43.13454803,25.31108714,31.55436482,37408.34,coinalyze_current_universe,high_with_survivorship_caveat
2023-11-23,21082522204.11,0,9111134987.44,5277447066.19,6693940150.47,43.21653216,25.03233254,31.7511353,37294.28,coinalyze_current_universe,high_with_survivorship_caveat
2023-11-24,21254616629.97,0,9176280878,5262613386,6815722365.97,43.17311875,24.75986031,32.06702094,37713.57,coinalyze_current_universe,high_with_survivorship_caveat
2023-11-25,21653704358.32,0,9195445453.66,5218553865.38,7239705039.28,42.46592316,24.10005133,33.43402551,37780.67,coinalyze_current_universe,high_with_survivorship_caveat
2023-11-26,21139834691.91,0,9103506600.53,5057141254.27,6979186837.11,43.06328187,23.92233112,33.014387,37447.43,coinalyze_current_universe,high_with_survivorship_caveat
2023-11-27,21112467355.34,0,9193646457.01,5124779563.5,6794041334.83,43.5460541,24.2737122,32.1802337,37242.7,coinalyze_current_universe,high_with_survivorship_caveat
2023-11-28,21416921628.39,0,9422096820.54,5086429128.82,6908395679.02,43.99370266,23.7495809,32.25671644,37818.87,coinalyze_current_universe,high_with_survivorship_caveat
2023-11-29,21350915560.76,0,9407415974.21,5003703773.44,6939795813.11,44.0609488,23.43554664,32.50350456,37854.64,coinalyze_current_universe,high_with_survivorship_caveat
2023-11-30,21642899152,0,9415537950.37,5098932856.54,7128428345.09,43.5040513,23.55938001,32.93656869,37723.96,coinalyze_current_universe,high_with_survivorship_caveat
2023-12-01,23093415085.79,0,10386914042.05,5312062022.44,7394439021.31,44.97781728,23.00249661,32.0196861,38682.52,coinalyze_current_universe,high_with_survivorship_caveat
2023-12-02,23547662277.37,0,9960600634.14,5660520440.04,7926541203.19,42.29974304,24.03856643,33.66169053,39450.35,coinalyze_current_universe,high_with_survivorship_caveat
2023-12-03,23630751706.67,0,10010517987.27,5717912742.03,7902320977.37,42.36224946,24.19691431,33.44083623,39972.26,coinalyze_current_universe,high_with_survivorship_caveat
2023-12-04,24245502985.78,0,10439954318.61,5733854886.2,8071693780.97,43.05934311,23.64914801,33.29150889,41991.1,coinalyze_current_universe,high_with_survivorship_caveat
2023-12-05,24802646882.14,0,10974583610.7,5617118867.7,8210944403.73,44.24763076,22.64725573,33.10511351,44073.32,coinalyze_current_universe,high_with_survivorship_caveat
2023-12-06,24203192311.66,0,10929274954.36,5316917860.59,7956999496.7,45.15633646,21.9678371,32.87582644,43762.69,coinalyze_current_universe,high_with_survivorship_caveat
2023-12-07,25248336352.44,0,10838816411.55,5967084966.92,8442434973.98,42.92883404,23.63357682,33.43758914,43273.14,coinalyze_current_universe,high_with_survivorship_caveat
2023-12-08,25798163421.09,0,10722108999.86,5889783109.17,9186271312.06,41.56152058,22.83024188,35.60823754,44170.99,coinalyze_current_universe,high_with_survivorship_caveat
2023-12-09,25284448360.44,0,10506918622.15,5890622128.93,8886907609.35,41.55486595,23.29741209,35.14772196,43713.6,coinalyze_current_universe,high_with_survivorship_caveat
2023-12-10,25847699386.39,0,10753424160.82,5863909037.12,9230366188.45,41.60302238,22.6863867,35.71059091,43789.51,coinalyze_current_universe,high_with_survivorship_caveat
2023-12-11,23261087972.59,0,9897301622.67,5294447473.65,8069338876.27,42.54874765,22.76096234,34.69029001,41253.4,coinalyze_current_universe,high_with_survivorship_caveat
2023-12-12,23455958320.59,0,9905479258.92,5238031399.93,8312447661.74,42.23011963,22.33134681,35.43853356,41492.39,coinalyze_current_universe,high_with_survivorship_caveat
2023-12-13,23817355190.75,0,10262107473.09,5231284803.49,8323962914.17,43.0866794,21.96417176,34.94914883,42869.03,coinalyze_current_universe,high_with_survivorship_caveat
2023-12-14,24399822750.6,0,10079006636.04,5443756367.01,8877059747.56,41.30770432,22.31063899,36.3816567,43022.26,coinalyze_current_universe,high_with_survivorship_caveat
2023-12-15,23341289576.86,0,9735445191.9,5187714892.76,8418129492.2,41.70911449,22.22548534,36.06540018,41940.3,coinalyze_current_universe,high_with_survivorship_caveat
2023-12-16,23756851955.07,0,9806003566.2,5179553079.56,8771295309.32,41.27652765,21.80235449,36.92111786,42278.03,coinalyze_current_universe,high_with_survivorship_caveat
2023-12-17,23269319861.37,0,9699273007.04,5166212731.92,8403834122.4,41.68266655,22.20182095,36.1155125,41374.65,coinalyze_current_universe,high_with_survivorship_caveat
2023-12-18,23552210134.68,0,9863831301.99,5299603975.74,8388774856.95,41.88070353,22.50151449,35.61778198,42657.8,coinalyze_current_universe,high_with_survivorship_caveat
2023-12-19,23515088013.09,0,9957121454.57,5192888631.19,8365077927.32,42.34354321,22.08322005,35.57323673,42275.99,coinalyze_current_universe,high_with_survivorship_caveat
2023-12-20,24522378337.09,0,10387738564.66,5256382240.48,8878257531.95,42.36024101,21.43504259,36.2047164,43668.93,coinalyze_current_universe,high_with_survivorship_caveat
2023-12-21,25371041075.52,0,10374524238.7,5467737217.22,9528779619.59,40.8912043,21.55109521,37.55770049,43861.8,coinalyze_current_universe,high_with_survivorship_caveat
2023-12-22,26076029080.26,0,10220892713.24,5942672398.47,9912463968.56,39.19650757,22.7897905,38.01370193,43969.04,coinalyze_current_universe,high_with_survivorship_caveat
2023-12-23,26009377556.48,0,10121154486.1,5701155905.01,10187067165.37,38.91348212,21.91961685,39.16690103,43702.16,coinalyze_current_universe,high_with_survivorship_caveat
2023-12-24,25554439197.39,0,10030567327.25,5511917232.39,10011954637.75,39.25176072,21.569314,39.17892528,42991.5,coinalyze_current_universe,high_with_survivorship_caveat
2023-12-25,26463950081.99,0,10150515787.74,5552496930.73,10760937363.52,38.35601169,20.98136111,40.6626272,43576.13,coinalyze_current_universe,high_with_survivorship_caveat
2023-12-26,25751406369.45,0,10236943380.24,5390550886.85,10123912102.35,39.75294876,20.93303492,39.31401632,42508.93,coinalyze_current_universe,high_with_survivorship_caveat
2023-12-27,26922763300.69,0,10340545324.11,6154980557.98,10427237418.61,38.40818719,22.86162267,38.73019014,43428.85,coinalyze_current_universe,high_with_survivorship_caveat
2023-12-28,26203284609.32,0,10183021850.4,5835776204.25,10184486554.67,38.86162366,22.27116291,38.86721343,42563.76,coinalyze_current_universe,high_with_survivorship_caveat
2023-12-29,25617416679.76,0,10043487894.98,5418927312.73,10155001472.05,39.20570142,21.1532934,39.64100518,42066.95,coinalyze_current_universe,high_with_survivorship_caveat
2023-12-30,25592841100.14,0,10109329682.27,5326062842.48,10157448575.39,39.5006152,20.81075259,39.68863221,42140.28,coinalyze_current_universe,high_with_survivorship_caveat
2023-12-31,25090122312.94,0,9964777506.52,5258918794.62,9866426011.8,39.71593834,20.96011621,39.32394545,42283.58,coinalyze_current_universe,high_with_survivorship_caveat
2024-01-01,26389222358.77,0,10509685662.43,5444226130.58,10435310565.75,39.82567398,20.63049095,39.54383507,44179.55,coinalyze_current_universe,high_with_survivorship_caveat
2024-01-02,26585996472.31,0,10829062492.52,5499815064.42,10257118915.37,40.73220465,20.68688706,38.58090828,44946.91,coinalyze_current_universe,high_with_survivorship_caveat
2024-01-03,22412499167.69,0,9584218862.6,4795013979.41,8033266325.68,42.76282975,21.39437438,35.84279587,42845.23,coinalyze_current_universe,high_with_survivorship_caveat
2024-01-04,23140101500.06,0,9906288972.72,4874387235.46,8359425291.88,42.81004979,21.06467526,36.12527496,44151.1,coinalyze_current_universe,high_with_survivorship_caveat
2024-01-05,22435151096.65,0,9567755227.1,4861985341.39,8005410528.16,42.64627051,21.67128414,35.68244535,44145.11,coinalyze_current_universe,high_with_survivorship_caveat
2024-01-06,22175742061.71,0,9663781276.61,4795015160.47,7716945624.64,43.57816415,21.62279462,34.79904124,43968.32,coinalyze_current_universe,high_with_survivorship_caveat
2024-01-07,21860024760.99,0,9763322972.42,4828012543.35,7268689245.22,44.66290903,22.08603419,33.25105678,43929.02,coinalyze_current_universe,high_with_survivorship_caveat
2024-01-08,23219728699.07,0,10588391235.66,5006236665.76,7625100797.64,45.60083958,21.560272,32.83888841,46951.04,coinalyze_current_universe,high_with_survivorship_caveat
2024-01-09,22572714553.41,0,10062126715.93,5141537511.09,7369050326.39,44.57650272,22.77766592,32.64583136,46110,coinalyze_current_universe,high_with_survivorship_caveat
2024-01-10,23896431340.3,0,9985267520.46,5917539431.17,7993624388.67,41.78560128,24.76327677,33.45112195,46653.99,coinalyze_current_universe,high_with_survivorship_caveat
2024-01-11,24851028379.15,0,10335333539.18,6104881097.36,8410813742.61,41.58915833,24.56590932,33.84493235,46339.16,coinalyze_current_universe,high_with_survivorship_caveat
2024-01-12,23890662658.08,0,9952099503.65,5974758681.24,7963804473.19,41.65685836,25.00876081,33.33438083,42782.73,coinalyze_current_universe,high_with_survivorship_caveat
2024-01-13,24324706675.42,0,9948993799.23,6086159889.52,8289552986.67,40.90077604,25.02048625,34.07873771,42847.99,coinalyze_current_universe,high_with_survivorship_caveat
2024-01-14,23834572458.3,0,9876625630.26,5927498884.08,8030447943.96,41.43823283,24.8693317,33.69243547,41732.35,coinalyze_current_universe,high_with_survivorship_caveat
2024-01-15,24043151661.2,0,9711518148.5,5981453976.38,8350179536.32,40.39203464,24.87799462,34.72997074,42511.1,coinalyze_current_universe,high_with_survivorship_caveat
2024-01-16,24642050218.69,0,9718713828.26,6284001521.73,8639334868.7,39.43955045,25.50113106,35.05931849,43137.95,coinalyze_current_universe,high_with_survivorship_caveat
2024-01-17,24629644278.94,0,9758550623.91,6017617247.45,8853476407.58,39.62115942,24.4324164,35.94642418,42776.1,coinalyze_current_universe,high_with_survivorship_caveat
2024-01-18,24093063645.57,0,9742282084.14,6054191637.55,8296589923.88,40.43604511,25.12835946,34.43559543,41327.5,coinalyze_current_universe,high_with_survivorship_caveat
2024-01-19,23790659439.77,0,9542521367.3,6024982083.41,8223155989.06,40.11036933,25.32498983,34.56464084,41659.03,coinalyze_current_universe,high_with_survivorship_caveat
2024-01-20,23960617891.51,0,9546749559.28,5993089889.36,8420778442.88,39.84350321,25.012251,35.14424578,41696.04,coinalyze_current_universe,high_with_survivorship_caveat
2024-01-21,23820588978.59,0,9547078077.54,5948770901.97,8324739999.07,40.07910168,24.9732318,34.94766652,41580.33,coinalyze_current_universe,high_with_survivorship_caveat
2024-01-22,22663261420.57,0,9193369025.48,5656981088.79,7812911306.3,40.56507514,24.96101944,34.47390542,39568.02,coinalyze_current_universe,high_with_survivorship_caveat
2024-01-23,21966933516.63,0,9156047053.79,5317573700.73,7493312762.11,41.68104322,24.20717346,34.11178331,39897.6,coinalyze_current_universe,high_with_survivorship_caveat
2024-01-24,22303593259.81,0,9331679967.14,5298515577.98,7673397714.7,41.83935682,23.75633162,34.40431156,40084.88,coinalyze_current_universe,high_with_survivorship_caveat
2024-01-25,22357591589.48,0,9416547252.55,5316275873.69,7624768463.24,42.11789635,23.77839246,34.10371118,39961.09,coinalyze_current_universe,high_with_survivorship_caveat
2024-01-26,23464656250.98,0,9911536491.59,5516869757.07,8036250002.31,42.24027996,23.51140242,34.24831762,41823.51,coinalyze_current_universe,high_with_survivorship_caveat
2024-01-27,23505585204.85,0,9801858274.31,5454608000.31,8249118930.22,41.70012441,23.20558264,35.09429294,42120.63,coinalyze_current_universe,high_with_survivorship_caveat
2024-01-28,22921693331.63,0,9595593403.24,5242704377.05,8083395551.35,41.86249796,22.87223854,35.2652635,42031.06,coinalyze_current_universe,high_with_survivorship_caveat
2024-01-29,24090806997.47,0,9963499778.03,5443812265.93,8683494953.51,41.35809888,22.59705234,36.04484879,43302.7,coinalyze_current_universe,high_with_survivorship_caveat
2024-01-30,23905205136.48,0,9752809805.72,5526399731.94,8625995598.81,40.7978503,23.11797661,36.08417309,42941.1,coinalyze_current_universe,high_with_survivorship_caveat
2024-01-31,23118291263.65,0,9615982846.77,5264998045.12,8237310371.76,41.59469546,22.77416607,35.63113847,42580,coinalyze_current_universe,high_with_survivorship_caveat
2024-02-01,23643858653.36,0,9739129702.85,5374050784.98,8530678165.53,41.19094876,22.72916136,36.07988988,43082.94,coinalyze_current_universe,high_with_survivorship_caveat
2024-02-02,23844250949.1,0,9733401802.75,5317828241.02,8793020905.33,40.82074888,22.30234975,36.87690137,43200,coinalyze_current_universe,high_with_survivorship_caveat
2024-02-03,23937818839.42,0,9795373936.28,5341774913.36,8800669989.79,40.92007715,22.31521155,36.76471131,43011.09,coinalyze_current_universe,high_with_survivorship_caveat
2024-02-04,23654556127.87,0,9738516455.78,5238600108.71,8677439563.38,41.16972816,22.14626257,36.68400927,42582.88,coinalyze_current_universe,high_with_survivorship_caveat
2024-02-05,24169855658.76,0,10028345983.13,5317367906.53,8824141769.1,41.49112897,21.9999986,36.50887243,42708.7,coinalyze_current_universe,high_with_survivorship_caveat
2024-02-06,25081392628.05,0,10192739282.44,5876975429.33,9011677916.28,40.63864967,23.43161529,35.92973504,43098.95,coinalyze_current_universe,high_with_survivorship_caveat
2024-02-07,25986739952.36,0,10714486405.5,5901860351.86,9370393195,41.23059077,22.71104557,36.05836366,44349.6,coinalyze_current_universe,high_with_survivorship_caveat
2024-02-08,26482831212.58,0,11247785490.86,5771289723.98,9463755997.73,42.47199025,21.79257073,35.73543902,45288.65,coinalyze_current_universe,high_with_survivorship_caveat
2024-02-09,26995404947.54,0,11238400576.25,5820255777.81,9936748593.47,41.63079086,21.56017214,36.80903699,47132.77,coinalyze_current_universe,high_with_survivorship_caveat
2024-02-10,27521950932.2,0,11586677047.93,5847647710.41,10087626173.86,42.09976639,21.24721363,36.65301998,47751.09,coinalyze_current_universe,high_with_survivorship_caveat
2024-02-11,27972503140.22,0,11935740454.88,5879557407.51,10157205277.82,42.66954729,21.01906068,36.31139204,48299.99,coinalyze_current_universe,high_with_survivorship_caveat
2024-02-12,29687421207.46,0,12729092465.15,6417408097.75,10540920644.56,42.87705684,21.61658991,35.50635325,49917.27,coinalyze_current_universe,high_with_survivorship_caveat
2024-02-13,29240280642.34,0,12270897117.93,6482961403.94,10486422120.46,41.96572963,22.17133783,35.86293254,49699.59,coinalyze_current_universe,high_with_survivorship_caveat
2024-02-14,30836735045.55,0,12983911963.8,6700500500.02,11152322581.73,42.10533944,21.72895571,36.16570485,51795.17,coinalyze_current_universe,high_with_survivorship_caveat
2024-02-15,30854241924.13,0,12715718649.83,6915128017.11,11223395257.19,41.21222191,22.41224411,36.37553399,51880,coinalyze_current_universe,high_with_survivorship_caveat
2024-02-16,30605103655.67,0,12744815093.86,6725278838.79,11135009723.02,41.64277709,21.9743704,36.38285251,52124.11,coinalyze_current_universe,high_with_survivorship_caveat
2024-02-17,30591377807.77,0,12794083308.78,6694574508.25,11102719990.74,41.82251414,21.88386071,36.29362515,51642.64,coinalyze_current_universe,high_with_survivorship_caveat
2024-02-18,31139440439.05,0,12659647413.73,6983945275.37,11495847749.95,40.65470424,22.42797294,36.91732282,52137.67,coinalyze_current_universe,high_with_survivorship_caveat
2024-02-19,32050393241.61,0,12830404797.02,7190138748.34,12029849696.25,40.03197309,22.433855,37.53417191,51774.73,coinalyze_current_universe,high_with_survivorship_caveat
2024-02-20,31499999887.15,0,12577784091.12,7453152888.39,11469062907.63,39.92947345,23.66080291,36.40972365,52258.82,coinalyze_current_universe,high_with_survivorship_caveat
2024-02-21,31092496786.67,0,12565961557.9,7445601218.2,11080934010.56,40.41477159,23.94661731,35.6386111,51849.39,coinalyze_current_universe,high_with_survivorship_caveat
2024-02-22,30852790783.47,0,12264099743.04,7304900104.9,11283790935.53,39.75037406,23.67662671,36.57299923,51288.42,coinalyze_current_universe,high_with_survivorship_caveat
2024-02-23,30609914981.11,0,12446134360.16,6870586324.62,11293194296.33,40.66046694,22.44562368,36.89390939,50744.15,coinalyze_current_universe,high_with_survivorship_caveat
2024-02-24,31735439183.18,0,12590865166.48,7223539086.47,11921034930.23,39.67446328,22.76174294,37.56379378,51568.22,coinalyze_current_universe,high_with_survivorship_caveat
2024-02-25,32512655293.7,0,12424319511.57,7959735179.33,12128600602.8,38.21379521,24.48195974,37.30424505,51728.85,coinalyze_current_universe,high_with_survivorship_caveat
2024-02-26,33636619606.61,0,13217325134.08,7822155092.46,12597139380.07,39.29445137,23.25487871,37.45066992,54476.47,coinalyze_current_universe,high_with_survivorship_caveat
2024-02-27,33673906707.15,0,13227741818.92,7565219628.84,12880945259.39,39.28187464,22.46611804,38.25200732,57037.34,coinalyze_current_universe,high_with_survivorship_caveat
2024-02-28,34084150109.23,0,13766552484.23,7409912953.53,12907684671.47,40.38989513,21.74005492,37.87004995,62432.1,coinalyze_current_universe,high_with_survivorship_caveat
2024-02-29,34368080916.42,0,13516395553.44,7579536003.05,13272149359.93,39.32833953,22.05399836,38.6176621,61130.98,coinalyze_current_universe,high_with_survivorship_caveat
2024-03-01,36116734384.41,0,13918723235.04,7610392418.96,14587618730.41,38.53815543,21.07165155,40.39019302,62387.9,coinalyze_current_universe,high_with_survivorship_caveat
2024-03-02,36969059316.63,0,13836432760.64,7575159252.68,15557467303.31,37.42706203,20.49053828,42.08239969,61987.28,coinalyze_current_universe,high_with_survivorship_caveat
2024-03-03,37566817927.69,0,14386201506.14,7752803869.27,15427812552.29,38.2949696,20.63737175,41.06765865,63113.97,coinalyze_current_universe,high_with_survivorship_caveat
2024-03-04,39910142755.8,0,16205045732.07,7771890896.32,15933206127.42,40.60382803,19.47347306,39.92269891,68245.71,coinalyze_current_universe,high_with_survivorship_caveat
2024-03-05,35691162735.87,0,14660241707.67,7618180416.51,13412740611.69,41.07527069,21.34472467,37.58000464,63724.01,coinalyze_current_universe,high_with_survivorship_caveat
2024-03-06,37315110517.25,0,14882620136.64,8147960096.94,14284530283.68,39.88362872,21.83555129,38.28081998,66074.04,coinalyze_current_universe,high_with_survivorship_caveat
2024-03-07,38429926999.57,0,15046251538.68,8232059573.34,15151615887.55,39.15243331,21.42096074,39.42660596,66823.17,coinalyze_current_universe,high_with_survivorship_caveat
2024-03-08,39198370573.95,0,15220340124.9,8462247328.74,15515783120.3,38.82901228,21.58826299,39.58272472,68124.19,coinalyze_current_universe,high_with_survivorship_caveat
2024-03-09,40390433924.81,0,15279746866.36,8616463403.29,16494223655.16,37.83011318,21.33293101,40.83695581,68313.27,coinalyze_current_universe,high_with_survivorship_caveat
2024-03-10,40759869155.19,0,16128688704.01,8498335073.63,16132845377.55,39.5700208,20.84976044,39.58021876,68955.88,coinalyze_current_universe,high_with_survivorship_caveat
2024-03-11,43222391300.01,0,17403130421.91,8846635743.51,16972625134.6,40.26415452,20.46771471,39.26813076,72078.1,coinalyze_current_universe,high_with_survivorship_caveat
2024-03-12,42957415748.31,0,17278287363.62,8850529879.18,16828598505.5,40.22189664,20.60303146,39.1750719,71452.01,coinalyze_current_universe,high_with_survivorship_caveat
2024-03-13,44103796393.2,0,17414575825.45,9032451837.57,17656768730.19,39.48543493,20.47998716,40.03457791,73072.41,coinalyze_current_universe,high_with_survivorship_caveat
2024-03-14,45092127138.35,0,17960908689.85,9157353801.58,17973864646.92,39.83158442,20.30809896,39.86031662,71388.94,coinalyze_current_universe,high_with_survivorship_caveat
2024-03-15,41222611656.12,0,16151659378.81,8673424976.87,16397527300.44,39.18155287,21.04045481,39.77799232,69499.85,coinalyze_current_universe,high_with_survivorship_caveat
2024-03-16,39074669588.77,0,15370166832.09,8531523514.99,15172979241.69,39.33537249,21.83389803,38.83072948,65300.63,coinalyze_current_universe,high_with_survivorship_caveat
2024-03-17,40627523879.8,0,16038715329.48,8664674108.94,15924134441.38,39.47746207,21.3271036,39.19543433,68393.48,coinalyze_current_universe,high_with_survivorship_caveat
2024-03-18,39612978714.74,0,15910195903.74,8618080075.13,15084702735.87,40.16409879,21.75569814,38.08020307,67609.99,coinalyze_current_universe,high_with_survivorship_caveat
2024-03-19,35856082533.24,0,14590615769.72,7801619970.12,13463846793.4,40.69216361,21.7581493,37.54968709,61937.4,coinalyze_current_universe,high_with_survivorship_caveat
2024-03-20,38650097745.33,0,15640477406.23,8300501911.72,14709118427.38,40.46685085,21.4760179,38.05713125,67840.51,coinalyze_current_universe,high_with_survivorship_caveat
2024-03-21,37722800028.54,0,14956192043.01,8258595823.03,14508012162.5,39.64761903,21.89284946,38.45953151,65501.27,coinalyze_current_universe,high_with_survivorship_caveat
2024-03-22,36894221200.78,0,14618389899.61,8001817550.36,14274013750.81,39.62243794,21.68853899,38.68902307,63796.64,coinalyze_current_universe,high_with_survivorship_caveat
2024-03-23,37159930548.43,0,14738614772.26,7974330781.83,14446984994.34,39.66265425,21.45948785,38.8778579,63990.01,coinalyze_current_universe,high_with_survivorship_caveat
2024-03-24,39173983428.41,0,15574637221.54,8246093347.69,15353252859.18,39.75760405,21.049923,39.19247295,67209.99,coinalyze_current_universe,high_with_survivorship_caveat
2024-03-25,41385560316.76,0,16539304187.49,8682265745.49,16163990383.79,39.96394893,20.97897353,39.05707754,69880.01,coinalyze_current_universe,high_with_survivorship_caveat
2024-03-26,42183226079.78,0,16696768034.86,8727291899.22,16759166145.7,39.58153415,20.68901009,39.72945577,69988,coinalyze_current_universe,high_with_survivorship_caveat
2024-03-27,42409867062.45,0,16994479766.28,8625158406.25,16790228889.92,40.0719949,20.33762189,39.59038321,69469.99,coinalyze_current_universe,high_with_survivorship_caveat
2024-03-28,43861514710.12,0,17302091073.52,8798667070.34,17760756566.26,39.44708975,20.06010766,40.49280259,70780.6,coinalyze_current_universe,high_with_survivorship_caveat
2024-03-29,43552010935.03,0,16723950039.16,8822609564.38,18005451331.49,38.39994912,20.25763995,41.34241094,69850.54,coinalyze_current_universe,high_with_survivorship_caveat
2024-03-30,43538148575.5,0,16733011483.37,8912694216.81,17892442875.32,38.43298815,20.47099959,41.09601226,69582.18,coinalyze_current_universe,high_with_survivorship_caveat
2024-03-31,45617559744.23,0,17373224763.29,9331517611.15,18912817369.78,38.08451145,20.45597718,41.45951137,71280.01,coinalyze_current_universe,high_with_survivorship_caveat
2024-04-01,43462986473.45,0,17112991083.21,8951545969.26,17398449420.98,39.37371191,20.59579126,40.03049683,69649.8,coinalyze_current_universe,high_with_survivorship_caveat
2024-04-02,39911512592.72,0,15751306816.71,8327782232.95,15832423543.06,39.4655722,20.86561418,39.66881362,65463.99,coinalyze_current_universe,high_with_survivorship_caveat
2024-04-03,39800447780.93,0,15930527120.43,8330508182.54,15539412477.96,40.02599973,20.9306896,39.04331068,65963.28,coinalyze_current_universe,high_with_survivorship_caveat
2024-04-04,40152655830.68,0,16132621663.67,8315661257.31,15704372909.7,40.17821818,20.71011515,39.11166668,68487.79,coinalyze_current_universe,high_with_survivorship_caveat
2024-04-05,39329131203.25,0,15514748304.9,8437711624.89,15376671273.45,39.44848978,21.45410124,39.09740898,67820.62,coinalyze_current_universe,high_with_survivorship_caveat
2024-04-06,40228403972.99,0,15924903743.49,8416223263.71,15887276965.8,39.58621812,20.92109662,39.49268526,68896,coinalyze_current_universe,high_with_survivorship_caveat
2024-04-07,41427839021.75,0,16408268566.32,8674612913.49,16344957541.94,39.60686571,20.939091,39.45404329,69360.39,coinalyze_current_universe,high_with_survivorship_caveat
2024-04-08,44295660796.17,0,17447401218.79,9535950146.62,17312309430.76,39.38851099,21.5279555,39.08353351,71620,coinalyze_current_universe,high_with_survivorship_caveat
2024-04-09,41862539536.14,0,16797474023.27,8911245459.12,16153820053.75,40.12531062,21.28692038,38.587769,69146,coinalyze_current_universe,high_with_survivorship_caveat
2024-04-10,42027323699.05,0,16766139008.58,8861818047.52,16399366642.96,39.89342535,21.08584908,39.02072557,70631.08,coinalyze_current_universe,high_with_survivorship_caveat
2024-04-11,41585847302.99,0,16733327048.14,8707753328.87,16144766925.98,40.23803321,20.93922306,38.82274373,70006.23,coinalyze_current_universe,high_with_survivorship_caveat
2024-04-12,36532022936.72,0,16316143954.93,7954193054.02,12261685927.77,44.66257996,21.77320722,33.56421283,67116.52,coinalyze_current_universe,high_with_survivorship_caveat
2024-04-13,30353690855.48,0,13934820223.91,6953859515.03,9465011116.54,45.90815756,22.90943644,31.18240599,63924.51,coinalyze_current_universe,high_with_survivorship_caveat
2024-04-14,31342001985.64,0,14319969647.06,7161646126.69,9860386211.89,45.6893904,22.84999577,31.46061383,65661.84,coinalyze_current_universe,high_with_survivorship_caveat
2024-04-15,30097279634.53,0,13840698602.17,6979741366.7,9276839665.65,45.98654354,23.19060543,30.82285103,63419.99,coinalyze_current_universe,high_with_survivorship_caveat
2024-04-16,29824795277.42,0,13743368803.82,6908731615.04,9172694858.57,46.08034582,23.16438906,30.75526512,63793.39,coinalyze_current_universe,high_with_survivorship_caveat
2024-04-17,29337533232.42,0,13621784321.95,6826364373.42,8889384537.06,46.43125315,23.2683652,30.30038165,61277.37,coinalyze_current_universe,high_with_survivorship_caveat
2024-04-18,29928135154.38,0,13881838329.19,6838596482.69,9207700342.5,46.38390684,22.85005881,30.76603435,63470.08,coinalyze_current_universe,high_with_survivorship_caveat
2024-04-19,29996390908.5,0,13746462937.82,6872856017.21,9377071953.47,45.82705626,22.91227647,31.26066727,63818.01,coinalyze_current_universe,high_with_survivorship_caveat
2024-04-20,31367322664.98,0,14156767064.14,7003877125.86,10206678474.98,45.13221359,22.32857806,32.53920835,64940.59,coinalyze_current_universe,high_with_survivorship_caveat
2024-04-21,31175709964.55,0,14114252800.36,6963890208.99,10097566955.2,45.27323617,22.33755131,32.38921252,64941.15,coinalyze_current_universe,high_with_survivorship_caveat
2024-04-22,32455828015.34,0,14738100986.69,7082810233.71,10634916794.94,45.40972111,21.82292262,32.76735627,66819.32,coinalyze_current_universe,high_with_survivorship_caveat
2024-04-23,32399071211.91,0,14585504800.64,7113176480.71,10700389930.56,45.01828063,21.95487776,33.0268416,66414,coinalyze_current_universe,high_with_survivorship_caveat
2024-04-24,31968877359.73,0,14622858912.05,7113570551.71,10232447895.97,45.74092092,22.25154944,32.00752964,64289.59,coinalyze_current_universe,high_with_survivorship_caveat
2024-04-25,31725301235.76,0,14317615641.75,7098899904.83,10308785689.19,45.12995963,22.37614657,32.49389379,64498.34,coinalyze_current_universe,high_with_survivorship_caveat
2024-04-26,31343853566.93,0,14230354075.38,7063152671.05,10050346820.5,45.40078024,22.53441063,32.06480913,63770.01,coinalyze_current_universe,high_with_survivorship_caveat
2024-04-27,31913838325.32,0,14384592824.98,7519470590.76,10009774909.58,45.07321457,23.56178694,31.36499849,63461.98,coinalyze_current_universe,high_with_survivorship_caveat
2024-04-28,31579059263.42,0,14052048130.3,7611134257.64,9915876875.48,44.49799474,24.10183975,31.40016551,63118.62,coinalyze_current_universe,high_with_survivorship_caveat
2024-04-29,31784260746.92,0,14302925023.25,7519671474.6,9961664249.07,45.00002419,23.65847529,31.34150053,63866,coinalyze_current_universe,high_with_survivorship_caveat
2024-04-30,31005463538.14,0,14374813774.74,7223029458.94,9407620304.47,46.362196,23.29598927,30.34181473,60672,coinalyze_current_universe,high_with_survivorship_caveat
2024-05-01,29695863569.61,0,13521074790.25,6838506654.85,9336282124.51,45.53184574,23.0284822,31.43967207,58364.97,coinalyze_current_universe,high_with_survivorship_caveat
2024-05-02,30006562592.69,0,13432033061.68,6914429246.14,9660100284.87,44.76365135,23.04305675,32.1932919,59060.61,coinalyze_current_universe,high_with_survivorship_caveat
2024-05-03,31639571600.24,0,14398602397.66,7087027968.53,10153941234.04,45.50820909,22.39925388,32.09253704,62882.01,coinalyze_current_universe,high_with_survivorship_caveat
2024-05-04,32159569183.39,0,14620751046.11,7115922362.95,10422895774.34,45.46314337,22.12692068,32.40993595,63892.04,coinalyze_current_universe,high_with_survivorship_caveat
2024-05-05,32400307307.66,0,14616175545.61,7190070176.98,10594061585.07,45.11122505,22.19136414,32.69741081,64012,coinalyze_current_universe,high_with_survivorship_caveat
2024-05-06,32019475457.25,0,14333049419.87,7088485992.93,10597940044.45,44.76353599,22.13804534,33.09841868,63165.19,coinalyze_current_universe,high_with_survivorship_caveat
2024-05-07,31582445545.05,0,14221960017.56,6974804309.62,10385681217.88,45.03121836,22.0844339,32.88434774,62312.08,coinalyze_current_universe,high_with_survivorship_caveat
2024-05-08,31258269911.7,0,13941332650.1,7064529750.31,10252407511.29,44.60046154,22.60051426,32.7990242,61193.03,coinalyze_current_universe,high_with_survivorship_caveat
2024-05-09,32145427278.09,0,14148057784.05,7191625007.12,10805744486.92,44.01266053,22.37215559,33.61518387,63074.01,coinalyze_current_universe,high_with_survivorship_caveat
2024-05-10,31887160109.71,0,14229710336.42,7185613470.33,10471836302.96,44.62520427,22.53450431,32.84029141,60799.99,coinalyze_current_universe,high_with_survivorship_caveat
2024-05-11,31709742568.31,0,14135796169.14,7074620947.11,10499325452.06,44.57871627,22.31055939,33.11072434,60825.99,coinalyze_current_universe,high_with_survivorship_caveat
2024-05-12,31745829301.33,0,14122441153.51,7085296678.6,10538091469.22,44.48597332,22.31882686,33.19519981,61483.99,coinalyze_current_universe,high_with_survivorship_caveat
2024-05-13,32368656278.69,0,14511909992.15,7209526845.7,10647219440.84,44.83321726,22.27317311,32.89360964,62940.08,coinalyze_current_universe,high_with_survivorship_caveat
2024-05-14,31470217584.91,0,13911800122.79,7208101052.88,10350316409.23,44.20624066,22.9045161,32.88924324,61577.49,coinalyze_current_universe,high_with_survivorship_caveat
2024-05-15,34367461877.2,0,15542384720.55,7551571536,11273505620.65,45.22412733,21.97302659,32.80284608,66206.5,coinalyze_current_universe,high_with_survivorship_caveat
2024-05-16,33798082427.34,0,14995521924.54,7451059270.92,11351501231.88,44.36796661,22.04580478,33.58622862,65235.21,coinalyze_current_universe,high_with_survivorship_caveat
2024-05-17,35544657512.6,0,15438737766.05,8165617449.79,11940302296.76,43.43476305,22.97284042,33.59239653,67024,coinalyze_current_universe,high_with_survivorship_caveat
2024-05-18,35868171740.14,0,15495271113.36,8282410893.42,12090489733.36,43.20061593,23.0912547,33.70812937,66915.2,coinalyze_current_universe,high_with_survivorship_caveat
2024-05-19,35000504085.2,0,15318945478.9,8010982209.55,11670576396.75,43.76778529,22.88819095,33.34402376,66274.01,coinalyze_current_universe,high_with_survivorship_caveat
2024-05-20,39369010849.58,0,15982080675.46,10314878190.61,13072051983.51,40.59558605,26.20050128,33.20391268,71446.62,coinalyze_current_universe,high_with_survivorship_caveat
2024-05-21,40529246970.95,0,16186675820.72,10938279308.3,13404291841.93,39.93825948,26.9886073,33.07313322,70148.34,coinalyze_current_universe,high_with_survivorship_caveat
2024-05-22,39982640830.15,0,16067618503.57,10743150225.58,13171872101,40.18648636,26.86953639,32.94397725,69166.62,coinalyze_current_universe,high_with_survivorship_caveat
2024-05-23,39198518191.51,0,15481153594.92,10914141383.2,12803223213.39,39.49423169,27.84324992,32.66251839,67969.65,coinalyze_current_universe,high_with_survivorship_caveat
2024-05-24,39220102591.97,0,15510889636.6,10808900900.38,12900312054.99,39.5483148,27.55959364,32.89209156,68549.99,coinalyze_current_universe,high_with_survivorship_caveat
2024-05-25,40395133023.3,0,15892808928.3,11033501724.81,13468822370.2,39.34337565,27.31393834,33.34268602,69290.57,coinalyze_current_universe,high_with_survivorship_caveat
2024-05-26,40895047623.96,0,15739013946.46,11695982300.86,13460051376.64,38.48635681,28.59999677,32.91364642,68507.67,coinalyze_current_universe,high_with_survivorship_caveat
2024-05-27,42346155739.87,0,16080355582.72,12055684227.79,14210115929.36,37.97359005,28.46937111,33.55703884,69436.43,coinalyze_current_universe,high_with_survivorship_caveat
2024-05-28,42258659665.64,0,16107813339.05,11932943959.65,14217902366.94,38.11718939,28.23786664,33.64494397,68398.39,coinalyze_current_universe,high_with_survivorship_caveat
2024-05-29,42059628937.07,0,16400974162.2,11783669884.31,13874984890.57,38.99457645,28.0165807,32.98884284,67652.42,coinalyze_current_universe,high_with_survivorship_caveat
2024-05-30,41125037175.6,0,16065796118.67,11521629966.63,13537611090.31,39.06573032,28.01609617,32.9181735,68352.17,coinalyze_current_universe,high_with_survivorship_caveat
2024-05-31,41597335891.67,0,16312553048.92,11606998748.29,13677784094.46,39.2153793,27.90322625,32.88139445,67540.01,coinalyze_current_universe,high_with_survivorship_caveat
2024-06-01,42186891370.37,0,16226557703.34,11960962120.49,13999371546.54,38.4635065,28.35231924,33.18417426,67766.85,coinalyze_current_universe,high_with_survivorship_caveat
2024-06-02,41911778211.08,0,16276141491.58,11722253619.64,13913383099.86,38.83428999,27.96887682,33.19683319,67765.63,coinalyze_current_universe,high_with_survivorship_caveat
2024-06-03,42793725741.44,0,16883905849.3,11825299925.95,14084519966.19,39.45416193,27.63325633,32.91258174,68809.9,coinalyze_current_universe,high_with_survivorship_caveat
2024-06-04,44669677566.28,0,17749340801.09,11923887432.41,14996449332.78,39.73465171,26.69347101,33.57187728,70537.84,coinalyze_current_universe,high_with_survivorship_caveat
2024-06-05,45850873167.43,0,18200251093.94,12202255633.74,15448366439.75,39.69444819,26.61291878,33.69263304,71108,coinalyze_current_universe,high_with_survivorship_caveat
2024-06-06,45345702003.89,0,18175518824.85,11906848429.58,15263334749.46,40.08212029,26.25794266,33.65993705,70799.06,coinalyze_current_universe,high_with_survivorship_caveat
2024-06-07,42306332954.87,0,17883372327.08,11408203084.69,13014757543.1,42.27114732,26.96571007,30.76314262,69355.6,coinalyze_current_universe,high_with_survivorship_caveat
2024-06-08,41785844761.14,0,17774362294.49,11359274393.59,12652208073.06,42.53680258,27.18450341,30.27869401,69310.46,coinalyze_current_universe,high_with_survivorship_caveat
2024-06-09,42379210159.49,0,18087818822.36,11436518112.78,12854873224.35,42.68087761,26.9861521,30.33297028,69648.14,coinalyze_current_universe,high_with_survivorship_caveat
2024-06-10,41771733055.52,0,18200990326.72,11292647620.08,12278095108.73,43.57250465,27.03418507,29.39331029,69540,coinalyze_current_universe,high_with_survivorship_caveat
2024-06-11,40019249230.41,0,17537245411.25,10813958444.07,11668045375.09,43.82202502,27.02189234,29.15608263,67314.24,coinalyze_current_universe,high_with_survivorship_caveat
2024-06-12,40135262459.12,0,17375167467.6,10681885301.65,12078209689.87,43.29152571,26.61471396,30.09376032,68263.99,coinalyze_current_universe,high_with_survivorship_caveat
2024-06-13,39220921076.25,0,17291390255.74,10399483382.99,11530047437.52,44.08716007,26.51514319,29.39769674,66773.01,coinalyze_current_universe,high_with_survivorship_caveat
2024-06-14,38634665301.9,0,16917222144.4,10516439217.74,11201003939.76,43.7876762,27.22021567,28.99210813,66043.99,coinalyze_current_universe,high_with_survivorship_caveat
2024-06-15,39678879129.87,0,17012146206.39,11255557587.33,11411175336.15,42.87456344,28.36662183,28.75881473,66228.25,coinalyze_current_universe,high_with_survivorship_caveat
2024-06-16,40273590848.06,0,17204023176.93,11395529148.02,11674038523.1,42.71787743,28.29528956,28.986833,66676.87,coinalyze_current_universe,high_with_survivorship_caveat
2024-06-17,38395273480.77,0,16976300512.07,10587652458.54,10831320510.17,44.21455813,27.57540577,28.2100361,66504.33,coinalyze_current_universe,high_with_survivorship_caveat
2024-06-18,36924290350.53,0,16547987224.99,10527200232.97,9849102892.57,44.81599258,28.51023035,26.67377707,65175.32,coinalyze_current_universe,high_with_survivorship_caveat
2024-06-19,37565899612.54,0,16533516750.16,11059776772.52,9972606089.86,44.01203464,29.44100071,26.54696465,64974.37,coinalyze_current_universe,high_with_survivorship_caveat
2024-06-20,37044397538.77,0,16461897018.57,10672943934.62,9909556585.59,44.43829057,28.81122287,26.75048656,64869.99,coinalyze_current_universe,high_with_survivorship_caveat
2024-06-21,37240383810.91,0,16470759365.06,10776555146.51,9993069299.34,44.2282213,28.93781976,26.83395894,64143.56,coinalyze_current_universe,high_with_survivorship_caveat
2024-06-22,37299700212.05,0,16588535632.25,10593847792.09,10117316787.72,44.47364332,28.40196498,27.1243917,64262.01,coinalyze_current_universe,high_with_survivorship_caveat
2024-06-23,36622033176.42,0,16371789666.61,10407732748.57,9842510761.24,44.70475352,28.41931986,26.87592661,63210.01,coinalyze_current_universe,high_with_survivorship_caveat
2024-06-24,36128911518.9,0,15562982491.49,10494568304.77,10071360722.64,43.07625621,29.04756292,27.87618087,60293.3,coinalyze_current_universe,high_with_survivorship_caveat
2024-06-25,36525178454.9,0,15652358615.36,10486421147.63,10386398691.91,42.85361298,28.71011612,28.4362709,61806.01,coinalyze_current_universe,high_with_survivorship_caveat
2024-06-26,36190770267.56,0,15450124455.26,10464750931.49,10275894880.8,42.69078647,28.91552419,28.39368934,60864.99,coinalyze_current_universe,high_with_survivorship_caveat
2024-06-27,37309530033.01,0,15635097490.59,10911953767.72,10762478774.7,41.90644448,29.2470952,28.84646032,61706.47,coinalyze_current_universe,high_with_survivorship_caveat
2024-06-28,36867360628.19,0,15828283470.5,10711840785.37,10327236372.31,42.93305298,29.05507908,28.01186794,60427.84,coinalyze_current_universe,high_with_survivorship_caveat
2024-06-29,37045354414.83,0,16102239826.74,10648052488.81,10295062099.29,43.46628634,28.74328686,27.79042679,60986.68,coinalyze_current_universe,high_with_survivorship_caveat
2024-06-30,38206588481.48,0,16881739182.92,10675644960.67,10649204337.88,44.1854137,27.94189532,27.87269097,62772.01,coinalyze_current_universe,high_with_survivorship_caveat
2024-07-01,37857302405.92,0,16500347280.36,10637097884.73,10719857240.82,43.58563931,28.09787599,28.31648469,62899.99,coinalyze_current_universe,high_with_survivorship_caveat
2024-07-02,38652380577.29,0,16837918162.31,10749767968.99,11064694445.99,43.56243499,27.81139948,28.62616553,62135.47,coinalyze_current_universe,high_with_survivorship_caveat
2024-07-03,37192300972.7,0,16523754170.97,10422439140.18,10246107661.55,44.42788894,28.02310927,27.54900179,60208.58,coinalyze_current_universe,high_with_survivorship_caveat
2024-07-04,34404170020.32,0,15417493273.32,9732548516.01,9254128230.99,44.81286212,28.28886298,26.89827491,57050.01,coinalyze_current_universe,high_with_survivorship_caveat
2024-07-05,31672335986.1,0,14327532054.4,8827372900.44,8517431031.26,45.23673928,27.87092466,26.89233606,56628.79,coinalyze_current_universe,high_with_survivorship_caveat
2024-07-06,32647746436.24,0,14500183707.76,9062396834.66,9085165893.81,44.41404167,27.75810837,27.82784996,58230.13,coinalyze_current_universe,high_with_survivorship_caveat
2024-07-07,31182027374.36,0,14160319544.76,8637232904.84,8384474924.75,45.41179884,27.69939491,26.88880625,55857.81,coinalyze_current_universe,high_with_survivorship_caveat
2024-07-08,31060628862.42,0,13830005802.48,8640626291.91,8589996768.04,44.52583965,27.8185813,27.65557905,56714.62,coinalyze_current_universe,high_with_survivorship_caveat
2024-07-09,32368375232.33,0,14538421706.14,8959132434.15,8870821092.04,44.91551276,27.67865971,27.40582753,58050,coinalyze_current_universe,high_with_survivorship_caveat
2024-07-10,32712307824.42,0,14525169319.45,9136703723.77,9050434781.2,44.40276546,27.93047734,27.6667572,57725.85,coinalyze_current_universe,high_with_survivorship_caveat
2024-07-11,32826184427.6,0,14804065326.79,9142011851.64,8880107249.17,45.09834324,27.84975473,27.05190202,57339.89,coinalyze_current_universe,high_with_survivorship_caveat
2024-07-12,33028028760.36,0,14642875236.96,9294201350.16,9090952173.23,44.33469325,28.14034533,27.52496142,57889.1,coinalyze_current_universe,high_with_survivorship_caveat
2024-07-13,33981395614.25,0,15243176926.17,9436095488.27,9302123199.81,44.85741875,27.76841656,27.37416469,59204.02,coinalyze_current_universe,high_with_survivorship_caveat
2024-07-14,35092386089.56,0,15771925498.08,9676677162.08,9643783429.39,44.94400996,27.57486236,27.48112769,60797.91,coinalyze_current_universe,high_with_survivorship_caveat
2024-07-15,37526955646.42,0,16620280038.06,10228905583.25,10677770025.11,44.28891114,27.2574884,28.45360046,64724.14,coinalyze_current_universe,high_with_survivorship_caveat
2024-07-16,37175304676.85,0,16583431477.01,9920621211.23,10671251988.61,44.6087305,26.6860522,28.7052173,65043.99,coinalyze_current_universe,high_with_survivorship_caveat
2024-07-17,36873906635.94,0,16238899930.33,9942032668.15,10692974037.46,44.03900051,26.96224397,28.99875552,64087.99,coinalyze_current_universe,high_with_survivorship_caveat
2024-07-18,37147684218.34,0,16365042624.02,10055918351.98,10726723242.34,44.0540049,27.07010831,28.8758868,63987.92,coinalyze_current_universe,high_with_survivorship_caveat
2024-07-19,39533739294.37,0,17722603321,10356676264.83,11454459708.54,44.82905902,26.19705712,28.97388386,66660,coinalyze_current_universe,high_with_survivorship_caveat
2024-07-20,39795696874.77,0,17671668609.37,10329527189.43,11794501075.97,44.40597853,25.95639228,29.6376292,67139.96,coinalyze_current_universe,high_with_survivorship_caveat
2024-07-21,40228004155.4,0,17758324871.69,10204379832.56,12265299451.15,44.14418573,25.3663587,30.48945556,68165.34,coinalyze_current_universe,high_with_survivorship_caveat
2024-07-22,39391920458.48,0,17549911677.98,10119992185.4,11722016595.1,44.55205909,25.69052757,29.75741334,67532.01,coinalyze_current_universe,high_with_survivorship_caveat
2024-07-23,39010701332.4,0,17106681119.31,10529755563.27,11374264649.81,43.85125244,26.99196683,29.15678073,65936.01,coinalyze_current_universe,high_with_survivorship_caveat
2024-07-24,38641556815.16,0,16992346981.87,10351130513.93,11298079319.37,43.97428153,26.78756077,29.2381577,65376,coinalyze_current_universe,high_with_survivorship_caveat
2024-07-25,37702096664.98,0,17190341180.49,9666236064.12,10845519420.38,45.59518621,25.63845759,28.7663562,65799.95,coinalyze_current_universe,high_with_survivorship_caveat
2024-07-26,39629258755.46,0,18061115017.93,9850156701.17,11717987036.36,45.57520273,24.85576821,29.56902906,67907.99,coinalyze_current_universe,high_with_survivorship_caveat
2024-07-27,39388873442.12,0,18395970204.05,9445560490.03,11547342748.04,46.70346876,23.98027581,29.31625543,67896.5,coinalyze_current_universe,high_with_survivorship_caveat
2024-07-28,39730919147.33,0,18644285531.41,9628239090.74,11458394525.17,46.92638865,24.23361779,28.83999356,68249.88,coinalyze_current_universe,high_with_survivorship_caveat
2024-07-29,40205085762.8,0,18537397075.81,10116528911.29,11551159775.7,46.10709497,25.16231148,28.73059355,66784.69,coinalyze_current_universe,high_with_survivorship_caveat
2024-07-30,39595773462.8,0,18198400182.29,10081340908.97,11316032371.55,45.96046141,25.46064902,28.57888957,66188,coinalyze_current_universe,high_with_survivorship_caveat
2024-07-31,38799154878.12,0,17799469112.77,10000716252.94,10998969512.42,45.87591964,25.77560332,28.34847704,64628,coinalyze_current_universe,high_with_survivorship_caveat
2024-08-01,38276778045.36,0,17882208787.67,9776483426.93,10618085830.76,46.71816621,25.54155268,27.74028111,65354.02,coinalyze_current_universe,high_with_survivorship_caveat
2024-08-02,35966957862.59,0,16840991692.69,9468552339.02,9657413830.88,46.82350884,26.32569698,26.85079419,61498.33,coinalyze_current_universe,high_with_survivorship_caveat
2024-08-03,34329094931.71,0,16335593541.69,8931981507.59,9061519882.43,47.585273,26.01869209,26.39603491,60697.99,coinalyze_current_universe,high_with_survivorship_caveat
2024-08-04,32666966090.56,0,15792766815.69,8325670320.73,8548528954.14,48.34476141,25.48651227,26.16872632,58161,coinalyze_current_universe,high_with_survivorship_caveat
2024-08-05,26477684596.28,0,12827477057.17,6637262553.09,7012944986.02,48.44637004,25.0673828,26.48624717,54018.81,coinalyze_current_universe,high_with_survivorship_caveat
2024-08-06,27975885137.49,0,13483411510.73,6833682587.09,7658791039.67,48.19655015,24.42704691,27.37640293,56022.01,coinalyze_current_universe,high_with_survivorship_caveat
2024-08-07,27825177926.53,0,13446029556.28,6682285894.28,7696862475.96,48.32324735,24.01524947,27.66150318,55134.16,coinalyze_current_universe,high_with_survivorship_caveat
2024-08-08,30147146890.86,0,14307184663.05,7183425114.5,8656537113.3,47.45783976,23.82787711,28.71428313,61685.99,coinalyze_current_universe,high_with_survivorship_caveat
2024-08-09,29324857620.31,0,13919027158.54,6970540645.77,8435289815.99,47.4649437,23.77007499,28.76498132,60837.99,coinalyze_current_universe,high_with_survivorship_caveat
2024-08-10,29628679764.42,0,14018462529.13,6991977537.39,8618239697.9,47.31382782,23.59868071,29.08749147,60923.51,coinalyze_current_universe,high_with_survivorship_caveat
2024-08-11,28637736780.12,0,13683371649.46,6988153413.25,7966211717.4,47.78091144,24.40190531,27.81718325,58712.59,coinalyze_current_universe,high_with_survivorship_caveat
2024-08-12,29281661107.33,0,13417347673.94,7446209603.92,8418103829.47,45.8216753,25.42960106,28.74872364,59346.64,coinalyze_current_universe,high_with_survivorship_caveat
2024-08-13,29880092249,0,14156997131.64,7284801942.71,8438293174.65,47.3793622,24.38011865,28.24051915,60587.15,coinalyze_current_universe,high_with_survivorship_caveat
2024-08-14,29747993713.67,0,14196889172.95,7217313820.54,8333790720.18,47.72385429,24.26151454,28.01463117,58683.39,coinalyze_current_universe,high_with_survivorship_caveat
2024-08-15,29529157151.81,0,14380690092.89,6975339650.21,8173127408.72,48.69996803,23.62187181,27.67816015,57541.06,coinalyze_current_universe,high_with_survivorship_caveat
2024-08-16,29673424882.7,0,14466457177.68,7055120092.66,8151847612.36,48.7522328,23.77588742,27.47187979,58874.6,coinalyze_current_universe,high_with_survivorship_caveat
2024-08-17,30222203396.98,0,14691085399.45,7105869190.83,8425248806.71,48.61023932,23.51208182,27.87767886,59491.99,coinalyze_current_universe,high_with_survivorship_caveat
2024-08-18,29945692138.34,0,14498982712.02,7108660314.99,8338049111.33,48.4175909,23.7385073,27.8439018,58427.35,coinalyze_current_universe,high_with_survivorship_caveat
2024-08-19,30352357203.2,0,14489119078.46,7127998452.61,8735239672.14,47.73638825,23.48416765,28.77944409,59438.5,coinalyze_current_universe,high_with_survivorship_caveat
2024-08-20,30598215884.94,0,14583531838.33,7117506827.11,8897177219.49,47.66137965,23.26118246,29.07743789,59013.8,coinalyze_current_universe,high_with_survivorship_caveat
2024-08-21,31833016477.3,0,15515010007.73,7181970061.35,9136036408.22,48.73873646,22.56138706,28.69987648,61156.03,coinalyze_current_universe,high_with_survivorship_caveat
2024-08-22,31752739291.32,0,15222086818.96,7205175800.46,9325476671.9,47.93944447,22.69150934,29.3690462,60375.84,coinalyze_current_universe,high_with_survivorship_caveat
2024-08-23,34153732805.56,0,16346584005.95,7665477144.62,10141671654.99,47.86177868,22.4440391,29.69418222,64037.24,coinalyze_current_universe,high_with_survivorship_caveat
2024-08-24,34701055357.97,0,16511500059.19,7676659319.43,10512895979.35,47.58212651,22.1222647,30.2956088,64157.01,coinalyze_current_universe,high_with_survivorship_caveat
2024-08-25,34696656192.03,0,16748132160.69,7650194289.83,10298329741.52,48.27016202,22.04879412,29.68104386,64220,coinalyze_current_universe,high_with_survivorship_caveat
2024-08-26,33240460720.52,0,15916883955.32,7578163104.98,9745413660.23,47.88406541,22.79800863,29.31792595,62834,coinalyze_current_universe,high_with_survivorship_caveat
2024-08-27,30662342664.9,0,14826734000.64,6943200099.77,8892408564.49,48.35486369,22.6440627,29.0010736,59415,coinalyze_current_universe,high_with_survivorship_caveat
2024-08-28,30197729282.35,0,14550015569.11,6959275704.7,8688438008.53,48.18248231,23.04569208,28.77182561,59034.9,coinalyze_current_universe,high_with_survivorship_caveat
2024-08-29,30507410305.06,0,14762627202.41,7050321367.09,8694461735.56,48.39029945,23.11019289,28.49950766,59359.01,coinalyze_current_universe,high_with_survivorship_caveat
2024-08-30,30318899918.78,0,14645584130.05,6987588777.69,8685727011.04,48.30513036,23.04697333,28.64789631,59123.99,coinalyze_current_universe,high_with_survivorship_caveat
2024-08-31,30239776845.76,0,14659893664.64,6977797566.86,8602085614.26,48.47884209,23.07489768,28.44626023,58973.99,coinalyze_current_universe,high_with_survivorship_caveat
2024-09-01,29240648836.58,0,14343224328.95,6717750808.84,8179673698.78,49.0523463,22.97401418,27.97363952,57301.86,coinalyze_current_universe,high_with_survivorship_caveat
2024-09-02,30433090316.19,0,14730161858.55,7099791718.93,8603136738.71,48.40179458,23.32918427,28.26902115,59132.13,coinalyze_current_universe,high_with_survivorship_caveat
2024-09-03,29989103236.94,0,14692859484.41,6951433061.7,8344810690.83,48.99399415,23.17986305,27.8261428,57487.73,coinalyze_current_universe,high_with_survivorship_caveat
2024-09-04,29670567243.19,0,14338867759.57,6850425861.81,8481273621.81,48.32690808,23.08828748,28.58480444,57970.9,coinalyze_current_universe,high_with_survivorship_caveat
2024-09-05,29495792051.82,0,14256695808.54,6843574220.57,8395522022.71,48.33467697,23.20186625,28.46345678,56180,coinalyze_current_universe,high_with_survivorship_caveat
2024-09-06,28884128077.23,0,14177146876.8,6625150458.82,8081830741.61,49.08282791,22.93699308,27.98017901,53962.97,coinalyze_current_universe,high_with_survivorship_caveat
2024-09-07,28992318619.99,0,14024529383.53,6714828030.16,8252961206.3,48.37325903,23.16071411,28.46602686,54160.86,coinalyze_current_universe,high_with_survivorship_caveat
2024-09-08,29471467497.52,0,14254378850.15,6754227410.91,8462861236.46,48.36670875,22.91785237,28.71543888,54869.95,coinalyze_current_universe,high_with_survivorship_caveat
2024-09-09,30431751758.86,0,14823864572.11,6785661159.53,8822226027.22,48.71183457,22.29796435,28.99020108,57042,coinalyze_current_universe,high_with_survivorship_caveat
2024-09-10,30719699465.58,0,14880437246.16,6813647620.53,9025614598.9,48.43939721,22.1800595,29.38054329,57635.99,coinalyze_current_universe,high_with_survivorship_caveat
2024-09-11,30494433033.37,0,14762276579.53,6823754903.32,8908401550.53,48.40974273,22.37705123,29.21320603,57338,coinalyze_current_universe,high_with_survivorship_caveat
2024-09-12,31234047864.75,0,15016196963.95,6886196213.65,9331654687.16,48.07637175,22.04708222,29.87654603,58132.32,coinalyze_current_universe,high_with_survivorship_caveat
2024-09-13,32966476264.95,0,16030811362.25,7197289341.48,9738375561.23,48.62761562,21.83214634,29.54023804,60498,coinalyze_current_universe,high_with_survivorship_caveat
2024-09-14,32563395835.33,0,15702302584.65,7142353372.42,9718739878.25,48.22071587,21.93368716,29.84559696,59993.03,coinalyze_current_universe,high_with_survivorship_caveat
2024-09-15,31592044614.66,0,15374203617.88,6867738400.64,9350102596.14,48.66479459,21.73882218,29.59638324,59132,coinalyze_current_universe,high_with_survivorship_caveat
2024-09-16,31198842347.72,0,14976613994.99,7006967040.87,9215261311.87,48.00374908,22.45906102,29.5371899,58213.99,coinalyze_current_universe,high_with_survivorship_caveat
2024-09-17,32060161093.06,0,15554161397.62,7062041309.7,9443958385.73,48.51554349,22.0274667,29.45698981,60313.99,coinalyze_current_universe,high_with_survivorship_caveat
2024-09-18,32828390970.92,0,16003703279,7025427662.88,9799260029.04,48.74958171,21.400463,29.8499553,61759.99,coinalyze_current_universe,high_with_survivorship_caveat
2024-09-19,34681699789.77,0,16714440964.53,7488374461.52,10478884363.72,48.1938344,21.59171698,30.21444862,62947.99,coinalyze_current_universe,high_with_survivorship_caveat
2024-09-20,35413699891.76,0,16718537723.23,7786144146.58,10909018021.95,47.2092376,21.98624874,30.80451366,63201.05,coinalyze_current_universe,high_with_survivorship_caveat
2024-09-21,36234611044.88,0,16823525799.64,8051057233.91,11360028011.34,46.4294367,22.21924564,31.35131766,63348.96,coinalyze_current_universe,high_with_survivorship_caveat
2024-09-22,35118892407.77,0,16651760599.31,7699863681.55,10767268126.91,47.41539228,21.92513247,30.65947525,63578.76,coinalyze_current_universe,high_with_survivorship_caveat
2024-09-23,36256104703.35,0,16856033918.71,8087300252.49,11312770532.15,46.49157447,22.30603734,31.20238819,63339.99,coinalyze_current_universe,high_with_survivorship_caveat
2024-09-24,37485248028.73,0,17429248256.3,8041322018.45,12014677753.98,46.49628633,21.45196428,32.05174938,64262.7,coinalyze_current_universe,high_with_survivorship_caveat
2024-09-25,36686639446.7,0,17059192927.62,7913355157.04,11714091362.04,46.49974264,21.57012819,31.93012917,63152.01,coinalyze_current_universe,high_with_survivorship_caveat
2024-09-26,37995041885.73,0,17510311662.15,7924777214.48,12559953009.09,46.08578065,20.85739828,33.05682106,65173.99,coinalyze_current_universe,high_with_survivorship_caveat
2024-09-27,38871184422.9,0,17529244017.87,8195163000.38,13146777404.66,45.09572908,21.08287443,33.82139649,65769.95,coinalyze_current_universe,high_with_survivorship_caveat
2024-09-28,38841344374,0,17434658453.84,8181336401.85,13225349518.31,44.88685635,21.06347382,34.04966983,65858,coinalyze_current_universe,high_with_survivorship_caveat
2024-09-29,39008265990.99,0,17445304221.83,8097748791.47,13465212977.69,44.72207051,20.75905859,34.5188709,65602.01,coinalyze_current_universe,high_with_survivorship_caveat
2024-09-30,38088628046.74,0,17049188379.44,8288769159.94,12750670507.36,44.7618863,21.76179502,33.47631868,63327.59,coinalyze_current_universe,high_with_survivorship_caveat
2024-10-01,35631330975.82,0,16302028629.61,7751204078.27,11578098267.95,45.75194971,21.75389991,32.49415038,60805.78,coinalyze_current_universe,high_with_survivorship_caveat
2024-10-02,34206916802.55,0,15877426722.85,7412644113.25,10916845966.45,46.41583693,21.67001532,31.91414774,60649.28,coinalyze_current_universe,high_with_survivorship_caveat
2024-10-03,34146963724.05,0,16181492481.07,7388967674.64,10576503568.34,47.38779299,21.63872529,30.97348172,60752.71,coinalyze_current_universe,high_with_survivorship_caveat
2024-10-04,34972029535.56,0,16407050555.03,7484198816.68,11080780163.85,46.91477953,21.40052755,31.68469291,62086,coinalyze_current_universe,high_with_survivorship_caveat
2024-10-05,34922100737.15,0,16382467679.22,7477835615.15,11061797442.78,46.91146103,21.41290317,31.6756358,62058,coinalyze_current_universe,high_with_survivorship_caveat
2024-10-06,36084384503.99,0,16846526333.76,7526696295.66,11711161874.57,46.68647274,20.85859687,32.4549304,62819.91,coinalyze_current_universe,high_with_survivorship_caveat
2024-10-07,35145474678.31,0,16417798076.24,7199762523.1,11527914078.98,46.71383223,20.48560331,32.80056447,62224,coinalyze_current_universe,high_with_survivorship_caveat
2024-10-08,35376480463.04,0,16492909506.08,7444947881.01,11438623075.95,46.62111462,21.04490832,32.33397706,62160.49,coinalyze_current_universe,high_with_survivorship_caveat
2024-10-09,35332779735.06,0,16529651067.56,7580938673.89,11222189993.6,46.78276431,21.45582298,31.76141271,60636.02,coinalyze_current_universe,high_with_survivorship_caveat
2024-10-10,36351797677.51,0,16724629870.25,7864073639.68,11763094167.58,46.00771059,21.63324551,32.3590439,60326.39,coinalyze_current_universe,high_with_survivorship_caveat
2024-10-11,37721862380.18,0,17549178296.37,7723673358.06,12449010725.75,46.52256593,20.47532351,33.00211055,62540,coinalyze_current_universe,high_with_survivorship_caveat
2024-10-12,38823105812.72,0,17926240844.76,7889110581.52,13007754386.44,46.17415446,20.32065806,33.50518748,63206.22,coinalyze_current_universe,high_with_survivorship_caveat
2024-10-13,38241363757.49,0,17452498567.83,7773251766.12,13015613423.54,45.63775152,20.32681631,34.03543217,62870.02,coinalyze_current_universe,high_with_survivorship_caveat
2024-10-14,41899437658.88,0,18792296145.03,8972131370.03,14135010143.82,44.85095074,21.41348875,33.73556051,66083.99,coinalyze_current_universe,high_with_survivorship_caveat
2024-10-15,40603523631.44,0,18597307161.42,8603708527.36,13402507942.66,45.80220015,21.18956129,33.00823856,67074.14,coinalyze_current_universe,high_with_survivorship_caveat
2024-10-16,41537640335.15,0,19391486515.64,8721298874.34,13424854945.17,46.68413121,20.9961346,32.31973419,67620.01,coinalyze_current_universe,high_with_survivorship_caveat
2024-10-17,40659436720.3,0,18792058422.49,8729370610.62,13138007687.19,46.21819666,21.4694824,32.31232094,67421.78,coinalyze_current_universe,high_with_survivorship_caveat
2024-10-18,42488944510.31,0,19762136873.35,8923993089.1,13802814547.85,46.51124452,21.00309432,32.48566117,68428,coinalyze_current_universe,high_with_survivorship_caveat
2024-10-19,42929996829.52,0,19739006976.02,8959223430.38,14231766423.13,45.97952116,20.86937827,33.15110057,68378,coinalyze_current_universe,high_with_survivorship_caveat
2024-10-20,44348580451.19,0,19876805831.38,9513468469.81,14958306150,44.81948606,21.45157381,33.72894013,69031.99,coinalyze_current_universe,high_with_survivorship_caveat
2024-10-21,43332259240.16,0,19515787681.83,9253664543.44,14562807014.89,45.03754945,21.35513981,33.60731074,67377.5,coinalyze_current_universe,high_with_survivorship_caveat
2024-10-22,43129744632.08,0,19572495385.61,9062007169.81,14495242076.66,45.38050376,21.01103832,33.60845792,67426,coinalyze_current_universe,high_with_survivorship_caveat
2024-10-23,42622645088.33,0,19403304922.7,8814826770.49,14404513395.14,45.52346501,20.68108807,33.79544692,66668.65,coinalyze_current_universe,high_with_survivorship_caveat
2024-10-24,43447934258.17,0,19736566915.79,8839237070.83,14872130271.55,45.42578894,20.34443575,34.22977531,68198.28,coinalyze_current_universe,high_with_survivorship_caveat
2024-10-25,40084605356.11,0,18591162330.1,8513213033.76,12980229992.26,46.37980632,21.23811114,32.38208254,66698.33,coinalyze_current_universe,high_with_survivorship_caveat
2024-10-26,40726917296.69,0,18693887496.19,8695716072.21,13337313728.28,45.90057077,21.3512749,32.74815433,67092.76,coinalyze_current_universe,high_with_survivorship_caveat
2024-10-27,41862993797.83,0,19266498654.33,8816499721,13779995422.49,46.02274445,21.06036602,32.91688953,68021.7,coinalyze_current_universe,high_with_survivorship_caveat
2024-10-28,44084669100.74,0,20856864661.01,9197194515.29,14030609924.44,47.31092483,20.86256901,31.82650615,69962.21,coinalyze_current_universe,high_with_survivorship_caveat
2024-10-29,46254771194.44,0,21934740225.53,9443802309.82,14876228659.08,47.4215733,20.41692579,32.16150091,72736.42,coinalyze_current_universe,high_with_survivorship_caveat
2024-10-30,46113731059.29,0,21802423624.1,9609272039.76,14702035395.43,47.27967814,20.83820116,31.8821207,72344.74,coinalyze_current_universe,high_with_survivorship_caveat
2024-10-31,44451293099.34,0,21189195835.68,9427042305.97,13835054957.68,47.66834519,21.20757721,31.1240776,70292.01,coinalyze_current_universe,high_with_survivorship_caveat
2024-11-01,42577895835.58,0,20047095330.08,9155467678.33,13375332827.17,47.08333969,21.50286551,31.4137948,69496.01,coinalyze_current_universe,high_with_survivorship_caveat
2024-11-02,42492680552.81,0,20122333440.72,9148147514.78,13222199597.31,47.35482248,21.52876071,31.11641682,69374.74,coinalyze_current_universe,high_with_survivorship_caveat
2024-11-03,41369639232.53,0,19697522508.7,9061666291.01,12610450432.82,47.61347421,21.90414628,30.48237951,68775.99,coinalyze_current_universe,high_with_survivorship_caveat
2024-11-04,40653218278.27,0,19620401368.71,8874675076.48,12158141833.08,48.26284904,21.8301907,29.90696026,67850.01,coinalyze_current_universe,high_with_survivorship_caveat
2024-11-05,41329626790.74,0,19779661049.8,8743256190.97,12806709549.96,47.85831033,21.15493623,30.98675344,69372.01,coinalyze_current_universe,high_with_survivorship_caveat
2024-11-06,48678836534.5,0,22924527146.68,10189870628.04,15564438759.79,47.09341632,20.93285574,31.97372794,75571.99,coinalyze_current_universe,high_with_survivorship_caveat
2024-11-07,50325084636.46,0,22757472002.5,11254667036.79,16312945597.16,45.2209314,22.36393067,32.41513793,75857.89,coinalyze_current_universe,high_with_survivorship_caveat
2024-11-08,51332353627.24,0,22952879140.59,11602983284.12,16776491202.53,44.7142543,22.60364558,32.68210011,76509.78,coinalyze_current_universe,high_with_survivorship_caveat
2024-11-09,52670411186.48,0,22509300810.86,12092136046.62,18068974329.01,42.73614028,22.9581197,34.30574002,76677.46,coinalyze_current_universe,high_with_survivorship_caveat
2024-11-10,53992713466.09,0,23161173390.46,11775951366.66,19055588708.97,42.89685016,21.81026033,35.29288951,80370.01,coinalyze_current_universe,high_with_survivorship_caveat
2024-11-11,58830827414.11,0,25163647473.77,12379667828.13,21287512112.21,42.77289404,21.04282461,36.18428135,88647.99,coinalyze_current_universe,high_with_survivorship_caveat
2024-11-12,57254343238.72,0,24767867697.12,11620553630.59,20865921911,43.25936915,20.2963705,36.44426035,87952.01,coinalyze_current_universe,high_with_survivorship_caveat
2024-11-13,57568178916.48,0,25151227330.47,11265555861.3,21151395724.72,43.68946144,19.56906762,36.74147094,90375.2,coinalyze_current_universe,high_with_survivorship_caveat
2024-11-14,56725363991.65,0,25236010759.03,11013874699.39,20475478533.23,44.48805434,19.41613755,36.0958081,87325.59,coinalyze_current_universe,high_with_survivorship_caveat
2024-11-15,59522765058.68,0,25665080200.58,11357751230.47,22499933627.62,43.11809133,19.08135689,37.80055178,91032.07,coinalyze_current_universe,high_with_survivorship_caveat
2024-11-16,60362777441.73,0,25592788885.09,11598941816.81,23171046739.83,42.39829572,19.21538787,38.38631641,90586.92,coinalyze_current_universe,high_with_survivorship_caveat
2024-11-17,60351990853.62,0,25584530617.82,11370446429.65,23397013806.15,42.39218998,18.84021764,38.76759238,89855.99,coinalyze_current_universe,high_with_survivorship_caveat
2024-11-18,62085791365.74,0,26026687275.49,12253667932.76,23805436157.49,41.92052111,19.73667028,38.34280861,90464.08,coinalyze_current_universe,high_with_survivorship_caveat
2024-11-19,62123016866.3,0,26758913364.86,11713565297.52,23650538203.91,43.07407257,18.85543537,38.07049206,92310.79,coinalyze_current_universe,high_with_survivorship_caveat
2024-11-20,62373581266.59,0,28203567058.3,11991121935.57,22178892272.73,45.21716805,19.22468085,35.5581511,94286.56,coinalyze_current_universe,high_with_survivorship_caveat
2024-11-21,67468394925.6,0,29389183370.98,13559004762.6,24520206792.02,43.55992669,20.09682426,36.34324904,98317.12,coinalyze_current_universe,high_with_survivorship_caveat
2024-11-22,68880769101.03,0,29402163134.83,13452974114.71,26025631851.49,42.68559065,19.53081287,37.78359648,98892,coinalyze_current_universe,high_with_survivorship_caveat
2024-11-23,69893839186.25,0,29165388397.44,13874616510.37,26853834278.44,41.72812473,19.8509864,38.42088887,97672.4,coinalyze_current_universe,high_with_survivorship_caveat
2024-11-24,70121522215.93,0,29079563105.78,13789093378.43,27252865731.72,41.47023936,19.66456652,38.86519412,97900.04,coinalyze_current_universe,high_with_survivorship_caveat
2024-11-25,68494654505.42,0,28682642936.98,14180401557.32,25631610011.12,41.87573927,20.70293172,37.421329,93010.01,coinalyze_current_universe,high_with_survivorship_caveat
2024-11-26,66358258798.78,0,27564106281.37,13930582490.59,24863570026.82,41.5383206,20.99298978,37.46868962,91965.16,coinalyze_current_universe,high_with_survivorship_caveat
2024-11-27,71006652071.1,0,27964917404.25,16514945693.32,26526788973.53,39.38351772,23.25830779,37.35817448,95863.11,coinalyze_current_universe,high_with_survivorship_caveat
2024-11-28,70625548943.53,0,27689214121.79,16046315938.57,26890018883.17,39.20566217,22.72027075,38.07406708,95643.98,coinalyze_current_universe,high_with_survivorship_caveat
2024-11-29,73344869103.68,0,28476127807.68,15820176819.9,29048564476.11,38.82497597,21.56957537,39.60544866,97460,coinalyze_current_universe,high_with_survivorship_caveat
2024-11-30,74441289459.33,0,27728884284.56,16709038103.89,30003367070.87,37.24933365,22.44592782,40.30473852,96407.99,coinalyze_current_universe,high_with_survivorship_caveat
2024-12-01,76178571025.27,0,27865461663.38,16757679757.54,31555429604.35,36.57913412,21.99789197,41.42297391,97185.18,coinalyze_current_universe,high_with_survivorship_caveat
2024-12-02,76040638720.99,0,27451006969.59,16221340409.91,32368291341.49,36.10044238,21.33246207,42.56709555,95840.62,coinalyze_current_universe,high_with_survivorship_caveat
2024-12-03,77199796716.01,0,27452721529.81,16375512445.03,33371562741.17,35.56061375,21.21185954,43.2275267,95849.69,coinalyze_current_universe,high_with_survivorship_caveat
2024-12-04,81477670723.75,0,29422074791.7,17909539198.18,34146056733.87,36.11059881,21.98091703,41.90848417,98587.32,coinalyze_current_universe,high_with_survivorship_caveat
2024-12-05,80096688545.57,0,28612312994.94,17312099039.48,34172276511.14,35.72221713,21.61400097,42.6637819,96945.63,coinalyze_current_universe,high_with_survivorship_caveat
2024-12-06,83691240481.19,0,28346148712.67,19057326242.4,36287765526.13,33.86991106,22.77099268,43.35909627,99740.84,coinalyze_current_universe,high_with_survivorship_caveat
2024-12-07,85299377624.89,0,28598260077.91,18915773050.24,37785344496.73,33.52692701,22.17574568,44.29732731,99831.99,coinalyze_current_universe,high_with_survivorship_caveat
2024-12-08,85829164640.75,0,28899195072.07,18983275819.49,37946693749.19,33.67060042,22.11751204,44.21188754,101109.59,coinalyze_current_universe,high_with_survivorship_caveat
2024-12-09,74350467105.29,0,28162828251.93,17194498246,28993140607.36,37.87848194,23.1262814,38.99523666,97276.47,coinalyze_current_universe,high_with_survivorship_caveat
2024-12-10,71351232126.97,0,27383133559.86,16482100809.64,27485997757.47,38.37794071,23.09995261,38.52210668,96593,coinalyze_current_universe,high_with_survivorship_caveat
2024-12-11,76403687280.75,0,29255942823.54,17378720296.92,29769024160.28,38.29127083,22.74591831,38.96281085,101125,coinalyze_current_universe,high_with_survivorship_caveat
2024-12-12,76983308831.65,0,28945266601.11,17762330010.76,30275712219.78,37.59940569,23.07296254,39.32763177,100004.29,coinalyze_current_universe,high_with_survivorship_caveat
2024-12-13,77944212912.48,0,28992585543.19,18101645231.39,30849982137.9,37.19658517,23.22384761,39.57956721,101424.25,coinalyze_current_universe,high_with_survivorship_caveat
2024-12-14,77139858777.34,0,29141096316.28,18180788203.81,29817974257.26,37.77696353,23.56860447,38.654432,101420,coinalyze_current_universe,high_with_survivorship_caveat
2024-12-15,80879913201.01,0,31592289891.84,18649636542.42,30637986766.74,39.06073664,23.05842799,37.88083537,104463.99,coinalyze_current_universe,high_with_survivorship_caveat
2024-12-16,81092756113.71,0,31284751436.26,19295705872.45,30512298805,38.57897171,23.79461101,37.62641729,106058.66,coinalyze_current_universe,high_with_survivorship_caveat
2024-12-17,80180169980.97,0,30942075416.87,18799843679.79,30438250884.32,38.59068324,23.44699903,37.96231773,106133.74,coinalyze_current_universe,high_with_survivorship_caveat
2024-12-18,74649775909.82,0,29834856064.23,17671735357.46,27143184488.13,39.96643754,23.67285788,36.36070458,100204.01,coinalyze_current_universe,high_with_survivorship_caveat
2024-12-19,69376194262.76,0,28723762315.67,16514158392.23,24138273554.86,41.40290862,23.8037825,34.79330887,97461.86,coinalyze_current_universe,high_with_survivorship_caveat
2024-12-20,67527511839.14,0,27938687929.59,15753742534.17,23835081375.39,41.37378554,23.32936918,35.29684528,97805.44,coinalyze_current_universe,high_with_survivorship_caveat
2024-12-21,65408402518.08,0,27734012396.08,15182875544.02,22491514577.98,42.40129911,23.21242372,34.38627716,97291.99,coinalyze_current_universe,high_with_survivorship_caveat
2024-12-22,64606355280.7,0,27266705378.2,14994395788.38,22345254114.13,42.20437024,23.20885573,34.58677404,95186.27,coinalyze_current_universe,high_with_survivorship_caveat
2024-12-23,66834237951.48,0,27744075044.66,15386068333.13,23704094573.68,41.51176986,23.02123703,35.46699312,94881.47,coinalyze_current_universe,high_with_survivorship_caveat
2024-12-24,68216598323.18,0,28189616218.1,15574143582.31,24452838522.77,41.32369088,22.83043125,35.84587787,98663.58,coinalyze_current_universe,high_with_survivorship_caveat
2024-12-25,68098840060.61,0,28445371983.18,15526071472.24,24127396605.19,41.77071439,22.79931855,35.42996707,99429.6,coinalyze_current_universe,high_with_survivorship_caveat
2024-12-26,65213870032.25,0,27585824384.62,15052276720.48,22575768927.15,42.30054798,23.08140387,34.61804815,95791.6,coinalyze_current_universe,high_with_survivorship_caveat
2024-12-27,65272243331.9,0,27554546225.16,15238900568.55,22478796538.2,42.21479885,23.34667814,34.43852301,94299.03,coinalyze_current_universe,high_with_survivorship_caveat
2024-12-28,66935975416.69,0,27889669772.43,15634798833.96,23411506810.31,41.66618862,23.35784119,34.97597019,95300,coinalyze_current_universe,high_with_survivorship_caveat
2024-12-29,65439954789.02,0,27516746587.15,15459608056.1,22463600145.77,42.04884718,23.62411176,34.32704105,93738.2,coinalyze_current_universe,high_with_survivorship_caveat
2024-12-30,65503739703.37,0,27253893345.12,15794857857.65,22454988500.61,41.60662196,24.11291009,34.28046796,92792.05,coinalyze_current_universe,high_with_survivorship_caveat
2024-12-31,65453836156.72,0,27158029114.93,15733340706.86,22562466334.93,41.491883,24.03730878,34.47080822,93576,coinalyze_current_universe,high_with_survivorship_caveat
2025-01-01,67739527850.83,0,27712626494.22,16191087893.74,23835813462.87,40.91056931,23.90197925,35.18745143,94591.79,coinalyze_current_universe,high_with_survivorship_caveat
2025-01-02,70048620392.55,0,28445823654.15,16629552527.16,24973244211.23,40.60868507,23.74001434,35.65130058,96984.79,coinalyze_current_universe,high_with_survivorship_caveat
2025-01-03,73414041606.82,0,28428913520.77,17786125179.31,27199002906.74,38.72408179,24.22714346,37.04877475,98174.18,coinalyze_current_universe,high_with_survivorship_caveat
2025-01-04,73775279182.07,0,28102592568.21,18045956347.44,27626730266.43,38.09215347,24.46070899,37.44713754,98220.5,coinalyze_current_universe,high_with_survivorship_caveat
2025-01-05,73813538061.01,0,28473425415.64,17823763297.62,27516349347.76,38.574801,24.14701119,37.27818781,98363.61,coinalyze_current_universe,high_with_survivorship_caveat
2025-01-06,76076589653.5,0,30417136607.17,17944978151.94,27714474894.39,39.98225571,23.58804231,36.42970199,102235.6,coinalyze_current_universe,high_with_survivorship_caveat
2025-01-07,70660738542.69,0,29353232221.19,16642515211.83,24664991109.68,41.54107759,23.55270488,34.90621754,96954.61,coinalyze_current_universe,high_with_survivorship_caveat
2025-01-08,68684370975.44,0,28657220081.27,16483881363.05,23543269531.12,41.72305821,23.99946469,34.2774771,95060.61,coinalyze_current_universe,high_with_survivorship_caveat
2025-01-09,65617264796.32,0,27536847973.92,15899863787.81,22180553034.59,41.9658577,24.23122,33.8029223,92552.49,coinalyze_current_universe,high_with_survivorship_caveat
2025-01-10,66486601147,0,27879163370.64,15797619135.65,22809818640.71,41.93200267,23.76060569,34.30739164,94726.11,coinalyze_current_universe,high_with_survivorship_caveat
2025-01-11,67376805603.36,0,27675346556.38,16072185286.02,23629273760.97,41.07548037,23.85418119,35.07033845,94599.99,coinalyze_current_universe,high_with_survivorship_caveat
2025-01-12,67077908385.18,0,27738993120.64,15982277004.39,23356638260.15,41.35339606,23.82643912,34.82016482,94545.06,coinalyze_current_universe,high_with_survivorship_caveat
2025-01-13,64533714602.31,0,27083829425.19,14784317273.45,22665567903.66,41.96849599,22.9094472,35.12205681,94536.1,coinalyze_current_universe,high_with_survivorship_caveat
2025-01-14,66274252363.03,0,27488515465.56,14917641416.99,23868095480.48,41.47691522,22.50895466,36.01413012,96560.86,coinalyze_current_universe,high_with_survivorship_caveat
2025-01-15,71620034170.81,0,28630383791.9,15856236267.92,27133414110.99,39.97538416,22.13938663,37.88522922,100497.35,coinalyze_current_universe,high_with_survivorship_caveat
2025-01-16,70997388565,0,28493335556.08,15361941948.01,27142111060.91,40.13293465,21.63733379,38.22973156,99987.3,coinalyze_current_universe,high_with_survivorship_caveat
2025-01-17,76235850183.16,0,30592138826.37,16413248070.64,29230463286.15,40.12828447,21.52956651,38.34214902,104077.48,coinalyze_current_universe,high_with_survivorship_caveat
2025-01-18,75161786451.04,0,29630438093.04,15967265815.16,29564082542.84,39.42221106,21.2438615,39.33392744,104556.23,coinalyze_current_universe,high_with_survivorship_caveat
2025-01-19,70762327709.78,0,28621276873.88,15718067539.19,26422983296.72,40.44705396,22.2124795,37.34046653,101331.57,coinalyze_current_universe,high_with_survivorship_caveat
2025-01-20,70292850083.87,0,29335621402.81,15723345779.96,25233882901.1,41.73343572,22.36834296,35.89822133,102260.01,coinalyze_current_universe,high_with_survivorship_caveat
2025-01-21,72800152672.48,0,30464730251.51,15953608471.3,26381813949.68,41.84706918,21.91425139,36.23867943,106143.82,coinalyze_current_universe,high_with_survivorship_caveat
2025-01-22,71589962217.27,0,29553382077.47,15679490396.37,26357089743.42,41.28146064,21.90180007,36.81673928,103706.66,coinalyze_current_universe,high_with_survivorship_caveat
2025-01-23,71265272330.48,0,29030390365.04,16414840226.42,25820041739.02,40.7356759,23.03343507,36.23088904,103910.34,coinalyze_current_universe,high_with_survivorship_caveat
2025-01-24,71067972958.47,0,29347937318.51,16054923752.45,25665111887.51,41.29558801,22.59094088,36.11347112,104870.5,coinalyze_current_universe,high_with_survivorship_caveat
2025-01-25,70875886742.02,0,28915021083.22,15967066072.12,25993799586.68,40.79669746,22.52820643,36.67509612,104746.85,coinalyze_current_universe,high_with_survivorship_caveat
2025-01-26,69407495774.4,0,28630550345.24,15563185117.91,25213760311.25,41.24993998,22.42291693,36.3271431,102620,coinalyze_current_universe,high_with_survivorship_caveat
2025-01-27,68289222011.31,0,28870090656.02,15393681835.74,24025449519.55,42.27620378,22.54189077,35.18190545,102082.83,coinalyze_current_universe,high_with_survivorship_caveat
2025-01-28,66168258133.53,0,28143742549.3,15144384857.06,22880130727.17,42.53360047,22.88768857,34.57871096,101335.52,coinalyze_current_universe,high_with_survivorship_caveat
2025-01-29,67058791763.84,0,28703958671.06,15178629651.26,23176203441.52,42.80416917,22.63480932,34.5610215,103733.24,coinalyze_current_universe,high_with_survivorship_caveat
2025-01-30,69615043385.54,0,29251126098.08,15794405264.79,24569512022.67,42.01839814,22.68820717,35.29339469,104722.94,coinalyze_current_universe,high_with_survivorship_caveat
2025-01-31,70257513872.01,0,29257536815.04,16400700120.21,24599276936.75,41.64328511,23.34369552,35.01301936,102429.56,coinalyze_current_universe,high_with_survivorship_caveat
2025-02-01,66722916094.56,0,28586206933.11,15431794567.31,22704914594.15,42.84316185,23.12817765,34.0286605,100635.65,coinalyze_current_universe,high_with_survivorship_caveat
2025-02-02,62595985653.41,0,28066162834.41,14434935198.04,20094887620.95,44.83700119,23.06048071,32.10251809,97700.59,coinalyze_current_universe,high_with_survivorship_caveat
2025-02-03,58773857809,0,27636992505.29,12966431029.15,18170434274.57,47.02259395,22.06156191,30.91584414,101328.52,coinalyze_current_universe,high_with_survivorship_caveat
2025-02-04,54858849665.24,0,26060742347.04,12193438687.15,16604668631.05,47.50508351,22.22693104,30.26798544,97763.13,coinalyze_current_universe,high_with_survivorship_caveat
2025-02-05,54467171842.97,0,26063192386.61,12096601925.21,16307377531.15,47.85119459,22.20897747,29.93982794,96612.43,coinalyze_current_universe,high_with_survivorship_caveat
2025-02-06,53940227286.19,0,26120546378.7,11774225170.85,16045455736.63,48.4249839,21.82828246,29.74673364,96554.35,coinalyze_current_universe,high_with_survivorship_caveat
2025-02-07,53345822342.29,0,26116811713.14,11279810237.46,15949200391.69,48.95755762,21.14469277,29.89774961,96506.8,coinalyze_current_universe,high_with_survivorship_caveat
2025-02-08,53759084962.59,0,26075554005.06,11209934063.33,16473596894.2,48.50446027,20.85216679,30.64337294,96444.74,coinalyze_current_universe,high_with_survivorship_caveat
2025-02-09,53192240788.33,0,25925633013.45,11077713723.35,16188894051.53,48.73950153,20.8258076,30.43469087,96462.75,coinalyze_current_universe,high_with_survivorship_caveat
2025-02-10,54486305107.71,0,26394115541.72,11469557359.76,16622632206.23,48.44174236,21.05034896,30.50790868,97430.82,coinalyze_current_universe,high_with_survivorship_caveat
2025-02-11,55020255285.81,0,27094089349.4,11178461440.15,16747704496.26,49.24384521,20.31699305,30.43916174,95778.2,coinalyze_current_universe,high_with_survivorship_caveat
2025-02-12,56337421059.92,0,27193640011.18,11717094270.73,17426686778.01,48.26923118,20.79806645,30.93270237,97869.99,coinalyze_current_universe,high_with_survivorship_caveat
2025-02-13,55362421286.95,0,26728071778.3,11455969908.19,17178379600.46,48.27836492,20.69268222,31.02895285,96608.14,coinalyze_current_universe,high_with_survivorship_caveat
2025-02-14,56441079721.12,0,26766131403.94,11725210268.3,17949738048.88,47.42313849,20.7742487,31.80261281,97500.48,coinalyze_current_universe,high_with_survivorship_caveat
2025-02-15,55851201149.48,0,26802982917.89,11468132905.6,17580085325.99,47.98998476,20.53336843,31.47664681,97569.66,coinalyze_current_universe,high_with_survivorship_caveat
2025-02-16,55421790237.12,0,26413974626.02,11407921342.31,17599894268.78,47.6599087,20.58381964,31.75627166,96118.12,coinalyze_current_universe,high_with_survivorship_caveat
2025-02-17,55783783224.51,0,26569815625.83,11967663204.89,17246304393.78,47.62999942,21.45366003,30.91634055,95780,coinalyze_current_universe,high_with_survivorship_caveat
2025-02-18,56336629373.8,0,27546471062.69,11765878292.99,17024280018.12,48.89620016,20.88495251,30.21884732,95671.74,coinalyze_current_universe,high_with_survivorship_caveat
2025-02-19,56484250450.5,0,27203404984.89,11849665106.66,17431180358.95,48.16104448,20.97870648,30.86024904,96644.37,coinalyze_current_universe,high_with_survivorship_caveat
2025-02-20,58560024374.09,0,28714071799.93,11949329527.88,17896623046.28,49.03357215,20.40526734,30.56116051,98305,coinalyze_current_universe,high_with_survivorship_caveat
2025-02-21,54562798299.89,0,26673679965.17,11794507229.21,16094611105.52,48.88620231,21.61638992,29.49740777,96181.98,coinalyze_current_universe,high_with_survivorship_caveat
2025-02-22,54437802967.64,0,25977453497.21,12111158368.07,16349191102.36,47.71951122,22.24769867,30.0327901,96551.01,coinalyze_current_universe,high_with_survivorship_caveat
2025-02-23,54994399731.66,0,26112434159.77,12724493889.07,16157471682.82,47.48198778,23.1377994,29.38021282,96258,coinalyze_current_universe,high_with_survivorship_caveat
2025-02-24,52378350639.71,0,26768744086.78,11028202332.78,14581404220.16,51.10650442,21.05488661,27.83860897,91552.88,coinalyze_current_universe,high_with_survivorship_caveat
2025-02-25,51134858579.53,0,25890767353.96,10785118898.65,14458972326.93,50.63232416,21.09151995,28.27615589,88680.4,coinalyze_current_universe,high_with_survivorship_caveat
2025-02-26,48882624182.48,0,23992575220.33,10267128476.42,14622920485.72,49.0820115,21.00363605,29.91435245,84250.09,coinalyze_current_universe,high_with_survivorship_caveat
2025-02-27,49049357566.5,0,24014580191.82,10329348702.38,14705428672.3,48.96003003,21.05909071,29.98087927,84708.58,coinalyze_current_universe,high_with_survivorship_caveat
2025-02-28,47432014557.97,0,22785355987.07,9638343089.48,15008315481.43,48.03792586,20.32033254,31.6417416,84349.94,coinalyze_current_universe,high_with_survivorship_caveat
2025-03-01,47543735146,0,22818246323.16,9808237197.49,14917251625.35,47.99422311,20.62992562,31.37585127,86064.53,coinalyze_current_universe,high_with_survivorship_caveat
2025-03-02,53517604312.66,0,25118231825.21,10783841785.88,17615530701.57,46.9345221,20.15008318,32.91539472,94270,coinalyze_current_universe,high_with_survivorship_caveat
2025-03-03,45893829692.64,0,22129720595.08,9395007088.51,14369102009.05,48.219381,20.47117696,31.30944204,86220.61,coinalyze_current_universe,high_with_survivorship_caveat
2025-03-04,44548741032.47,0,21424806851.38,9232919082.42,13891015098.67,48.09295696,20.72543212,31.18161092,87281.98,coinalyze_current_universe,high_with_survivorship_caveat
2025-03-05,46877550267.9,0,22682366526.6,9756692350.52,14438491390.78,48.38641609,20.81314466,30.80043925,90606.01,coinalyze_current_universe,high_with_survivorship_caveat
2025-03-06,46641959543.39,0,22610797959.2,9651364827.9,14379796756.29,48.47737569,20.69245144,30.83017287,89931.89,coinalyze_current_universe,high_with_survivorship_caveat
2025-03-07,45670899564.71,0,22056344481.53,9406732741.17,14207822342.01,48.29408812,20.59677569,31.10913618,86801.75,coinalyze_current_universe,high_with_survivorship_caveat
2025-03-08,45722042972.13,0,21881397794.75,9739479485.57,14101165691.8,47.85743675,21.30149672,30.84106653,86222.45,coinalyze_current_universe,high_with_survivorship_caveat
2025-03-09,43799697272.92,0,21462937575.02,9195580047.92,13141179649.99,49.00247927,20.9946201,30.00290063,80734.37,coinalyze_current_universe,high_with_survivorship_caveat
2025-03-10,41772710994.12,0,20687863608.83,8598408243.9,12486439141.39,49.52482881,20.58379272,29.89137847,78595.86,coinalyze_current_universe,high_with_survivorship_caveat
2025-03-11,42472094590.58,0,21045408578.86,8550360637.34,12876325374.38,49.5511436,20.13171406,30.31714235,82932.99,coinalyze_current_universe,high_with_survivorship_caveat
2025-03-12,42950041877.28,0,21223736285.39,8605299796.7,13121005795.19,49.41493735,20.03560281,30.54945984,83680.12,coinalyze_current_universe,high_with_survivorship_caveat
2025-03-13,42773413611.14,0,21160610692.93,8528854038.98,13083948879.22,49.47140971,19.9396151,30.58897519,81115.78,coinalyze_current_universe,high_with_survivorship_caveat
2025-03-14,44793783487.59,0,22214101407.45,8787699812.58,13791982267.56,49.59192923,19.61812361,30.78994716,83983.2,coinalyze_current_universe,high_with_survivorship_caveat
2025-03-15,45407905219.28,0,22373625588.77,8920111372.5,14114168258.02,49.27253411,19.64440185,31.08306404,84338.44,coinalyze_current_universe,high_with_survivorship_caveat
2025-03-16,43303958484.79,0,21450635398.57,8534648592.62,13318674493.6,49.53504518,19.70870306,30.75625176,82574.53,coinalyze_current_universe,high_with_survivorship_caveat
2025-03-17,45157441293.19,0,22274266065.11,8958075905.16,13925099322.92,49.32579311,19.83743022,30.83677667,84010.03,coinalyze_current_universe,high_with_survivorship_caveat
2025-03-18,44329519477.1,0,21513173048.11,8915113661.75,13901232767.24,48.53012914,20.11100902,31.35886184,82715.03,coinalyze_current_universe,high_with_survivorship_caveat
2025-03-19,47512910225.96,0,22949149496.68,9759265855.52,14804494873.76,48.30087104,20.54024013,31.15888882,86845.94,coinalyze_current_universe,high_with_survivorship_caveat
2025-03-20,44834803679.71,0,21468503596.85,9112009102.16,14254290980.69,47.88356775,20.32351734,31.7929149,84223.39,coinalyze_current_universe,high_with_survivorship_caveat
2025-03-21,45235868454.16,0,21703971313.17,9128026308.36,14403870832.63,47.97956147,20.17873564,31.84170289,84088.79,coinalyze_current_universe,high_with_survivorship_caveat
2025-03-22,45124863338.56,0,21504001969.57,9134359965.66,14486501403.33,47.65444232,20.24241026,32.10314743,83840.59,coinalyze_current_universe,high_with_survivorship_caveat
2025-03-23,46544681426.44,0,22347546419.02,9295924515.91,14901210491.51,48.01310426,19.97204456,32.01485118,86082.5,coinalyze_current_universe,high_with_survivorship_caveat
2025-03-24,49083936139.14,0,23346849180.27,9946546805.58,15790540153.29,47.56515271,20.26436262,32.17048467,87498.16,coinalyze_current_universe,high_with_survivorship_caveat
2025-03-25,48900471431.07,0,23083766694.22,9719947437.19,16096757299.66,47.20561176,19.87700149,32.91738674,87392.87,coinalyze_current_universe,high_with_survivorship_caveat
2025-03-26,47372255652.89,0,22013005933.45,9741690357.15,15617559362.29,46.46813969,20.56412603,32.96773427,86909.17,coinalyze_current_universe,high_with_survivorship_caveat
2025-03-27,47475320726.69,0,22038630592.16,9583259899.72,15853430234.81,46.42123582,20.18577179,33.39299238,87232.01,coinalyze_current_universe,high_with_survivorship_caveat
2025-03-28,46675032702.22,0,22510790283.73,9294847406.73,14869395011.76,48.22876168,19.91396014,31.85727819,84424.38,coinalyze_current_universe,high_with_survivorship_caveat
2025-03-29,44893653161.03,0,21576106971.15,9131026334.75,14186519855.14,48.06048395,20.3392366,31.60027945,82648.54,coinalyze_current_universe,high_with_survivorship_caveat
2025-03-30,44614972983.9,0,21410162767.07,8995740552.71,14209069664.12,47.98873861,20.16305278,31.8482086,82389.99,coinalyze_current_universe,high_with_survivorship_caveat
2025-03-31,44534528633.66,0,21389968214.7,9004131808.93,14140428610.03,48.0300766,20.21831618,31.75160722,82550.01,coinalyze_current_universe,high_with_survivorship_caveat
2025-04-01,45648616471.1,0,22122475302.24,9318075761.47,14208065407.39,48.46253186,20.41261375,31.12485439,85158.34,coinalyze_current_universe,high_with_survivorship_caveat
2025-04-02,43207859533.31,0,21100013636.18,8729368301.43,13378477595.69,48.83373966,20.20319543,30.96306492,82516.29,coinalyze_current_universe,high_with_survivorship_caveat
2025-04-03,44316416683.3,0,21310013512.06,9109872404.6,13896530766.65,48.08604826,20.55642826,31.35752348,83213.09,coinalyze_current_universe,high_with_survivorship_caveat
2025-04-04,44879349066.34,0,21863345109.53,9005741248.11,14010262708.7,48.7158249,20.06655942,31.21761567,83889.87,coinalyze_current_universe,high_with_survivorship_caveat
2025-04-05,44430986010.12,0,21608384493.43,8938305436.54,13884296080.15,48.63359208,20.11727904,31.24912888,83537.99,coinalyze_current_universe,high_with_survivorship_caveat
2025-04-06,41867505691.21,0,21302593566.31,8051566997.84,12513345127.06,50.88097133,19.23106444,29.88796423,78430,coinalyze_current_universe,high_with_survivorship_caveat
2025-04-07,40310337233.05,0,20667688250.39,7627844177.16,12014804805.5,51.27143475,18.92279921,29.80576604,79163.24,coinalyze_current_universe,high_with_survivorship_caveat
2025-04-08,40173278829.09,0,20749428846.04,7498614894.91,11925235088.13,51.64982658,18.66567807,29.68449536,76322.42,coinalyze_current_universe,high_with_survivorship_caveat
2025-04-09,43340372134.97,0,22074741132.11,8178729662.99,13086901339.86,50.93343699,18.87092625,30.19563676,82615.22,coinalyze_current_universe,high_with_survivorship_caveat
2025-04-10,41185952196.7,0,21167929704.54,7436681312.67,12581341179.48,51.39599445,18.05635397,30.54765159,79607.3,coinalyze_current_universe,high_with_survivorship_caveat
2025-04-11,43997950741.57,0,22715759603.5,7725900661.63,13556290476.44,51.62913095,17.55968297,30.81118608,83423.84,coinalyze_current_universe,high_with_survivorship_caveat
2025-04-12,47185698387.05,0,24156612146.35,8350499966.07,14678586274.62,51.19477505,17.69709944,31.1081255,85276.9,coinalyze_current_universe,high_with_survivorship_caveat
2025-04-13,43984079369.07,0,22579104288.07,7863666582.04,13541308498.96,51.33472068,17.87843851,30.78684081,83760,coinalyze_current_universe,high_with_survivorship_caveat
2025-04-14,44209100481.42,0,22596996233.96,8026061339.82,13586042907.64,51.11390186,18.15477187,30.73132626,84591.58,coinalyze_current_universe,high_with_survivorship_caveat
2025-04-15,43921870515.33,0,22658805705.53,7952756869.72,13310307940.09,51.58889055,18.10659878,30.30451068,83643.99,coinalyze_current_universe,high_with_survivorship_caveat
2025-04-16,43567232287.79,0,22402280777.99,7709356782.69,13455594727.11,51.42002281,17.69530993,30.88466726,84030.38,coinalyze_current_universe,high_with_survivorship_caveat
2025-04-17,44423940363.79,0,22884657228.09,7719181330.01,13820101805.69,51.51424444,17.37617435,31.10958121,84947.91,coinalyze_current_universe,high_with_survivorship_caveat
2025-04-18,44461765295.69,0,22579471139.92,7864364839.56,14017929316.22,50.78401856,17.68792756,31.52805388,84474.69,coinalyze_current_universe,high_with_survivorship_caveat
2025-04-19,45670961634.38,0,22909495985.9,8110288866.78,14651176781.69,50.16206177,17.75808649,32.07985174,85077.01,coinalyze_current_universe,high_with_survivorship_caveat
2025-04-20,45259468381.64,0,22878123835.48,7890653273.06,14490691273.1,50.54881255,17.43425974,32.01692771,85179.24,coinalyze_current_universe,high_with_survivorship_caveat
2025-04-21,47023813664.4,0,24256791802.16,8151561588.79,14615460273.45,51.58405904,17.33496489,31.08097607,87516.23,coinalyze_current_universe,high_with_survivorship_caveat
2025-04-22,51757339642.55,0,26400204340,9241047022.29,16116088280.27,51.00765326,17.8545634,31.13778334,93442.99,coinalyze_current_universe,high_with_survivorship_caveat
2025-04-23,51482022740.39,0,25749380894.99,9370877280.03,16361764565.36,50.01625718,18.20223212,31.7815107,93691.08,coinalyze_current_universe,high_with_survivorship_caveat
2025-04-24,52269965342.31,0,26341680681.6,9147694140.69,16780590520.02,50.39544317,17.50086131,32.10369552,93980.47,coinalyze_current_universe,high_with_survivorship_caveat
2025-04-25,53259392837.38,0,27200233758.45,9205822630.38,16853336448.54,51.07124267,17.28488092,31.64387641,94638.68,coinalyze_current_universe,high_with_survivorship_caveat
2025-04-26,53322288339.23,0,26652137680.29,9418680622.05,17251470036.89,49.98310933,17.6636842,32.35320646,94628,coinalyze_current_universe,high_with_survivorship_caveat
2025-04-27,52286983377.73,0,26349828742.17,9177888623.98,16759266011.59,50.39462413,17.55291285,32.05246302,93749.3,coinalyze_current_universe,high_with_survivorship_caveat
2025-04-28,52376504928.93,0,26329631894.55,9097600392.73,16949272641.65,50.2699291,17.36962099,32.36044991,95011.18,coinalyze_current_universe,high_with_survivorship_caveat
2025-04-29,51613675297.65,0,26180801429.67,8906838129.93,16526035738.05,50.72454399,17.25674074,32.01871528,94256.82,coinalyze_current_universe,high_with_survivorship_caveat
2025-04-30,51339692821.91,0,25850357004,8918956884.18,16570378933.74,50.35160045,17.37243913,32.27596042,94172,coinalyze_current_universe,high_with_survivorship_caveat
2025-05-01,53989862070.29,0,27650599368.54,9452197598.07,16887065103.68,51.21442861,17.50735645,31.27821494,96489.91,coinalyze_current_universe,high_with_survivorship_caveat
2025-05-02,53607227071.03,0,27442798592.75,9225941658.29,16938486819.99,51.19234867,17.2102572,31.59739413,96887.14,coinalyze_current_universe,high_with_survivorship_caveat
2025-05-03,52021805723.68,0,26655967115.31,8988272679.34,16377565929.03,51.2399882,17.27789444,31.48211736,95856.42,coinalyze_current_universe,high_with_survivorship_caveat
2025-05-04,51050414084.92,0,25916556788.95,8981252111.65,16152605184.32,50.76659466,17.59290747,31.64049788,94277.62,coinalyze_current_universe,high_with_survivorship_caveat
2025-05-05,51263738069.01,0,25971755230.1,9071429609.81,16220553229.09,50.66301485,17.69560698,31.64137818,94733.68,coinalyze_current_universe,high_with_survivorship_caveat
2025-05-06,51825698339.04,0,26696619673.03,8944018038.66,16185060627.35,51.5123202,17.25788234,31.22979747,96834.02,coinalyze_current_universe,high_with_survivorship_caveat
2025-05-07,52080436351.94,0,26635276751.49,9172653305.4,16272506295.05,51.14257602,17.61247399,31.24494999,97030.5,coinalyze_current_universe,high_with_survivorship_caveat
2025-05-08,57871407399.86,0,27529315916.05,11395543750.1,18946547733.72,47.56980546,19.69114674,32.7390478,103261.6,coinalyze_current_universe,high_with_survivorship_caveat
2025-05-09,59075600537.11,0,26962561224.4,11781461514.4,20331577798.3,45.64077382,19.94302454,34.41620164,102971.99,coinalyze_current_universe,high_with_survivorship_caveat
2025-05-10,63547609781.98,0,27751250530.46,13397523669.5,22398835582.02,43.6700147,21.08265553,35.24732977,104809.53,coinalyze_current_universe,high_with_survivorship_caveat
2025-05-11,62893386392.85,0,28742411890.85,12716818070.36,21434156431.64,45.70021355,20.2196428,34.08014365,104118,coinalyze_current_universe,high_with_survivorship_caveat
2025-05-12,63933446125.14,0,28899000443.66,12763389956.68,22271055724.8,45.20169363,19.963557,34.83474938,102791.32,coinalyze_current_universe,high_with_survivorship_caveat
2025-05-13,66420280488.2,0,28839629092.57,13925157247.98,23655494147.65,43.41991464,20.96521897,35.61486638,104103.72,coinalyze_current_universe,high_with_survivorship_caveat
2025-05-14,64580544711.49,0,28479988272.95,13571077906.77,22529478531.78,44.09995053,21.01418928,34.88586018,103507.82,coinalyze_current_universe,high_with_survivorship_caveat
2025-05-15,62529304705.99,0,28445381126.87,13137541417.27,20946382161.85,45.49128007,21.0102151,33.49850484,103763.71,coinalyze_current_universe,high_with_survivorship_caveat
2025-05-16,62783157482.28,0,28608985490.02,13448977842.96,20725194149.31,45.56793038,21.42131486,33.01075476,103463.9,coinalyze_current_universe,high_with_survivorship_caveat
2025-05-17,61534921409.68,0,28261776956.65,13158380168.45,20114764284.58,45.92802966,21.38359791,32.68837243,103126.65,coinalyze_current_universe,high_with_survivorship_caveat
2025-05-18,63453273380.69,0,29806684416.92,12633052504.84,21013536458.92,46.97422659,19.90922112,33.11655229,106454.26,coinalyze_current_universe,high_with_survivorship_caveat
2025-05-19,63782110911.15,0,30632365080.91,13023856433.43,20125889396.8,48.02657774,20.41929351,31.55412875,105573.74,coinalyze_current_universe,high_with_survivorship_caveat
2025-05-20,65264376449.01,0,31919696643.12,12837732110.51,20506947695.38,48.90829941,19.67035128,31.4213493,106849.99,coinalyze_current_universe,high_with_survivorship_caveat
2025-05-21,68507864003.59,0,33941567999.5,13065026230.22,21501269773.87,49.5440465,19.0708416,31.38511189,109643.99,coinalyze_current_universe,high_with_survivorship_caveat
2025-05-22,72774032885.6,0,34918539423.14,14060210440.5,23795283021.96,47.98214148,19.32036728,32.69749123,111696.21,coinalyze_current_universe,high_with_survivorship_caveat
2025-05-23,69068704974.44,0,33677541765.6,13337610664.76,22053552544.08,48.75948055,19.31064245,31.929877,107318.3,coinalyze_current_universe,high_with_survivorship_caveat
2025-05-24,68904270881.45,0,33237598712.91,13544942165.19,22121730003.36,48.23735639,19.65762353,32.10502008,107761.91,coinalyze_current_universe,high_with_survivorship_caveat
2025-05-25,68863127344.2,0,33252453278.09,13431058534.47,22179615531.63,48.28774783,19.50399154,32.20826063,109004.19,coinalyze_current_universe,high_with_survivorship_caveat
2025-05-26,70192548727.76,0,34643062633.39,13501283611.79,22048202482.58,49.35433071,19.23463937,31.41102992,109434.79,coinalyze_current_universe,high_with_survivorship_caveat
2025-05-27,72138393751.06,0,34238455650.91,15349237833.59,22550700266.55,47.46218188,21.27748767,31.26033045,108938.17,coinalyze_current_universe,high_with_survivorship_caveat
2025-05-28,71752846372.29,0,34107640140.77,15312175995.8,22333030235.72,47.53489494,21.34016526,31.1249398,107781.78,coinalyze_current_universe,high_with_survivorship_caveat
2025-05-29,70462510696.83,0,33614610116.6,15121942296.76,21725958283.47,47.70566615,21.4609757,30.83335815,105589.75,coinalyze_current_universe,high_with_survivorship_caveat
2025-05-30,64562551060.76,0,30946475918.34,14099225697.8,19516849444.62,47.93254822,21.83808642,30.22936536,103985.48,coinalyze_current_universe,high_with_survivorship_caveat
2025-05-31,64721657792.97,0,31202305929.67,14207226888.11,19312124975.19,48.20999182,21.9512716,29.83873657,104591.88,coinalyze_current_universe,high_with_survivorship_caveat
2025-06-01,65591613098.73,0,31606413625.02,14318341738.13,19666857735.57,48.1866692,21.82953134,29.98379946,105642.93,coinalyze_current_universe,high_with_survivorship_caveat
2025-06-02,66841239840.74,0,31430801090.47,15334248318.11,20076190432.16,47.02306714,22.94129845,30.03563441,105857.99,coinalyze_current_universe,high_with_survivorship_caveat
2025-06-03,66254440426.56,0,31313266067.38,14964838467.22,19976335891.96,47.26213951,22.58692153,30.15093896,105376.89,coinalyze_current_universe,high_with_survivorship_caveat
2025-06-04,66096570236.38,0,30815087021.9,15538967263.22,19742515951.26,46.62131017,23.50949105,29.86919878,104696.86,coinalyze_current_universe,high_with_survivorship_caveat
2025-06-05,63678470037.25,0,30866439883.88,14026989880.95,18785040272.42,48.47233275,22.02783747,29.49982979,101508.68,coinalyze_current_universe,high_with_survivorship_caveat
2025-06-06,64443529156.05,0,31066868571.92,14325144572.32,19051516011.8,48.20789454,22.22898833,29.56311714,104288.44,coinalyze_current_universe,high_with_survivorship_caveat
2025-06-07,65413064993.28,0,31112368214.26,14671552039.51,19629144739.51,47.56292679,22.42908514,30.00798807,105552.15,coinalyze_current_universe,high_with_survivorship_caveat
2025-06-08,65420509090.43,0,31035739078.14,14558412059.29,19826357953.01,47.44038148,22.25359029,30.30602823,105734,coinalyze_current_universe,high_with_survivorship_caveat
2025-06-09,70257404439.04,0,33088663063.98,15957054775.26,21211686599.81,47.09633572,22.71227482,30.19138946,110263.02,coinalyze_current_universe,high_with_survivorship_caveat
2025-06-10,73839653091.69,0,32910413391.72,18292930969.74,22636308730.23,44.57010835,24.77385822,30.65603342,110274.39,coinalyze_current_universe,high_with_survivorship_caveat
2025-06-11,72149145353.37,0,32447388487.5,17775524829.19,21926232036.68,44.97265814,24.63719389,30.39014798,108645.12,coinalyze_current_universe,high_with_survivorship_caveat
2025-06-12,67852129226.74,0,30961625372.91,16261231861.93,20629271991.9,45.6310299,23.96569135,30.40327876,105671.73,coinalyze_current_universe,high_with_survivorship_caveat
2025-06-13,65658376040.93,0,30386011822.05,15190358275.42,20082005943.46,46.27895732,23.13544622,30.58559647,106066.59,coinalyze_current_universe,high_with_survivorship_caveat
2025-06-14,64784585473.72,0,30397677236.42,14900624821.27,19486283416.04,46.92115727,23.00026266,30.07858007,105414.64,coinalyze_current_universe,high_with_survivorship_caveat
2025-06-15,65619892727.06,0,30693654372.37,15132058113.72,19794180240.97,46.77492312,23.06016893,30.16490795,105594.01,coinalyze_current_universe,high_with_survivorship_caveat
2025-06-16,66437593765.75,0,31550093900.19,15085427839.64,19802072025.91,47.48831514,22.70616226,29.8055226,106794.53,coinalyze_current_universe,high_with_survivorship_caveat
2025-06-17,64737546796.94,0,30587675338.6,14971863860.6,19178007597.73,47.24874026,23.12701763,29.62424211,104551.17,coinalyze_current_universe,high_with_survivorship_caveat
2025-06-18,64618547955.43,0,30320132964.16,14943089325.14,19355325666.13,46.92171818,23.12507755,29.95320427,104886.78,coinalyze_current_universe,high_with_survivorship_caveat
2025-06-19,65222610366.43,0,30577826868.84,15251394469.27,19393389028.33,46.88224942,23.38360023,29.73415035,104658.59,coinalyze_current_universe,high_with_survivorship_caveat
2025-06-20,64408099375.32,0,30605416150.7,15086827933.85,18715855290.77,47.51796195,23.42380552,29.05823254,103297.99,coinalyze_current_universe,high_with_survivorship_caveat
2025-06-21,61739358796.57,0,30193003314.11,13740403233.37,17805952249.09,48.90397941,22.25550038,28.84052021,102120.01,coinalyze_current_universe,high_with_survivorship_caveat
2025-06-22,60253345092.68,0,29763187298.1,13104651766.98,17385506027.6,49.39673848,21.74925184,28.85400968,100963.87,coinalyze_current_universe,high_with_survivorship_caveat
2025-06-23,61691799619.1,0,29159265517.62,14037359046.11,18495175055.37,47.26603162,22.75401128,29.97995709,105333.93,coinalyze_current_universe,high_with_survivorship_caveat
2025-06-24,63125404073.9,0,29842568878.59,14618720918.62,18664114276.69,47.27505402,23.15822153,29.56672444,106083,coinalyze_current_universe,high_with_survivorship_caveat
2025-06-25,63444234184.01,0,30867380850.64,14109654189.6,18467199143.76,48.65277554,22.23945859,29.10776587,107340.58,coinalyze_current_universe,high_with_survivorship_caveat
2025-06-26,63115837232.27,0,30891399217.97,14074027338.09,18150410676.2,48.9439744,22.29872557,28.75730003,106947.06,coinalyze_current_universe,high_with_survivorship_caveat
2025-06-27,63056160825.14,0,30327152336.27,14155658956.81,18573349532.05,48.09546274,22.4492877,29.45524956,107047.59,coinalyze_current_universe,high_with_survivorship_caveat
2025-06-28,64186765621.32,0,30376003728.36,14135959571.39,19674802321.57,47.32440314,22.02316854,30.65242832,107296.79,coinalyze_current_universe,high_with_survivorship_caveat
2025-06-29,65963659409.61,0,31036387609.7,14498756975.09,20428514824.82,47.05073655,21.97991607,30.96934738,108356.93,coinalyze_current_universe,high_with_survivorship_caveat
2025-06-30,65502776773.23,0,30704403630.1,14689990925.75,20108382217.38,46.87496491,22.42651632,30.69851876,107146.5,coinalyze_current_universe,high_with_survivorship_caveat
2025-07-01,63749071374.93,0,30129581105.76,14387594056.09,19231896213.09,47.26277647,22.56910375,30.16811978,105681.14,coinalyze_current_universe,high_with_survivorship_caveat
2025-07-02,68332843702.79,0,32284337025.73,15573272365.04,20475234312.02,47.24570979,22.79031798,29.96397223,108849.6,coinalyze_current_universe,high_with_survivorship_caveat
2025-07-03,69480168130.02,0,33109490068.96,15606025600.76,20764652460.31,47.65315191,22.46112239,29.8857257,109584.78,coinalyze_current_universe,high_with_survivorship_caveat
2025-07-04,66637408803.28,0,31913507900.39,14830338248.64,19893562654.25,47.8912798,22.2552745,29.8534457,107984.24,coinalyze_current_universe,high_with_survivorship_caveat
2025-07-05,66735597173.74,0,31952835284.07,14842841505.84,19939920383.83,47.8797473,22.24126573,29.87898697,108198.12,coinalyze_current_universe,high_with_survivorship_caveat
2025-07-06,67802037726.09,0,32257411467.29,15116554197.35,20428072061.45,47.57587316,22.29513257,30.12899427,109203.84,coinalyze_current_universe,high_with_survivorship_caveat
2025-07-07,67605742022.47,0,32024403640.99,15193448825.51,20387889555.96,47.36935456,22.47360708,30.15703836,108262.94,coinalyze_current_universe,high_with_survivorship_caveat
2025-07-08,69135093392.62,0,32033497281.43,16279544931.63,20822051179.56,46.33464093,23.54744043,30.11791864,108922.98,coinalyze_current_universe,high_with_survivorship_caveat
2025-07-09,74147041736.72,0,34000343515.46,17796328993.37,22350369227.9,45.85529337,24.00140124,30.14330539,111233.99,coinalyze_current_universe,high_with_survivorship_caveat
2025-07-10,77423947173.78,0,34766483356.65,18384253730.35,24273210086.78,44.90404407,23.74491924,31.35103669,116010,coinalyze_current_universe,high_with_survivorship_caveat
2025-07-11,80165095527.75,0,36515461976.85,18485626824.38,25164006726.52,45.55032553,23.05944589,31.39022858,117527.66,coinalyze_current_universe,high_with_survivorship_caveat
2025-07-12,80222300524.12,0,36507676197.66,18355021094.65,25359603231.81,45.50813921,22.88019787,31.61166292,117420,coinalyze_current_universe,high_with_survivorship_caveat
2025-07-13,82466922601.51,0,37713317492.86,18672471670.97,26081133437.69,45.7314476,22.64237719,31.62617522,119086.64,coinalyze_current_universe,high_with_survivorship_caveat
2025-07-14,85407570672.48,0,39069449473.44,19502539787.96,26835581411.08,45.74471463,22.83467336,31.42061201,119841.18,coinalyze_current_universe,high_with_survivorship_caveat
2025-07-15,86371170446.44,0,38307878999.91,20474967216.15,27588324230.39,44.3526223,23.70578876,31.94158894,117758.09,coinalyze_current_universe,high_with_survivorship_caveat
2025-07-16,89637129024.05,0,38496584963.33,21750767858.14,29389776202.57,42.94714186,24.26535532,32.78750282,118630.43,coinalyze_current_universe,high_with_survivorship_caveat
2025-07-17,90845286971.34,0,38589414954.03,22030677163.9,30225194853.4,42.47816947,24.25076512,33.27106541,119177.56,coinalyze_current_universe,high_with_survivorship_caveat
2025-07-18,89736913828.98,0,37656022848.97,22196824587.2,29884066392.81,41.96268987,24.73544458,33.30186555,117924.84,coinalyze_current_universe,high_with_survivorship_caveat
2025-07-19,90754354629.01,0,37208503772.07,22948884141.37,30596966715.57,40.99913875,25.28681322,33.71404804,117840,coinalyze_current_universe,high_with_survivorship_caveat
2025-07-20,95279106745.91,0,37249098237.55,25421061418.18,32608947090.18,39.09471815,26.68062526,34.22465659,117265.12,coinalyze_current_universe,high_with_survivorship_caveat
2025-07-21,97600890803.04,0,37613892522.47,25859117082.2,34127881198.37,38.53847256,26.49475519,34.96677225,117380.36,coinalyze_current_universe,high_with_survivorship_caveat
2025-07-22,97685536097.64,0,38187276249.93,24562744682.28,34935515165.43,39.09204758,25.14470992,35.7632425,119954.42,coinalyze_current_universe,high_with_survivorship_caveat
2025-07-23,92388989038.45,0,37255328391.59,23838882923.9,31294777722.96,40.32442478,25.80273166,33.87284356,118755.99,coinalyze_current_universe,high_with_survivorship_caveat
2025-07-24,90565400436.68,0,37312084161.18,23802433819.87,29450882455.63,41.19904951,26.28203895,32.51891154,118340.99,coinalyze_current_universe,high_with_survivorship_caveat
2025-07-25,94035400452.35,0,39209269283.64,24245268731.67,30580862437.04,41.69628576,25.78312914,32.52058511,117614.31,coinalyze_current_universe,high_with_survivorship_caveat
2025-07-26,93989475349.82,0,38206483238.94,24604938096.71,31178054014.16,40.64974626,26.17839711,33.17185663,117919.99,coinalyze_current_universe,high_with_survivorship_caveat
2025-07-27,97972481214.69,0,38966175098.84,26311387504.69,32694918611.17,39.77257146,26.85589584,33.37153271,119415.55,coinalyze_current_universe,high_with_survivorship_caveat
2025-07-28,94380084297.06,0,38344200820.59,25369754702.93,30666128773.55,40.62742803,26.88041115,32.49216082,118062.32,coinalyze_current_universe,high_with_survivorship_caveat
2025-07-29,93031771579.79,0,38271200046.23,24897897019.53,29862674514.04,41.13777411,26.76278931,32.09943658,117950.76,coinalyze_current_universe,high_with_survivorship_caveat
2025-07-30,92501664788.8,0,38784084478.21,24769790442.81,28947789867.77,41.92798537,26.77766989,31.29434474,117840.3,coinalyze_current_universe,high_with_survivorship_caveat
2025-07-31,89937917665.96,0,38105060143.87,24111293344.06,27721564178.04,42.36818144,26.80881876,30.8229998,115764.08,coinalyze_current_universe,high_with_survivorship_caveat
2025-08-01,85236173266.19,0,37441169654.84,21968174753.06,25826828858.3,43.92638503,25.77330013,30.30031484,113297.93,coinalyze_current_universe,high_with_survivorship_caveat
2025-08-02,82525345672.93,0,36434918141.98,21186613507.91,24903814023.04,44.14997337,25.67285642,30.1771702,112546.35,coinalyze_current_universe,high_with_survivorship_caveat
2025-08-03,84019551768.36,0,36288481092.62,21831950686.11,25899119989.63,43.19051974,25.98436938,30.82511088,114208.8,coinalyze_current_universe,high_with_survivorship_caveat
2025-08-04,85669165948.43,0,35857891949.73,22835902768.7,26975371230.01,41.85624029,26.65591817,31.48784155,115055.03,coinalyze_current_universe,high_with_survivorship_caveat
2025-08-05,83612500588.66,0,35905553706.92,21690812938.88,26016133942.86,42.94280575,25.94206941,31.11512484,114129.75,coinalyze_current_universe,high_with_survivorship_caveat
2025-08-06,83681797877.24,0,35130778915.79,22150376321.79,26400642639.66,41.9813864,26.46976629,31.54884731,114992.27,coinalyze_current_universe,high_with_survivorship_caveat
2025-08-07,89347617711.05,0,36320205690.68,24672640680.59,28354771339.78,40.65044667,27.61421212,31.73534121,117472.01,coinalyze_current_universe,high_with_survivorship_caveat
2025-08-08,91793175265.27,0,36088341235.16,26589774297.62,29115059732.49,39.31484136,28.96704926,31.71810938,116674.74,coinalyze_current_universe,high_with_survivorship_caveat
2025-08-09,96010995034.57,0,36515226353.42,28958613503.33,30537155177.82,38.03233821,30.16176792,31.80589386,116462.25,coinalyze_current_universe,high_with_survivorship_caveat
2025-08-10,96461139509.03,0,37227008011.43,28538520690.34,30695610807.26,38.59275165,29.58551064,31.82173771,119294.01,coinalyze_current_universe,high_with_survivorship_caveat
2025-08-11,94187564574.04,0,37417803006.94,27653998408.3,29115763158.79,39.72690363,29.36056212,30.91253425,118686,coinalyze_current_universe,high_with_survivorship_caveat
2025-08-12,102082880220.59,0,38607369858.02,31293638838.39,32181871524.18,37.81963222,30.65512922,31.52523857,120134.08,coinalyze_current_universe,high_with_survivorship_caveat
2025-08-13,107579526408.95,0,40697329745.19,32698156990.36,34184039673.4,37.82999526,30.39440503,31.7755997,123306.43,coinalyze_current_universe,high_with_survivorship_caveat
2025-08-14,100324367658.81,0,38851037667.85,30812125232.88,30661204758.08,38.72542491,30.7125038,30.56207128,118295.09,coinalyze_current_universe,high_with_survivorship_caveat
2025-08-15,97516651921.27,0,38033779778.72,29465758933.03,30017113209.52,39.00234373,30.21613063,30.78152563,117342.05,coinalyze_current_universe,high_with_survivorship_caveat
2025-08-16,98014763154.63,0,37885937206.37,29891607379.03,30237218569.24,38.65329669,30.49704597,30.84965733,117380.66,coinalyze_current_universe,high_with_survivorship_caveat
2025-08-17,98442773055.45,0,37636256034.94,30103626982.4,30702890038.12,38.23160895,30.57982425,31.1885668,117405.01,coinalyze_current_universe,high_with_survivorship_caveat
2025-08-18,94827083279.61,0,36893219350.61,28590581158.2,29343282770.81,38.90578311,30.15022731,30.94398958,116227.05,coinalyze_current_universe,high_with_survivorship_caveat
2025-08-19,91278058867.19,0,35692719757.68,27939988609.72,27645350499.79,39.10328528,30.60975327,30.28696145,112872.94,coinalyze_current_universe,high_with_survivorship_caveat
2025-08-20,94056695907.99,0,35716464141.72,29042305910.51,29297925855.77,37.97333491,30.87744645,31.14921864,114271.24,coinalyze_current_universe,high_with_survivorship_caveat
2025-08-21,92562695959.57,0,36041903850.99,28301635111.63,28219156996.95,38.93782855,30.57563829,30.48653316,112500,coinalyze_current_universe,high_with_survivorship_caveat
2025-08-22,103237579188.5,0,36872998266.33,34296921632.16,32067659290.01,35.71664364,33.22135399,31.06200237,116935.99,coinalyze_current_universe,high_with_survivorship_caveat
2025-08-23,104203002521.11,0,37538347156.32,33829473137.95,32835182226.84,36.02424714,32.46496965,31.51078321,115438.05,coinalyze_current_universe,high_with_survivorship_caveat
2025-08-24,103569578974.79,0,38043196689.19,33068635624.91,32457746660.69,36.73201829,31.92890804,31.33907368,113493.59,coinalyze_current_universe,high_with_survivorship_caveat
2025-08-25,93761445962.1,0,36421701200.92,28286908017.24,29052836743.94,38.84507201,30.16901854,30.98590945,110111.98,coinalyze_current_universe,high_with_survivorship_caveat
2025-08-26,96404561480.97,0,36744674909.73,29325949796.18,30333936775.06,38.11507915,30.41967034,31.46525051,111763.22,coinalyze_current_universe,high_with_survivorship_caveat
2025-08-27,95308989799.21,0,36178288478.03,28622126456.98,30508574864.2,37.95894653,30.03087801,32.01017546,111262.01,coinalyze_current_universe,high_with_survivorship_caveat
2025-08-28,97123209146.05,0,36306616917.2,28786527707.73,32030064521.12,37.38201943,29.63918507,32.97879549,112566.9,coinalyze_current_universe,high_with_survivorship_caveat
2025-08-29,94909183496.29,0,36672381909.71,27641307517.04,30595494069.54,38.63944516,29.1239546,32.23660023,108377.4,coinalyze_current_universe,high_with_survivorship_caveat
2025-08-30,94619226983.52,0,36465500063.05,27401740657.17,30751986263.3,38.53920733,28.96001323,32.50077943,108816.33,coinalyze_current_universe,high_with_survivorship_caveat
2025-08-31,93819318818.77,0,36222551663.67,27239613837.46,30357153317.64,38.60884104,29.03412024,32.35703872,108246.35,coinalyze_current_universe,high_with_survivorship_caveat
2025-09-01,92319356309.53,0,36061834142.63,26756153050.18,29501369116.72,39.06205111,28.98217028,31.95577861,109237.42,coinalyze_current_universe,high_with_survivorship_caveat
2025-09-02,94567011353.09,0,37137070001.91,26703794354.77,30726146996.41,39.27063938,28.23795949,32.49140113,111240.01,coinalyze_current_universe,high_with_survivorship_caveat
2025-09-03,96418998058.79,0,37320961065.41,27582682936.22,31515354057.16,38.7070617,28.60710388,32.68583442,111705.71,coinalyze_current_universe,high_with_survivorship_caveat
2025-09-04,93863516313.86,0,36602936884.77,27031622121.51,30228957307.57,38.99591484,28.79885943,32.20522573,110730.87,coinalyze_current_universe,high_with_survivorship_caveat
2025-09-05,94689648497.48,0,36753388009.48,26940544010.64,30995716477.35,38.81457857,28.45141411,32.73400733,110659.99,coinalyze_current_universe,high_with_survivorship_caveat
2025-09-06,94884517024.01,0,36542200925.12,27098000508.37,31244315590.52,38.51229059,28.55892759,32.92878182,110187.97,coinalyze_current_universe,high_with_survivorship_caveat
2025-09-07,96151279886.91,0,36909350625.4,26829478511.58,32412450749.93,38.38674916,27.90340237,33.70984847,111137.34,coinalyze_current_universe,high_with_survivorship_caveat
2025-09-08,98837153147.91,0,37673412029.21,26713241634.7,34450499484,38.1166503,27.02753042,34.85581928,112065.23,coinalyze_current_universe,high_with_survivorship_caveat
2025-09-09,100931590410.63,0,38369373173.04,27636541593.55,34925675644.03,38.01522696,27.38145855,34.60331448,111546.39,coinalyze_current_universe,high_with_survivorship_caveat
2025-09-10,102138098976.12,0,38938796021.19,26960846743.21,36238456211.72,38.12367413,26.39646421,35.47986165,113960,coinalyze_current_universe,high_with_survivorship_caveat
2025-09-11,104408708800.87,0,39157976021.83,27977221628.31,37273511150.74,37.50451133,26.79586976,35.69961891,115482.69,coinalyze_current_universe,high_with_survivorship_caveat
2025-09-12,107590185651.78,0,39054672870.87,29903326403.5,38632186377.42,36.2994753,27.79373065,35.90679405,116029.42,coinalyze_current_universe,high_with_survivorship_caveat
2025-09-13,107255304050.22,0,38442178767.29,29465426345.76,39347698937.16,35.84175077,27.47223236,36.68601687,115918.29,coinalyze_current_universe,high_with_survivorship_caveat
2025-09-14,105267453683.73,0,37776296856.5,29455423713.89,38035733113.34,35.88601751,27.9815106,36.13247189,115268.01,coinalyze_current_universe,high_with_survivorship_caveat
2025-09-15,104199463333.21,0,37773342470.82,29274275986.02,37151844876.37,36.25099522,28.09445946,35.65454532,115349.71,coinalyze_current_universe,high_with_survivorship_caveat
2025-09-16,104112460902.5,0,38389854759.02,28514694742.58,37207911400.9,36.8734486,27.38835918,35.73819222,116788.96,coinalyze_current_universe,high_with_survivorship_caveat
2025-09-17,105341259845.52,0,37912956440.72,28971024205.7,38457279199.1,35.99060472,27.50206733,36.50732795,116447.59,coinalyze_current_universe,high_with_survivorship_caveat
2025-09-18,107743350253.04,0,39041541707.71,28505486799.5,40196321745.84,36.23568565,26.45684094,37.30747341,117073.53,coinalyze_current_universe,high_with_survivorship_caveat
2025-09-19,106728679242.26,0,38737545636.68,29303419809.54,38687713796.05,36.29534808,27.45599404,36.24865788,115632.38,coinalyze_current_universe,high_with_survivorship_caveat
2025-09-20,107127621966.38,0,38701417037.87,28976078931.91,39450125996.6,36.12645957,27.04818645,36.82535398,115685.63,coinalyze_current_universe,high_with_survivorship_caveat
2025-09-21,105920635581.26,0,38285693214.23,28765527954.61,38869414412.42,36.1456415,27.157624,36.69673449,115232.29,coinalyze_current_universe,high_with_survivorship_caveat
2025-09-22,97193955921.97,0,36832289649.01,25884312535.11,34477353737.85,37.89565853,26.63160717,35.4727343,112650.99,coinalyze_current_universe,high_with_survivorship_caveat
2025-09-23,96415866638.68,0,36795552389.96,25509366575.43,34110947673.3,38.16337878,26.45764381,35.37897741,111998.8,coinalyze_current_universe,high_with_survivorship_caveat
2025-09-24,97310868599.95,0,36979965539.96,25563020011.11,34767883048.88,38.00188619,26.26943976,35.72867404,113307,coinalyze_current_universe,high_with_survivorship_caveat
2025-09-25,92106303984.54,0,35270615579.99,24497834183.53,32337854221.02,38.29337847,26.59734798,35.10927355,108994.49,coinalyze_current_universe,high_with_survivorship_caveat
2025-09-26,93715737803,0,35517209821.59,24796450765.74,33402077215.68,37.89887446,26.45921736,35.64190818,109643.46,coinalyze_current_universe,high_with_survivorship_caveat
2025-09-27,93216467342.21,0,35242740526.39,24471462296.11,33502264519.71,37.80741915,26.25229532,35.94028553,109635.85,coinalyze_current_universe,high_with_survivorship_caveat
2025-09-28,94793322981.75,0,35729085026.15,24903172037.68,34161065917.92,37.69156297,26.27101915,36.03741787,112163.95,coinalyze_current_universe,high_with_survivorship_caveat
2025-09-29,95833708576.08,0,37148499307.2,24739697085.59,33945512183.29,38.76349967,25.81523501,35.42126532,114311.96,coinalyze_current_universe,high_with_survivorship_caveat
2025-09-30,94187152053.59,0,36772475974.7,24053922391.2,33360753687.69,39.04192363,25.53843265,35.41964372,114048.93,coinalyze_current_universe,high_with_survivorship_caveat
2025-10-01,99326889226.68,0,38715597284.44,25415894131.49,35195397810.75,38.97796215,25.5881306,35.43390726,118594.99,coinalyze_current_universe,high_with_survivorship_caveat
2025-10-02,103413923662.51,0,39625619142.49,26813769555.72,36974534964.3,38.31748931,25.92858738,35.75392332,120529.35,coinalyze_current_universe,high_with_survivorship_caveat
2025-10-03,104614299124.31,0,40397720010.59,26704390957.67,37512188156.05,38.61586834,25.52652093,35.85761074,122232,coinalyze_current_universe,high_with_survivorship_caveat
2025-10-04,104314269557.71,0,40683143768.31,26598325313.14,37032800476.26,39.00055471,25.49826158,35.50118371,122391,coinalyze_current_universe,high_with_survivorship_caveat
2025-10-05,105953755625.74,0,41697995436,27017560426.73,37238199763.01,39.35490081,25.49938911,35.14571007,123482.31,coinalyze_current_universe,high_with_survivorship_caveat
2025-10-06,109839718242.21,0,42635399452.11,27926713846.66,39277604943.44,38.81601313,25.42496858,35.7590183,124658.54,coinalyze_current_universe,high_with_survivorship_caveat
2025-10-07,104615021796.86,0,40589836906.68,26496533641.21,37528651248.97,38.79924337,25.32765676,35.87309987,121332.95,coinalyze_current_universe,high_with_survivorship_caveat
2025-10-08,106006273382.48,0,40917115304.03,26829740444.84,38259417633.62,38.59876779,25.309578,36.09165421,123306,coinalyze_current_universe,high_with_survivorship_caveat
2025-10-09,104224408575.25,0,41579803530.05,26090205424.52,36554399620.68,39.89449698,25.03272101,35.07278201,121662.4,coinalyze_current_universe,high_with_survivorship_caveat
2025-10-10,70408530133.27,0,31099889744.29,18355848838.05,20952791550.94,44.17062774,26.07049004,29.75888221,112774.5,coinalyze_current_universe,high_with_survivorship_caveat
2025-10-11,66004231214.84,0,29798423367.55,17272134420.39,18933673426.91,45.14623202,26.16822301,28.68554497,110644.4,coinalyze_current_universe,high_with_survivorship_caveat
2025-10-12,72123606462.18,0,32104717188.75,19446558130.3,20572331143.13,44.51346621,26.96281992,28.52371387,114958.8,coinalyze_current_universe,high_with_survivorship_caveat
2025-10-13,73296072610.39,0,32036220210.1,19918582613.72,21341269786.58,43.70796288,27.17551146,29.11652566,115166,coinalyze_current_universe,high_with_survivorship_caveat
2025-10-14,70559658435.69,0,31612766607.61,18903189272.3,20043702555.78,44.80289064,26.79036392,28.40674544,113028.14,coinalyze_current_universe,high_with_survivorship_caveat
2025-10-15,68562317465.8,0,30781235807.82,18436620587.1,19344461070.88,44.89526747,26.89031128,28.21442125,110763.28,coinalyze_current_universe,high_with_survivorship_caveat
2025-10-16,67899544105.6,0,31108248793.15,18191618318.51,18599676993.94,45.81510701,26.79195944,27.39293354,108194.28,coinalyze_current_universe,high_with_survivorship_caveat
2025-10-17,66288867283.16,0,30343439311.35,17902143607.01,18043284364.8,45.77456299,27.00625963,27.21917737,106431.68,coinalyze_current_universe,high_with_survivorship_caveat
2025-10-18,67663559642.68,0,31078414249.03,18164302498.07,18420842895.58,45.9308,26.84502943,27.22417058,107185.01,coinalyze_current_universe,high_with_survivorship_caveat
2025-10-19,69393977938.7,0,31348595036.52,19137810435.52,18907572466.65,45.17480618,27.5784888,27.24670501,108642.78,coinalyze_current_universe,high_with_survivorship_caveat
2025-10-20,70963816281.47,0,32631089314.8,18985903662.64,19346823304.04,45.98271489,26.7543442,27.26294092,110532.09,coinalyze_current_universe,high_with_survivorship_caveat
2025-10-21,68241589137.7,0,31488772301.98,18034766792.26,18718050043.46,46.14308181,26.42782359,27.4290946,108297.67,coinalyze_current_universe,high_with_survivorship_caveat
2025-10-22,66666322050.4,0,29978354007.39,18119726737.91,18568241305.11,44.96776346,27.17973061,27.85250593,107567.44,coinalyze_current_universe,high_with_survivorship_caveat
2025-10-23,68802901802.68,0,30880801044.76,18222876439.64,19699224318.28,44.88299219,26.48562192,28.63138589,110078.18,coinalyze_current_universe,high_with_survivorship_caveat
2025-10-24,70958107335.62,0,31785853818.44,18970336555.64,20201916961.55,44.79523907,26.73455827,28.47020266,111004.89,coinalyze_current_universe,high_with_survivorship_caveat
2025-10-25,72072304910.67,0,32231531123.93,19050640892.48,20790132894.26,44.72110496,26.43267884,28.8462162,111646.27,coinalyze_current_universe,high_with_survivorship_caveat
2025-10-26,76094203507.43,0,33289849011.08,20719455640.58,22084898855.77,43.74820614,27.22869113,29.02310273,114559.4,coinalyze_current_universe,high_with_survivorship_caveat
2025-10-27,76018113700.2,0,33334729034.6,20700791484.94,21982593180.67,43.8510342,27.23139325,28.91757255,114107.65,coinalyze_current_universe,high_with_survivorship_caveat
2025-10-28,73546086252.43,0,32217089605.17,19554503987.37,21774492659.9,43.805308,26.58809596,29.60659604,112898.45,coinalyze_current_universe,high_with_survivorship_caveat
2025-10-29,74064869327.23,0,32763795330.91,19199630531.47,22101443464.84,44.23662072,25.92272248,29.8406568,110021.29,coinalyze_current_universe,high_with_survivorship_caveat
2025-10-30,73062672067.12,0,32658199851.55,19410381308.12,20994090907.46,44.69888512,26.56675531,28.73435958,108322.88,coinalyze_current_universe,high_with_survivorship_caveat
2025-10-31,71337268751.92,0,31638176935.17,18825228200.86,20873863615.9,44.35013772,26.38905096,29.26081133,109608.01,coinalyze_current_universe,high_with_survivorship_caveat
2025-11-01,71660533864.94,0,31496792495.65,19010621059.81,21153120309.47,43.952774,26.52871816,29.51850784,110098.1,coinalyze_current_universe,high_with_survivorship_caveat
2025-11-02,72284547107.32,0,31446833901.09,19401917768.81,21435795437.42,43.50422761,26.8410311,29.65474129,110540.68,coinalyze_current_universe,high_with_survivorship_caveat
2025-11-03,68836903831.62,0,31083743852.44,18462642788.55,19290517190.63,45.15563909,26.8208501,28.02351082,106583.04,coinalyze_current_universe,high_with_survivorship_caveat
2025-11-04,65355045494.31,0,30421234875.06,16473799575.44,18460011043.81,46.54764547,25.20662246,28.24573207,101497.22,coinalyze_current_universe,high_with_survivorship_caveat
2025-11-05,67394336949.39,0,31448946170.05,16976328336.26,18969062443.09,46.66407831,25.18954723,28.14637446,103885.16,coinalyze_current_universe,high_with_survivorship_caveat
2025-11-06,65197906097.27,0,30375923754.49,16416825772.09,18405156570.69,46.59033637,25.17998929,28.22967434,101346.04,coinalyze_current_universe,high_with_survivorship_caveat
2025-11-07,67783797333.35,0,30823058101.92,16875681150.92,20085058080.51,45.47260454,24.89633484,29.63106062,103339.08,coinalyze_current_universe,high_with_survivorship_caveat
2025-11-08,66382874036.51,0,30201340155.82,16815664823.63,19365869057.06,45.49568032,25.33132991,29.17298978,102312.94,coinalyze_current_universe,high_with_survivorship_caveat
2025-11-09,68525866093.64,0,30898322321.49,17767202289.4,19860341482.75,45.09001357,25.92773109,28.98225534,104722.96,coinalyze_current_universe,high_with_survivorship_caveat
2025-11-10,69668193167.72,0,31479793341.47,17848253126.54,20340146699.71,45.18531615,25.61894075,29.1957431,106011.13,coinalyze_current_universe,high_with_survivorship_caveat
2025-11-11,66342200617.11,0,30871746159.94,16623518196.33,18846936260.84,46.53410028,25.0572306,28.40866912,103058.99,coinalyze_current_universe,high_with_survivorship_caveat
2025-11-12,66201498310.91,0,30875846662.5,16646596513.59,18679055134.82,46.63919617,25.14534707,28.21545677,101654.37,coinalyze_current_universe,high_with_survivorship_caveat
2025-11-13,67122529777.91,0,31773407443.55,16850321520.72,18498800813.64,47.3364272,25.10382367,27.55974913,99692.02,coinalyze_current_universe,high_with_survivorship_caveat
2025-11-14,63891901976.69,0,30421242584.15,15598022119.91,17872637272.63,47.61361243,24.41314413,27.97324343,94594,coinalyze_current_universe,high_with_survivorship_caveat
2025-11-15,65430678173.47,0,30941479485.32,16135952038.84,18353246649.31,47.28894816,24.66114136,28.04991047,95596.24,coinalyze_current_universe,high_with_survivorship_caveat
2025-11-16,65357527207.15,0,30915876446.93,16189752460.7,18251898299.52,47.30270218,24.77106028,27.92623754,94261.44,coinalyze_current_universe,high_with_survivorship_caveat
2025-11-17,65864418465.3,0,31151391167.63,16615069129.65,18097958168.02,47.29623656,25.22616842,27.47759502,92215.14,coinalyze_current_universe,high_with_survivorship_caveat
2025-11-18,65818512236.01,0,30210436766.08,16956905047.57,18651170422.36,45.89960444,25.76312419,28.33727137,92960.83,coinalyze_current_universe,high_with_survivorship_caveat
2025-11-19,65441913583.72,4993.65,30416771840.59,16684722590.12,18340419153.01,46.47903794,25.49546869,28.02549337,91554.96,coinalyze_current_universe,high_with_survivorship_caveat
2025-11-20,63263257041.31,6579.36,29885477812.36,15741963426.11,17635815802.84,47.23986593,24.88326426,27.87686981,86637.23,coinalyze_current_universe,high_with_survivorship_caveat
2025-11-21,59012475879.46,7029.79,28126258540.94,14460657844.4,16425559494.12,47.66154635,24.50440797,27.83404568,85129.43,coinalyze_current_universe,high_with_survivorship_caveat
2025-11-22,58508547195.5,6846.16,27841128056.37,14632141973.73,16035277165.4,47.58471948,25.0085546,27.40672591,84739.74,coinalyze_current_universe,high_with_survivorship_caveat
2025-11-23,59218822522.31,6619.97,28160362616.95,14661750434.14,16396709471.23,47.5530607,24.75859838,27.68834092,86830,coinalyze_current_universe,high_with_survivorship_caveat
2025-11-24,60625054921.41,7753.65,27981650492.34,15529875145.35,17113529283.72,46.15525797,25.61626569,28.22847634,88300.01,coinalyze_current_universe,high_with_survivorship_caveat
2025-11-25,59278916119.57,7273.74,26935969116.1,15130714578.01,17212232425.45,45.43937521,25.52461409,29.0360107,87369.96,coinalyze_current_universe,high_with_survivorship_caveat
2025-11-26,61346238582.32,6679.72,27699641327.44,15978208363.22,17668388891.65,45.15295798,26.04594631,28.80109572,90484.02,coinalyze_current_universe,high_with_survivorship_caveat
2025-11-27,60725073190.72,6708.67,27858371765.3,15576720065.59,17289981359.83,45.87622592,25.65121662,28.47255746,91333.95,coinalyze_current_universe,high_with_survivorship_caveat
2025-11-28,60119748051.72,7597.71,27265989641.75,15719039876.35,17134718533.63,45.35280091,26.14621715,28.50098194,90890.7,coinalyze_current_universe,high_with_survivorship_caveat
2025-11-29,59620022176.2,7888.37,27089083707.2,15572152528.27,16958785940.72,45.43621877,26.11899822,28.44478301,90802.44,coinalyze_current_universe,high_with_survivorship_caveat
2025-11-30,59344113349.85,8726.69,27157625065.76,15516718974.19,16669769309.89,45.76296373,26.14702301,28.09001326,90360,coinalyze_current_universe,high_with_survivorship_caveat
2025-12-01,56611999204.76,6458.6,25768358441.34,15066894791.24,15776745972.18,45.51748534,26.61431322,27.86820143,86286.01,coinalyze_current_universe,high_with_survivorship_caveat
2025-12-02,59874067239.84,6363.77,26988786881.37,16014883198.49,16870397159.98,45.07592039,26.74761201,28.17646761,91277.88,coinalyze_current_universe,high_with_survivorship_caveat
2025-12-03,61579476101.01,7110.52,27096824123.7,17041862241.5,17440789735.81,44.00301178,27.6745814,28.32240681,93429.95,coinalyze_current_universe,high_with_survivorship_caveat
2025-12-04,60546320672.84,0,27028763628.34,16562807594.51,16954749449.99,44.64146347,27.35559719,28.00293934,92078.06,coinalyze_current_universe,high_with_survivorship_caveat
2025-12-05,58228834581.74,0,25730399423.51,16242941015.48,16255494142.74,44.1884156,27.89501307,27.91657133,89330.04,coinalyze_current_universe,high_with_survivorship_caveat
2025-12-06,58460574520.52,0,25786519332.7,16217585506.94,16456469680.87,44.1092472,27.7410642,28.1496886,89236.79,coinalyze_current_universe,high_with_survivorship_caveat
2025-12-07,58235577472.72,0,25746926553.52,16361255889.69,16127395029.51,44.21167896,28.09494917,27.69337187,90395.31,coinalyze_current_universe,high_with_survivorship_caveat
2025-12-08,59122780937.54,0,25875174779.95,16781588578.8,16466017578.8,43.76515172,28.38430181,27.85054647,90634.34,coinalyze_current_universe,high_with_survivorship_caveat
2025-12-09,61815854623.93,0,26353316488.59,18308504653.25,17154033482.1,42.63196982,29.61781369,27.75021649,92678.8,coinalyze_current_universe,high_with_survivorship_caveat
2025-12-10,60708189171.53,0,25709930396.01,18382472029.6,16615786745.93,42.35002023,30.28005329,27.36992648,92015.37,coinalyze_current_universe,high_with_survivorship_caveat
2025-12-11,61110481028.2,0,26371082767.41,18041147935.1,16698250325.69,43.15312582,29.52218283,27.32469135,92513.38,coinalyze_current_universe,high_with_survivorship_caveat
2025-12-12,60289347488.46,0,25642112626.4,18003572917.97,16643661944.09,42.53174681,29.86194687,27.60630632,90268.42,coinalyze_current_universe,high_with_survivorship_caveat
2025-12-13,60497595665.97,0,25658654870.23,18058659411.02,16780281384.72,42.41268531,29.8502101,27.73710459,90240.01,coinalyze_current_universe,high_with_survivorship_caveat
2025-12-14,59705792121.62,0,25615673556.59,17755891287.22,16334227277.81,42.90316341,29.73897616,27.35786043,88172.17,coinalyze_current_universe,high_with_survivorship_caveat
2025-12-15,60052856900.86,0,26088144192.1,17611235314.08,16353477394.68,43.44197019,29.32622397,27.23180584,86432.08,coinalyze_current_universe,high_with_survivorship_caveat
2025-12-16,58506323599.52,0,25400983864.17,17014687637.45,16090652097.9,43.41579218,29.08179252,27.50241531,87863.42,coinalyze_current_universe,high_with_survivorship_caveat
2025-12-17,56645273306.21,0,24864114975.61,16304069052.19,15477089278.42,43.89442141,28.78275291,27.32282567,86243.22,coinalyze_current_universe,high_with_survivorship_caveat
2025-12-18,55826847559.87,0,24923282637.9,16065359968.34,14838204953.64,44.64390115,28.77712189,26.57897697,85516.41,coinalyze_current_universe,high_with_survivorship_caveat
2025-12-19,59130387630.42,0,25660599800.25,17556738162.44,15913049667.72,43.39663721,29.69156616,26.91179663,88136.94,coinalyze_current_universe,high_with_survivorship_caveat
2025-12-20,59070978022.01,0,25640531471.27,17393153309.24,16037293241.5,43.40630938,29.44449862,27.149192,88360.9,coinalyze_current_universe,high_with_survivorship_caveat
2025-12-21,58832107215.34,0,25532128495.85,17441704807.05,15858273912.43,43.39828999,29.64657503,26.95513498,88658.86,coinalyze_current_universe,high_with_survivorship_caveat
2025-12-22,59204645454.52,0,25789578995.53,17490651234.04,15924415224.96,43.56005985,29.54270075,26.8972394,88620.79,coinalyze_current_universe,high_with_survivorship_caveat
2025-12-23,58819220189.03,0,25768489182.68,17502119439.61,15548611566.74,43.80964096,29.75578286,26.43457618,87486,coinalyze_current_universe,high_with_survivorship_caveat
2025-12-24,58752260219.97,0,25618899731.8,17333667376.84,15799693111.33,43.60496028,29.50297965,26.89206007,87669.45,coinalyze_current_universe,high_with_survivorship_caveat
2025-12-25,58164336829.7,0,25375953236.55,17184204971.82,15604178621.33,43.62802813,29.54422918,26.82774269,87225.27,coinalyze_current_universe,high_with_survivorship_caveat
2025-12-26,59004896397.73,0,25588020881.45,17441285414.07,15975590102.21,43.36592799,29.5590476,27.07502441,87369.56,coinalyze_current_universe,high_with_survivorship_caveat
2025-12-27,59573960048.49,0,25595222965.9,17278430673.29,16700306409.3,42.96377636,29.00332739,28.03289624,87877.01,coinalyze_current_universe,high_with_survivorship_caveat
2025-12-28,59891455742.92,0,25787263196.95,17332156276.73,16772036269.24,43.05666456,28.93928034,28.0040551,87952.71,coinalyze_current_universe,high_with_survivorship_caveat
2025-12-29,60146293872.38,0,26172827570.4,17428261784.84,16545204517.14,43.51527897,28.97645169,27.50826934,87237.13,coinalyze_current_universe,high_with_survivorship_caveat
2025-12-30,60187204767.33,0,26335645799.11,17318360186.73,16533198781.49,43.75622012,28.77415599,27.46962389,88485.49,coinalyze_current_universe,high_with_survivorship_caveat
2025-12-31,60176352676.21,0,26219514857.31,17524824099.45,16432013719.46,43.57112668,29.12244315,27.30643017,87648.22,coinalyze_current_universe,high_with_survivorship_caveat
2026-01-01,61119188164.28,0,26358393342.01,17769483932.56,16991310889.72,43.12621639,29.0734947,27.80028891,88839.04,coinalyze_current_universe,high_with_survivorship_caveat
2026-01-02,64625741511.63,0,27086907144.76,19524529933.52,18014304433.35,41.91349532,30.21169193,27.87481275,89995.13,coinalyze_current_universe,high_with_survivorship_caveat
2026-01-03,65111504186.91,0,27381992690.96,19288569617.28,18440941878.67,42.05400111,29.62390419,28.3220947,90628.01,coinalyze_current_universe,high_with_survivorship_caveat
2026-01-04,65778839234.71,0,27831301335.92,19053675618.24,18893862280.55,42.31041724,28.96626915,28.72331361,91529.73,coinalyze_current_universe,high_with_survivorship_caveat
2026-01-05,66795976958.76,0,28761588673.62,18608252121.67,19426136163.46,43.0588637,27.85834263,29.08279368,93859.71,coinalyze_current_universe,high_with_survivorship_caveat
2026-01-06,65895308940.95,0,28376234024.35,18203040379.29,19316034537.31,43.06260109,27.62418247,29.31321645,93747.97,coinalyze_current_universe,high_with_survivorship_caveat
2026-01-07,64922210706.25,0,28484985083.89,17846852786.13,18590372836.23,43.87556242,27.489595,28.63484258,91364.16,coinalyze_current_universe,high_with_survivorship_caveat
2026-01-08,63815730305.66,0,28405990895.1,17121426893.06,18288312517.5,44.51252185,26.82947733,28.65800083,91099.99,coinalyze_current_universe,high_with_survivorship_caveat
2026-01-09,62606504475.39,0,27611369948.58,16951547050.72,18043587476.08,44.10303718,27.07633527,28.82062755,90641.28,coinalyze_current_universe,high_with_survivorship_caveat
2026-01-10,62204302581.6,0,27375724315.57,16868376426.57,17960201839.45,44.00937424,27.11770043,28.87292533,90504.7,coinalyze_current_universe,high_with_survivorship_caveat
2026-01-11,62625475816.52,0,27727206408.74,16808427242.02,18089842165.75,44.2746439,26.83960006,28.88575604,91013.65,coinalyze_current_universe,high_with_survivorship_caveat
2026-01-12,61226429702.57,0,26922810812.98,16344529944.04,17959088945.54,43.97253105,26.69521973,29.33224921,91296.2,coinalyze_current_universe,high_with_survivorship_caveat
2026-01-13,66239471748.03,0,28624827808.51,18018519779.47,19596124160.04,43.21415472,27.20208858,29.5837567,95414,coinalyze_current_universe,high_with_survivorship_caveat
2026-01-14,67040420160.55,0,29763010483.6,17647381273.97,19630028402.98,44.39562045,26.32349444,29.28088511,96951.78,coinalyze_current_universe,high_with_survivorship_caveat
2026-01-15,64223205182.48,0,28064275948.17,17398153606.4,18760775627.9,43.69803075,27.09013597,29.21183328,95604.8,coinalyze_current_universe,high_with_survivorship_caveat
2026-01-16,64531855689.73,0,28137618633.76,17464009697.51,18930227358.46,43.60268015,27.06261816,29.33470169,95550.94,coinalyze_current_universe,high_with_survivorship_caveat
2026-01-17,64670159630.5,0,27983569656.9,17818753884.95,18867836088.65,43.27122403,27.55328576,29.17549021,95147.77,coinalyze_current_universe,high_with_survivorship_caveat
2026-01-18,62923416751.2,0,27230146590.83,17584651100.62,18108619059.75,43.27506038,27.9461161,28.77882352,93673.14,coinalyze_current_universe,high_with_survivorship_caveat
2026-01-19,60931987762.62,0,26795250427.88,16893775036.71,17242962298.03,43.97567093,27.72562599,28.29870308,92631,coinalyze_current_universe,high_with_survivorship_caveat
2026-01-20,59621736806.51,0,26688165425.25,16556010175.54,16377561205.72,44.76247566,27.7684131,27.46911124,88427.66,coinalyze_current_universe,high_with_survivorship_caveat
2026-01-21,59338438110.64,0,26303049371.88,16480366255.45,16555022483.31,44.32716837,27.77350867,27.89932295,89454.73,coinalyze_current_universe,high_with_survivorship_caveat
2026-01-22,59688312204.97,0,26394174942.85,16816217108.42,16477920153.7,44.2200055,28.17338351,27.60661098,89559.67,coinalyze_current_universe,high_with_survivorship_caveat
2026-01-23,58332551162.23,0,25768304322.29,16088075298.44,16476171541.5,44.17482831,27.57992746,28.24524423,89600.26,coinalyze_current_universe,high_with_survivorship_caveat
2026-01-24,58917669647.98,0,26016998606.44,16047859354.86,16852811686.68,44.15822751,27.23777001,28.60400248,89225.34,coinalyze_current_universe,high_with_survivorship_caveat
2026-01-25,57974303151.84,0,26220058939.6,15506147961.3,16248096250.94,45.22703597,26.74658792,28.02637611,86670.36,coinalyze_current_universe,high_with_survivorship_caveat
2026-01-26,58388966190.86,0,25959377880.15,15775608812.46,16653979498.25,44.45938946,27.01813346,28.52247708,88347.08,coinalyze_current_universe,high_with_survivorship_caveat
2026-01-27,60366305405.18,0,26488254159.53,16518338594.07,17359712651.58,43.87920377,27.36350764,28.75728858,89250,coinalyze_current_universe,high_with_survivorship_caveat
2026-01-28,60342449332,0,26550505346,16376974837.9,17414969148.1,43.99971436,27.14005649,28.86022914,89299.99,coinalyze_current_universe,high_with_survivorship_caveat
2026-01-29,59729816357.62,0,27374033991.47,15714796584.78,16640985781.37,45.8297642,26.30980228,27.86043353,84650.16,coinalyze_current_universe,high_with_survivorship_caveat
2026-01-30,57838678384.8,0,25813338584.34,15579108366.88,16446231433.58,44.62989008,26.93545012,28.4346598,84260.49,coinalyze_current_universe,high_with_survivorship_caveat
2026-01-31,50772755845.36,0,23632157041.08,12313647152.42,14826951651.86,46.54495634,24.25246955,29.20257411,78741.09,coinalyze_current_universe,high_with_survivorship_caveat
2026-02-01,48173995287.23,0,22443240656.53,11196708568.74,14534046061.96,46.5878749,23.2422254,30.1698997,76968.21,coinalyze_current_universe,high_with_survivorship_caveat
2026-02-02,48582295888.08,0,22309212063.87,11303459753.59,14969624070.62,45.92045653,23.26662326,30.81292022,78738.61,coinalyze_current_universe,high_with_survivorship_caveat
2026-02-03,47038931931.79,0,21657097542.26,10831012251.3,14550822138.23,46.04079356,23.02563389,30.93357256,75770.21,coinalyze_current_universe,high_with_survivorship_caveat
2026-02-04,47602306851.27,0,22231347609.02,10724470792.35,14646488449.89,46.70224844,22.52930898,30.76844258,73165.83,coinalyze_current_universe,high_with_survivorship_caveat
2026-02-05,42857079709.53,0,20624212951.3,9329091401.26,12903775356.98,48.12323446,21.76791201,30.10885353,62909.86,coinalyze_current_universe,high_with_survivorship_caveat
2026-02-06,44376902477.59,0,20606974497.43,10186246591.3,13583681388.86,46.43626154,22.9539378,30.60980066,70580.26,coinalyze_current_universe,high_with_survivorship_caveat
2026-02-07,43073141630.91,0,19677873719.67,10113292143.83,13281975767.42,45.68478865,23.47934643,30.83586491,69289.38,coinalyze_current_universe,high_with_survivorship_caveat
2026-02-08,42891520868.35,0,19814910538.02,9888132650.78,13188477679.55,46.19773358,23.05381682,30.74844961,70330.38,coinalyze_current_universe,high_with_survivorship_caveat
2026-02-09,43183346225.5,0,19560354987.26,10435620043.28,13187371194.95,45.29606132,24.16584391,30.53809477,70138,coinalyze_current_universe,high_with_survivorship_caveat
2026-02-10,42065171046.99,0,19125601952.45,9930351781.83,13009217312.7,45.46659737,23.60706384,30.9263388,68841.29,coinalyze_current_universe,high_with_survivorship_caveat
2026-02-11,41559704193.7,0,19044525085.95,9472282934.67,13042896173.07,45.82449624,22.79198834,31.38351542,67082.52,coinalyze_current_universe,high_with_survivorship_caveat
2026-02-12,41788800800.19,0,18942816571.74,9620512670.3,13225471558.15,45.32988793,23.02174862,31.64836345,66272.17,coinalyze_current_universe,high_with_survivorship_caveat
2026-02-13,43092014991.99,0,19220986302.57,10185537808.89,13685490880.52,44.60451967,23.63671741,31.75876292,68853.96,coinalyze_current_universe,high_with_survivorship_caveat
2026-02-14,43881907724.33,0,19133017177.36,10269587903.54,14479302643.43,43.60115175,23.4027836,32.99606465,69822.95,coinalyze_current_universe,high_with_survivorship_caveat
2026-02-15,42492065312.29,0,18718097659.89,9842079630.19,13931888022.21,44.05080695,23.16215877,32.78703428,68832.58,coinalyze_current_universe,high_with_survivorship_caveat
2026-02-16,42290584694.3,8.38,18497692642.66,9844876670.37,13948015381.27,43.73950556,23.27912168,32.98137276,68892.43,coinalyze_current_universe,high_with_survivorship_caveat
2026-02-17,42153254252.67,6876.29,18618472493.35,9878635094.72,13656146664.6,44.16852939,23.43504735,32.39642326,67503.52,coinalyze_current_universe,high_with_survivorship_caveat
2026-02-18,41848536309.08,20.63,18608558220.89,9789206880.76,13450771207.43,44.4664494,23.39199347,32.14155713,66461,coinalyze_current_universe,high_with_survivorship_caveat
2026-02-19,41965280772.96,2978.66,18712337699.71,9894716438.9,13358226634.36,44.59004528,23.57833966,31.83161506,67003.73,coinalyze_current_universe,high_with_survivorship_caveat
2026-02-20,42342520885.1,48005.24,18992655452.64,9707878195.52,13641987236.94,44.85480566,22.92701991,32.21817443,68020.01,coinalyze_current_universe,high_with_survivorship_caveat
2026-02-21,42781182243.58,0,19117147089.83,9983414090.74,13680621063.02,44.68587843,23.33599393,31.97812764,67975.93,coinalyze_current_universe,high_with_survivorship_caveat
2026-02-22,42211343456.31,0,18966504270.73,9771389769.45,13473449416.13,44.93224503,23.14872963,31.91902534,67643.4,coinalyze_current_universe,high_with_survivorship_caveat
2026-02-23,40969730773.79,51250.54,18492223534.65,9534711595.77,12942795643.37,45.13630718,23.27257567,31.59111715,64656.02,coinalyze_current_universe,high_with_survivorship_caveat
2026-02-24,41306944011.72,58904.16,18606302928.83,9711005867.7,12989635215.18,45.04400743,23.50937863,31.44661394,64058.15,coinalyze_current_universe,high_with_survivorship_caveat
2026-02-25,43821694469.68,13255.03,19028212985.55,10835266211.99,13958215272.15,43.42190145,24.72580384,31.85229472,67988.04,coinalyze_current_universe,high_with_survivorship_caveat
2026-02-26,42529642782.3,83417.52,18618865419.14,10459523765.49,13451253597.67,43.77856055,24.59349075,31.62794869,67485.18,coinalyze_current_universe,high_with_survivorship_caveat
2026-02-27,41230314451.18,73075.42,18263818105.24,9873668465.76,13092827880.18,44.29706236,23.94759438,31.75534326,65872.1,coinalyze_current_universe,high_with_survivorship_caveat
2026-02-28,41368012252.2,125632.42,18085491388.45,9875454579.42,13407066284.34,43.71854098,23.8721999,32.40925912,66973.26,coinalyze_current_universe,high_with_survivorship_caveat
2026-03-01,40893866535.03,99838.72,17879470517.64,9800329757.82,13214066259.58,43.72164345,23.96528034,32.31307621,65776.47,coinalyze_current_universe,high_with_survivorship_caveat
2026-03-02,43909922173.93,384069.82,19336195046.92,10869196944.86,13704530182.15,44.03604946,24.75339606,31.21055448,68830.06,coinalyze_current_universe,high_with_survivorship_caveat
2026-03-03,42325818125.47,561196.98,18673192415.7,10208058024.55,13444567685.23,44.11773533,24.1178044,31.76446028,68338,coinalyze_current_universe,high_with_survivorship_caveat
2026-03-04,47482759463.23,709908.56,21630826614.12,11737164010.67,14114768838.44,45.55511697,24.71879087,29.72609216,72666.77,coinalyze_current_universe,high_with_survivorship_caveat
2026-03-05,44554735844.03,859754.89,19894258849.3,10974661903.25,13685815091.47,44.65127774,24.63186392,30.71685834,70890.72,coinalyze_current_universe,high_with_survivorship_caveat
2026-03-06,43142749767.05,749626.37,19315065781.89,10469248290.1,13358435695.06,44.77013145,24.26652994,30.96333861,68114.02,coinalyze_current_universe,high_with_survivorship_caveat
2026-03-07,42783748793.79,1054566.33,19117104081.44,10397035313.86,13269609398.49,44.68309725,24.30136584,31.01553691,67262.91,coinalyze_current_universe,high_with_survivorship_caveat
2026-03-08,42092954753.5,1179436.69,18617548550.01,10351374255.35,13124031948.14,44.22960721,24.59170262,31.17869018,65971.2,coinalyze_current_universe,high_with_survivorship_caveat
2026-03-09,43393591512.87,918665.86,19217941091.76,10561099513.63,13614550907.48,44.2875098,24.33792444,31.37456577,68432.16,coinalyze_current_universe,high_with_survivorship_caveat
2026-03-10,43979836965.72,984949.61,19292374185.4,11042232242.75,13645230537.56,43.86640678,25.1074879,31.02610532,69948.63,coinalyze_current_universe,high_with_survivorship_caveat
2026-03-11,44864174538.96,1020100.7,19597119574.94,11371810725.9,13895244238.12,43.68099887,25.34719705,30.97180408,70191.86,coinalyze_current_universe,high_with_survivorship_caveat
2026-03-12,45650993885.64,1090721.44,19881673757.15,11678797915.49,14090522213,43.55145872,25.58279004,30.86575124,70541.34,coinalyze_current_universe,high_with_survivorship_caveat
2026-03-13,45489486373.02,737032.51,19854377746.23,11436787300.66,14198321326.13,43.64608029,25.1416057,31.21231401,70930,coinalyze_current_universe,high_with_survivorship_caveat
2026-03-14,45696189411.16,782201.24,19949544148.04,11466633447.87,14280011815.25,43.6569097,25.09319397,31.24989632,71211.95,coinalyze_current_universe,high_with_survivorship_caveat
2026-03-15,47019336085.46,1353861.67,20219758156.49,12119041371.5,14680536557.47,43.00307031,25.77459058,31.2223391,72815.24,coinalyze_current_universe,high_with_survivorship_caveat
2026-03-16,51124265291.95,1498532.79,21487090967.35,14027136407.03,15610037917.57,42.02914378,27.43733592,30.53352029,74884.67,coinalyze_current_universe,high_with_survivorship_caveat
2026-03-17,50082092081.62,1669418.79,21420265643.45,13439245770.92,15222580667.25,42.77030921,26.83443365,30.39525714,73909.36,coinalyze_current_universe,high_with_survivorship_caveat
2026-03-18,47471254952.94,1706415.14,20515254225.72,12443911907.84,14512088819.39,43.21616154,26.21357266,30.5702658,71246.54,coinalyze_current_universe,high_with_survivorship_caveat
2026-03-19,46502646150.95,1844129.46,20311975432.29,12124760465.11,14065910253.55,43.67918197,26.07326995,30.24754808,69930,coinalyze_current_universe,high_with_survivorship_caveat
2026-03-20,46274377623.36,1749669.41,20144212059.05,11956607106.95,14173558457.36,43.53210803,25.83850442,30.62938755,70510.73,coinalyze_current_universe,high_with_survivorship_caveat
2026-03-21,44984288107.02,1686060.89,19770131402.22,11400626914.61,13813529790.19,43.94897026,25.34357527,30.70745447,68918.12,coinalyze_current_universe,high_with_survivorship_caveat
2026-03-22,44560743237.23,1731270.48,19587019785.97,11331643825.74,13642079625.51,43.95577444,25.42965625,30.61456931,67859,coinalyze_current_universe,high_with_survivorship_caveat
2026-03-23,45109903357.29,1499737.13,19644049860.47,11506734216.98,13959119279.85,43.54708922,25.50822183,30.94468895,70906.45,coinalyze_current_universe,high_with_survivorship_caveat
2026-03-24,45640145724.7,1530638.68,19858220114.93,11631735389.45,14150190220.31,43.51042224,25.48575427,31.00382349,70556.74,coinalyze_current_universe,high_with_survivorship_caveat
2026-03-25,46166533865.51,1682761.73,19942703081.39,11956236600.72,14267594183.4,43.19731505,25.89805991,30.90462504,71336.53,coinalyze_current_universe,high_with_survivorship_caveat
2026-03-26,45585537200.95,1858818.25,20107511678.13,11614576011.27,13863449511.55,44.10941038,25.4786424,30.41194722,68820.31,coinalyze_current_universe,high_with_survivorship_caveat
2026-03-27,45512565817.79,1997455.76,20537281741.24,11367746754.95,13607537321.6,45.12442085,24.97716081,29.89841833,66407.28,coinalyze_current_universe,high_with_survivorship_caveat
2026-03-28,45298923417.15,1960368.5,20375886545.55,11310230930.65,13612805940.94,44.980951,24.96799058,30.05105842,66377.03,coinalyze_current_universe,high_with_survivorship_caveat
2026-03-29,45045227373.93,2079978.77,20298293070.01,11223949541.63,13522984762.29,45.06202822,24.91706713,30.02090466,66010.93,coinalyze_current_universe,high_with_survivorship_caveat
2026-03-30,44583428008.58,3044091.76,19870653972.76,11234823974.05,13477950061.78,44.56959651,25.19955166,30.23085183,66797.37,coinalyze_current_universe,high_with_survivorship_caveat
2026-03-31,45924428723.89,3332864.62,19990477597.01,12177089099.15,13756862027.73,43.5290719,26.5154939,29.9554342,68284.48,coinalyze_current_universe,high_with_survivorship_caveat
2026-04-01,46309460192.24,2782488.84,20112266110.92,12362629275.35,13834564805.97,43.43014587,26.69568858,29.87416556,68113.92,coinalyze_current_universe,high_with_survivorship_caveat
2026-04-02,44721372343.86,2871684.56,19879500555.39,11240540018.41,13601331770.07,44.45190188,25.13460439,30.41349372,66901.99,coinalyze_current_universe,high_with_survivorship_caveat
2026-04-03,44846324265.47,2855441.94,19860295151.79,11225156388.6,13760872725.08,44.28522399,25.03027076,30.68450525,66964.3,coinalyze_current_universe,high_with_survivorship_caveat
2026-04-04,45200389694.87,2557344.11,20072523906.88,11271816320.47,13856049467.52,44.40785587,24.93743173,30.65471241,67300.42,coinalyze_current_universe,high_with_survivorship_caveat
2026-04-05,46123638267.22,2756550.96,20656374347.28,11532429142.82,13934834777.12,44.78478959,25.00329457,30.21191584,69034.18,coinalyze_current_universe,high_with_survivorship_caveat
2026-04-06,45746696851.79,2803029.51,20510245201.45,11535900827.71,13700550822.62,44.83437409,25.21690444,29.94872147,68853.66,coinalyze_current_universe,high_with_survivorship_caveat
2026-04-07,47955495938.27,2929121.88,20971710257.54,12377966281.21,14605819399.52,43.73160958,25.81136122,30.4570292,71924.22,coinalyze_current_universe,high_with_survivorship_caveat
2026-04-08,47565820627.73,3247471.39,21067966368.4,12327599794.3,14170254465.03,44.29223777,25.91692865,29.79083358,71069.93,coinalyze_current_universe,high_with_survivorship_caveat
2026-04-09,47724573609.58,3470022.4,21478616165.59,11909752401.91,14336205042.08,45.00536001,24.95517823,30.03946177,71787.97,coinalyze_current_universe,high_with_survivorship_caveat
2026-04-10,49908113650.58,3946711.5,22431986712.04,12694137509.32,14781989429.21,44.94657295,25.43501764,29.61840941,72962.7,coinalyze_current_universe,high_with_survivorship_caveat
2026-04-11,50591760298.25,3729775.72,22582823266,13065729966.74,14943207065.51,44.63735425,25.8258062,29.53683955,73043.16,coinalyze_current_universe,high_with_survivorship_caveat
2026-04-12,47281682211.58,4407302.96,20908074050.86,11919000202.28,14454607958.44,44.22024148,25.20849438,30.57126414,70740.98,coinalyze_current_universe,high_with_survivorship_caveat
2026-04-13,50995670847.98,4391039.46,22444283128.32,13172023901.8,15379363817.86,44.01213428,25.82969041,30.15817532,74417.99,coinalyze_current_universe,high_with_survivorship_caveat
2026-04-14,50856246840.06,4509206.96,23207346928.48,12773491688.72,14875408222.86,45.63322772,25.11685876,29.24991353,74131.55,coinalyze_current_universe,high_with_survivorship_caveat
2026-04-15,51091341398.02,4545131.53,22946918178.13,12854132300.71,15290290919.18,44.91351675,25.1591208,29.92736245,74809.99,coinalyze_current_universe,high_with_survivorship_caveat
2026-04-16,51310654726.42,8498940.39,22906228826.21,12151284417.01,16253141483.19,44.64224623,23.68179569,31.67595808,75154.29,coinalyze_current_universe,high_with_survivorship_caveat
2026-04-17,54199838036.4,8514079.41,24762108784.71,13285588357.69,16152140894,45.6866841,24.51222889,29.80108701,77072,coinalyze_current_universe,high_with_survivorship_caveat
2026-04-18,50506553741.57,8507392.49,23173745040.88,12306442210.25,15026366490.44,45.88264953,24.36603034,29.75132013,75691.76,coinalyze_current_universe,high_with_survivorship_caveat
2026-04-19,48565548702.31,8428677.81,22145289895.65,12011433422.29,14408825384.37,45.59876391,24.73241576,29.66882033,73801.79,coinalyze_current_universe,high_with_survivorship_caveat
2026-04-20,49455053936.23,8165423.56,22626978931.46,12071462198.56,14756612806.2,45.75261198,24.40895568,29.83843234,75840.97,coinalyze_current_universe,high_with_survivorship_caveat
2026-04-21,49588650630.75,10595421.81,22642608646.75,12088968038.2,14857073945.81,45.66086868,24.37849767,29.96063365,76336.15,coinalyze_current_universe,high_with_survivorship_caveat
2026-04-22,53124906905.76,16321671.33,24906697585.07,13119822190.89,15098387129.79,46.88327761,24.69617917,28.42054322,78178.23,coinalyze_current_universe,high_with_survivorship_caveat
2026-04-23,51191151536.93,18940562.4,24037280065.29,11846042458.43,15307829013.21,46.95592762,23.14080091,29.90327147,78257.48,coinalyze_current_universe,high_with_survivorship_caveat
2026-04-24,50292630249.29,19620223.59,23172697046.43,11799509369.92,15320423832.94,46.07573104,23.46170664,30.46256232,77437.13,coinalyze_current_universe,high_with_survivorship_caveat
2026-04-25,50245013505.39,19692865.15,23076203189.59,11907283073.65,15261527242.15,45.92734996,23.6984374,30.37421264,77625,coinalyze_current_universe,high_with_survivorship_caveat
2026-04-26,51116854357.62,20353978.28,23352076632.16,12274435197.12,15490342528.35,45.6837122,24.01250107,30.30378673,78657.55,coinalyze_current_universe,high_with_survivorship_caveat
2026-04-27,50450962974.56,24089470.44,23376023725.19,11902822107.02,15172117142.35,46.33414775,23.59285414,30.07299811,77371.32,coinalyze_current_universe,high_with_survivorship_caveat
2026-04-28,49986684221.29,24962633.47,22968151783.72,11798381932.42,15220150505.16,45.94854038,23.60304972,30.4484099,76342.77,coinalyze_current_universe,high_with_survivorship_caveat
2026-04-29,49260687838.01,27891087.32,22541456512.91,11767142290.24,14952089034.85,45.75952449,23.88749083,30.35298468,75780,coinalyze_current_universe,high_with_survivorship_caveat
2026-04-30,49531604799.9,33289630.97,22703835262.55,11733554245.29,15094215292.06,45.83706778,23.689025,30.47390722,76346.57,coinalyze_current_universe,high_with_survivorship_caveat
2026-05-01,51521444896.11,33770770.07,24395212708.1,11772533977.29,15353698210.72,47.34962841,22.8497745,29.80059709,78231.13,coinalyze_current_universe,high_with_survivorship_caveat
2026-05-02,51607793263.65,33733167.21,24070714038.56,11939658242.97,15597420982.13,46.64162623,23.13537838,30.2229954,78686.85,coinalyze_current_universe,high_with_survivorship_caveat
2026-05-03,52230683778.3,34465800.72,24390916366.37,12210339683.02,15629427728.91,46.69844352,23.37771363,29.92384284,78568.57,coinalyze_current_universe,high_with_survivorship_caveat
2026-05-04,53441697180.56,36449321.74,25394011728.37,12332941917.03,15714743535.16,47.51722544,23.07737697,29.40539759,79861.01,coinalyze_current_universe,high_with_survivorship_caveat
2026-05-05,55868015029.23,44286883.33,26699151316.79,12520888624.11,16647975088.34,47.78969022,22.4115509,29.79875888,80905.52,coinalyze_current_universe,high_with_survivorship_caveat
2026-05-06,55731710196.1,45521118.07,25638132892.9,12928027096.32,17165550206.88,46.00277437,23.19689644,30.8003292,81447.01,coinalyze_current_universe,high_with_survivorship_caveat
2026-05-07,55028974694.12,49659768.17,25011433901.62,13127056874.35,16890483918.16,45.45139,23.85480912,30.69380088,80006,coinalyze_current_universe,high_with_survivorship_caveat
2026-05-08,55665983929.41,58298361.26,24707195125.11,12946489805.97,18012298998.33,44.38472723,23.25745256,32.35782021,80193.17,coinalyze_current_universe,high_with_survivorship_caveat
2026-05-09,55494825004.41,60622868.37,24780063706.8,12754561544.03,17960199753.59,44.65292702,22.98333501,32.36373797,80678.4,coinalyze_current_universe,high_with_survivorship_caveat
2026-05-10,56066020964.9,64604728.82,25151223727.87,12556218465.29,18358578771.75,44.86001199,22.39541571,32.7445723,82210.07,coinalyze_current_universe,high_with_survivorship_caveat
2026-05-11,55824552687.17,70476293.38,25163190485.62,12458221618.69,18203140582.87,45.07548968,22.3167424,32.60776792,81745.65,coinalyze_current_universe,high_with_survivorship_caveat
2026-05-12,55598315001.45,64656147.72,25177655329.97,12912632310.94,17508027360.54,45.28492514,23.22486268,31.49021218,80504.47,coinalyze_current_universe,high_with_survivorship_caveat
2026-05-13,55091512829.6,74112751.13,25036039834.05,13150141835.51,16905331160.04,45.44445877,23.86963283,30.68590839,79313.61,coinalyze_current_universe,high_with_survivorship_caveat
2026-05-14,55353182172.06,77338839.35,25639297674.48,12370110218.05,17343774279.54,46.3194647,22.34760448,31.33293083,81089.99,coinalyze_current_universe,high_with_survivorship_caveat
2026-05-15,54185660053.81,78257440.69,24597803830.71,12989138501.6,16598717721.51,45.39541238,23.97154245,30.63304517,79113.21,coinalyze_current_universe,high_with_survivorship_caveat
2026-05-16,53132159432.73,74621050,24353922837.65,12821564355.99,15956672239.09,45.83650109,24.13145728,30.03204163,78148.05,coinalyze_current_universe,high_with_survivorship_caveat
2026-05-17,51652695666.37,75120051.36,23797488470.72,12002968915.63,15852238280.02,46.0721133,23.2378364,30.6900503,77457.67,coinalyze_current_universe,high_with_survivorship_caveat
2026-05-18,52222156273.57,83632328.05,24209238048.63,11826236884.22,16186681340.72,46.35817396,22.64601412,30.99581192,77001.87,coinalyze_current_universe,high_with_survivorship_caveat
2026-05-19,51973237930.09,93343994.57,23931484165.78,11835480797.85,16206272966.46,46.04578264,22.77225986,31.18195751,76834.36,coinalyze_current_universe,high_with_survivorship_caveat
2026-05-20,52855220934.51,92909102.16,23926666983.11,11871922288.9,17056631662.49,45.26831325,22.46121022,32.27047652,77552.23,coinalyze_current_universe,high_with_survivorship_caveat
2026-05-21,53228926612.89,100868998.02,23723725227.85,11911557830.63,17593643554.41,44.5692347,22.37797865,33.05278666,77615.52,coinalyze_current_universe,high_with_survivorship_caveat
2026-05-22,52670211552.75,95684099.34,24069342258.89,11835515676.93,16765353616.94,45.69820692,22.47098564,31.83080744,75539.5,coinalyze_current_universe,high_with_survivorship_caveat
2026-05-23,52421720511.64,94957645.67,23768161348.58,11567418687.99,17086140475.06,45.34029238,22.06607981,32.59362781,76752.01,coinalyze_current_universe,high_with_survivorship_caveat
2026-05-24,52282249573.2,95832707.25,23447187535.93,11479844786.43,17355217250.84,44.84731955,21.95744231,33.19523814,77064.96,coinalyze_current_universe,high_with_survivorship_caveat
2026-05-25,52840787249.07,103042223.6,23694953184.51,11616252315.53,17529581749.02,44.84216534,21.98349593,33.17433873,77322.01,coinalyze_current_universe,high_with_survivorship_caveat
2026-05-26,52062395008.02,123223709.08,23281359252.23,11832099421.75,16948936334.04,44.71818718,22.72676741,32.55504541,75930.01,coinalyze_current_universe,high_with_survivorship_caveat
2026-05-27,52625302308.97,137427775.07,23927560544.78,12068254897.76,16629486866.43,45.46778735,22.93241914,31.59979352,74449.3,coinalyze_current_universe,high_with_survivorship_caveat
2026-05-28,52509575230.43,142084572.16,24266122559.65,11815020877.89,16428431792.89,46.2127573,22.50069787,31.28654483,73617.51,coinalyze_current_universe,high_with_survivorship_caveat
2026-05-29,51553874268.43,149659857.85,23412148426.31,11533010691.83,16608715150.29,45.41297576,22.37079338,32.21623086,73460.78,coinalyze_current_universe,high_with_survivorship_caveat
2026-05-30,52554690862.77,149257041.15,23522612693.66,11668902305.45,17363175863.66,44.75835041,22.20335067,33.03829892,73884.38,coinalyze_current_universe,high_with_survivorship_caveat
2026-05-31,53132123942.82,154749804.04,23525792156.52,11765544351.42,17840787434.89,44.27790649,22.14393756,33.57815595,73674.39,coinalyze_current_universe,high_with_survivorship_caveat
2026-06-01,53064131260.8,165647380.75,23447194989.27,11890585551.37,17726350720.16,44.1865238,22.40795292,33.40552328,71408.9,coinalyze_current_universe,high_with_survivorship_caveat
2026-06-02,50194293815.33,198304378.43,22491241493.71,11039925270.96,16663127050.66,44.80836323,21.99438309,33.19725368,66760.83,coinalyze_current_universe,high_with_survivorship_caveat
2026-06-03,49687586302.73,199104007.29,21540955901.22,10919822383.35,17226808018.16,43.35279192,21.97696285,34.67024523,64142.75,coinalyze_current_universe,high_with_survivorship_caveat
2026-06-04,46602727304.74,196776274.15,20833542282.1,10387825199.07,15381359823.57,44.70455591,22.29016583,33.00527826,63885.99,coinalyze_current_universe,high_with_survivorship_caveat
2026-06-05,43648900254.58,185412090.27,20044756889.08,9560781534.43,14043361831.07,45.92270772,21.90383143,32.17346084,61056.47,coinalyze_current_universe,high_with_survivorship_caveat
2026-06-06,43344254166.84,175125195.78,20018556525.25,9482820206.23,13842877435.36,46.18502939,21.87791759,31.93705302,60884.62,coinalyze_current_universe,high_with_survivorship_caveat
2026-06-07,44139515896.85,182484301.03,19758954520.2,9909300948.97,14471260427.69,44.76477396,22.44995385,32.78527218,63332.01,coinalyze_current_universe,high_with_survivorship_caveat
2026-06-08,44357799888.08,184953806.84,19860470032.94,9961498625.65,14535831229.5,44.77334332,22.45715218,32.7695045,63085.99,coinalyze_current_universe,high_with_survivorship_caveat
2026-06-09,43343112182.08,184534416.55,19726751530.71,9706925619.31,13909435032.06,45.51300204,22.39554368,32.09145429,61730,coinalyze_current_universe,high_with_survivorship_caveat
2026-06-10,42845648078.87,197760744.76,19696323140.97,9713459849.43,13435865088.46,45.97041712,22.67082022,31.35876265,61510.99,coinalyze_current_universe,high_with_survivorship_caveat
2026-06-11,44191204472.52,228894062.29,20157420916.84,9910425110.47,14123358445.21,45.61410162,22.42623895,31.95965942,63625.99,coinalyze_current_universe,high_with_survivorship_caveat
2026-06-12,43668241745.32,250590307.4,19961576338.85,9728877080.86,13977788325.6,45.71188475,22.27906756,32.00904769,63580.01,coinalyze_current_universe,high_with_survivorship_caveat
2026-06-13,44633334744.5,240885481.57,20327372471.26,9873164747.91,14432797525.33,45.54302874,22.1206074,32.33636386,64458.01,coinalyze_current_universe,high_with_survivorship_caveat
2026-06-14,45902131344.61,249178275.85,20763317465.99,10226228686.81,14912585191.81,45.23388535,22.27833085,32.4877838,65746.45,coinalyze_current_universe,high_with_survivorship_caveat
2026-06-15,46873448485.34,277284215.92,20942381963.08,10674965453.98,15256101068.28,44.67856034,22.77401343,32.54742623,66328.74,coinalyze_current_universe,high_with_survivorship_caveat
2026-06-16,46530538124.37,271555487.95,20584216838.62,10393146693.37,15553174592.39,44.23808034,22.33618418,33.42573548,65675.01,coinalyze_current_universe,high_with_survivorship_caveat
2026-06-17,44970978456.62,313152502.95,19863133006.29,9912607834.9,15195237615.43,44.16878104,22.04223296,33.788986,64509.4,coinalyze_current_universe,high_with_survivorship_caveat
2026-06-18,44243038488.86,350883761.59,19673719863.39,9884161621.14,14685157004.33,44.46737958,22.34060308,33.19201733,62958.01,coinalyze_current_universe,high_with_survivorship_caveat
2026-06-19,44565001104.92,345739406.75,19938904624.92,9896306150.23,14729790329.77,44.74117386,22.20645328,33.05237286,63543.91,coinalyze_current_universe,high_with_survivorship_caveat
2026-06-20,44857705480.63,347790563.09,19848659898.54,9995536282.64,15013509299.45,44.24804989,22.28276319,33.46918693,64298.01,coinalyze_current_universe,high_with_survivorship_caveat
2026-06-21,44434178860.67,343155117.75,19825058742.49,9876323208.88,14732796909.3,44.61668754,22.22686108,33.15645138,63311.99,coinalyze_current_universe,high_with_survivorship_caveat
2026-06-22,44744854421.63,405756330.41,20005052791.16,9981785313.67,14758016316.8,44.70916947,22.30823062,32.98259992,64020.01,coinalyze_current_universe,high_with_survivorship_caveat
2026-06-23,44023753825.48,361325998.17,19700787304.17,9820837364.22,14502129157.08,44.75035769,22.30804171,32.94160061,62734.57,coinalyze_current_universe,high_with_survivorship_caveat
2026-06-24,43488586008.59,400202210,20051682043.96,9261625074.08,14175278890.55,46.10791908,21.29668017,32.59540075,61077.99,coinalyze_current_universe,high_with_survivorship_caveat
2026-06-25,43175471580.58,426281706.67,20078160399.25,9183548073.85,13913763107.49,46.50362732,21.27029014,32.22608254,59794,coinalyze_current_universe,high_with_survivorship_caveat
2026-06-26,43324372305.87,408507322.09,19786055534.62,9250177846.46,14288138924.79,45.6695723,21.35097949,32.97944821,60097.27,coinalyze_current_universe,high_with_survivorship_caveat
2026-06-27,42917825704.87,399414946.72,19702529396.86,9207911753.19,14007384554.82,45.90756655,21.45474893,32.63768452,60029,coinalyze_current_universe,high_with_survivorship_caveat
2026-06-28,42966629066.88,414050203.54,19707756283.01,9220955886.22,14037916897.64,45.86758773,21.46073845,32.67167381,59577.01,coinalyze_current_universe,high_with_survivorship_caveat
2026-06-29,43764008165.95,444742081.68,19789810272.07,9386209041.22,14587988852.66,45.21937341,21.44732495,33.33330164,60260.21,coinalyze_current_universe,high_with_survivorship_caveat
2026-06-30,43823773716.86,472366670.24,20374420129.54,9163095827.9,14286257759.42,46.49170622,20.90896117,32.59933262,58624.71,coinalyze_current_universe,high_with_survivorship_caveat
2026-07-01,43670245210.93,468708764.31,19754042554.01,9385610224,14530592432.92,45.23455836,21.49200257,33.27343907,60024,coinalyze_current_universe,high_with_survivorship_caveat
2026-07-02,45917049792.05,451320924.42,20695896030.82,10165967577.56,15055186183.67,45.07235575,22.13985355,32.7877907,61560,coinalyze_current_universe,high_with_survivorship_caveat
2026-07-03,46889663985.06,437540337.2,20824722578.19,10385699711.82,15679241695.05,44.4121813,22.1492304,33.4385883,62583.26,coinalyze_current_universe,high_with_survivorship_caveat
2026-07-04,46887593646.79,429474957.77,20753865169.59,10436969374.87,15696759102.34,44.26302046,22.25955432,33.47742522,63144.01,coinalyze_current_universe,high_with_survivorship_caveat
2026-07-05,47176434688.57,436771292.75,20845815501.09,10520145273.48,15810473913.99,44.18692434,22.29957678,33.51349889,63650,coinalyze_current_universe,high_with_survivorship_caveat
2026-07-06,46726022852.59,459605904.95,20606559410.04,10539610019.35,15579853423.2,44.10082038,22.55618898,33.34299063,64042.02,coinalyze_current_universe,high_with_survivorship_caveat
2026-07-07,45527624118.44,470678447.98,20275111530.26,10139355588.79,15113156999.39,44.53364726,22.27077689,33.19557586,63363.99,coinalyze_current_universe,high_with_survivorship_caveat
2026-07-08,45055156865.36,482112863.95,20340771558.15,10010843917.76,14703541389.44,45.14637829,22.2190857,32.63453601,62290,coinalyze_current_universe,high_with_survivorship_caveat
2026-07-09,45146039439.91,510044484.53,20243902226.77,10031136578.79,14871000634.35,44.8409262,22.21930584,32.93976796,63230,coinalyze_current_universe,high_with_survivorship_caveat
2026-07-10,46281416851.2,536951012.37,20772653616.23,10454762446.03,15054000788.94,44.88335714,22.58954707,32.52709578,64161.72,coinalyze_current_universe,high_with_survivorship_caveat
2026-07-11,46072087390.83,527653241.08,20696294970.34,10464111828.41,14911680592.09,44.92154826,22.71247608,32.36597566,63819,coinalyze_current_universe,high_with_survivorship_caveat
2026-07-12,46247590755.14,525683655.7,20514536340.41,10701689946.56,15031364468.17,44.35806494,23.13999448,32.50194058,63780,coinalyze_current_universe,high_with_survivorship_caveat
2026-07-13,45762240075.95,507486577.73,20839043840.71,10430302968.06,14492893267.18,45.53763934,22.7923785,31.66998216,62334.52,coinalyze_current_universe,high_with_survivorship_caveat
2026-07-14,49096582783.92,2095467903.08,21102400182.56,11926909240.59,16067273360.77,42.98140316,24.29274822,32.72584862,65043.98,coinalyze_current_universe,high_with_survivorship_caveat
2026-07-15,48901050513.08,1866372760.31,20868326637.09,11911772829.26,16120951046.74,42.67459782,24.35893034,32.96647184,64756.28,coinalyze_current_universe,high_with_survivorship_caveat
2026-07-16,47488014156.64,1737339631.79,20614485006.74,11264912832.43,15608616317.47,43.40986957,23.72159172,32.86853871,63830.2,coinalyze_current_universe,high_with_survivorship_caveat
2026-07-17,47384742194.91,1873022424.05,20586262982.08,11005239637.92,15793239574.91,43.44491925,23.22528124,33.32979952,63931.67,coinalyze_current_universe,high_with_survivorship_caveat
2026-07-18,48288869482.16,1744369114.9,21115270531.22,11268452268.8,15905146682.14,43.7269929,23.33550648,32.93750061,64834.22,coinalyze_current_universe,high_with_survivorship_caveat
2026-07-19,48181456013.43,1753899507.92,20956158032.13,11296543601.86,15928754379.45,43.49423983,23.44583277,33.0599274,64722.54,coinalyze_current_universe,high_with_survivorship_caveat
2026-07-20,48734109237.57,1836030128.57,20925497109.09,11692190658.63,16116421469.85,42.93809292,23.99180131,33.07010577,65255.51,coinalyze_current_universe,high_with_survivorship_caveat
2026-07-21,50063963035.16,1957453399.28,21740491295.51,12021357293.66,16302114446,43.42543014,24.01199698,32.56257287,66556.16,coinalyze_current_universe,high_with_survivorship_caveat
2026-07-22,49502762828.32,2004040676.25,21083274036.79,12111211735.7,16308277055.84,42.59009565,24.46572887,32.94417548,66114.49,coinalyze_current_universe,high_with_survivorship_caveat
2026-07-23,48964867062.7,2153331613.55,21408719453.58,11567299472.49,15988848136.63,43.72261325,23.62367176,32.65371499,65098.97,coinalyze_current_universe,high_with_survivorship_caveat
2026-07-24,48702907101.97,2082846342.86,21406629501.14,11376387036.47,15919890564.37,43.95349431,23.35874327,32.68776242,64139.99,coinalyze_current_universe,high_with_survivorship_caveat
2026-07-25,48977368445.59,2196203027.19,21510319991.64,11509726368.64,15957322085.3,43.91889698,23.50009144,32.58101158,64375,coinalyze_current_universe,high_with_survivorship_caveat
2026-07-26,49770586119.43,2235040421.34,21172874447.88,12319464786.44,16278246885.12,42.54093853,24.75250092,32.70656055,65399.99,coinalyze_current_universe,high_with_survivorship_caveat
2026-07-27,47801368097.6,2128915631.04,20825905430.83,11597428030.47,15378034636.3,43.56759285,24.26170734,32.17069981,63755.86,coinalyze_current_universe,high_with_survivorship_caveat
2026-07-28,47629264139,2296177126.32,20785716637.12,11617177921.54,15226369580.34,43.64064197,24.39084066,31.96851737,63915,coinalyze_current_universe,high_with_survivorship_caveat
2026-07-29,46967873660.36,2459404620.2,20631773685.77,11254053913.76,15082046060.83,43.92741693,23.96117396,32.11140911,63984.28,coinalyze_current_universe,high_with_survivorship_caveat
2026-07-30,48286561990.69,2977854086.19,21181332889,11644050718.29,15461178383.4,43.86589564,24.11447458,32.01962978,64780.02,coinalyze_current_universe,high_with_survivorship_caveat
2026-07-31,47497248159.05,2554020433.13,21091234128.45,11271779360.02,15134234670.57,44.40517071,23.73143666,31.86339263,62887.88,coinalyze_current_universe,high_with_survivorship_caveat
2026-08-01,47162143314.1,2056292926.86,21077700326.81,11039005849.49,15045437137.8,44.6919899,23.4064974,31.9015127,62823.64,coinalyze_current_universe,high_with_survivorship_caveat
2026-08-02,47905579063.67,2079258286.82,21235909663.75,11267142626.59,15402526773.32,44.32867753,23.51947904,32.15184343,63570,coinalyze_current_universe,high_with_survivorship_caveat
2026-08-03,47816293943.39,2216529576.36,21140848945.27,11276418058.78,15399026939.34,44.21264636,23.58279392,32.20455972,63520,coinalyze_current_universe,high_with_survivorship_caveat
2026-08-04,48157643879.63,2396426523.94,21285612239.11,11348715137.29,15523316503.23,44.19986221,23.56576075,32.23437704,64106.56,coinalyze_current_universe,high_with_survivorship_caveat
2026-08-05,48624684578.23,2382894559.55,21426724248.58,11511582312.73,15686378016.91,44.06552852,23.67435884,32.26011264,64665.23,coinalyze_current_universe,high_with_survivorship_caveat
2026-08-06,48402114080.85,2436732014.02,21215702655.45,11380638553.48,15805772871.92,43.83218183,23.512689,32.65512917,64323.61,coinalyze_current_universe,high_with_survivorship_caveat
2026-08-07,48466507342.43,2496254375.05,21399459560.46,11133137909.14,15933909872.83,44.15308784,22.97078647,32.87612569,64923.19,coinalyze_current_universe,high_with_survivorship_caveat
2026-08-08,49002210656.43,2614538568.41,21381165300.46,11183044836.85,16438000519.12,43.6330627,22.82151088,33.54542642,64962.6,coinalyze_current_universe,high_with_survivorship_caveat
2026-08-09,49011900188.02,2590260836.04,21389930485.67,11160281425.18,16461688277.17,43.64232034,22.77055446,33.5871252,64901.59,coinalyze_current_universe,high_with_survivorship_caveat
2026-08-10,48985519775.91,2590140857.6,21244970547.64,11303556769.37,16436992458.9,43.3698992,23.0753023,33.55479851,63970.01,coinalyze_current_universe,high_with_survivorship_caveat
2026-08-11,49167533755.57,2732935815.22,21572297318.46,11127283666.01,16467952771.1,43.87508518,22.63136427,33.49355055,63600,coinalyze_current_universe,high_with_survivorship_caveat
2026-08-12,49365449653.21,3046012775.28,21833412958.94,10949599088.33,16582437605.94,44.22812536,22.18069351,33.59118112,63479.99,coinalyze_current_universe,high_with_survivorship_caveat
2026-08-13,49517694229.89,3319409752.31,21680384834.44,11164793395.74,16672515999.71,43.78310657,22.54707851,33.66981492,63490.86,coinalyze_current_universe,high_with_survivorship_caveat
2026-08-14,50238703225.48,3393914452.93,22381040931.23,11208237588.84,16649424705.41,44.54940015,22.30996596,33.14063389,63043.56,coinalyze_current_universe,high_with_survivorship_caveat
2026-08-15,50227248724.46,3368893458.59,22325547430.31,11260497064.07,16641204230.08,44.44907495,22.41909989,33.13182516,63086.01,coinalyze_current_universe,high_with_survivorship_caveat
2026-08-16,50095239147.84,3415044251.23,22202556375.43,11180675577.56,16712007194.85,44.32069145,22.31883861,33.36046994,62900,coinalyze_current_universe,high_with_survivorship_caveat
2026-08-17,50568081587.03,3782228848.4,22022112006.98,11572450036.24,16973519543.81,43.54943141,22.88489038,33.56567821,64532.1,coinalyze_current_universe,high_with_survivorship_caveat
2026-08-18,50560569830.99,3167448408.06,21972865913.16,11623557529.6,16964146388.23,43.45850133,22.98937209,33.55212658,64725.42,coinalyze_current_universe,high_with_survivorship_caveat
2026-08-19,53164442385.62,2978314861.17,22467088677.06,12771130063.83,17926223644.73,42.25961502,24.02193927,33.71844571,69334.79,coinalyze_current_universe,high_with_survivorship_caveat
2026-08-20,55414552350.06,2841670012.4,23382905500.96,13249980348.25,18781666500.85,42.19632661,23.91065124,33.89302215,73025.15,coinalyze_current_universe,high_with_survivorship_caveat
2026-08-21,59521252874.76,2735503237.81,24329197480.85,14445133647.65,20746921746.27,40.87480741,24.26886692,34.85632567,78338.03,coinalyze_current_universe,high_with_survivorship_caveat
2026-08-22,58390292055.21,2628967042.26,23992575224.31,13683748454.18,20713968376.72,41.09000723,23.43497176,35.47502101,77074.93,coinalyze_current_universe,high_with_survivorship_caveat
2026-08-23,59615912517.06,2695516305.96,24177534507.13,13908656670.61,21529721339.31,40.55550521,23.33044331,36.11405148,77734,coinalyze_current_universe,high_with_survivorship_caveat
2026-08-24,59525463431.83,2594952241.82,24605401163.9,13920435195.08,20999627072.85,41.33592541,23.38568134,35.27839325,78992.75,coinalyze_current_universe,high_with_survivorship_caveat
2026-08-25,57886675712.31,2669793739.26,24087959961.39,13542779914.77,20255935836.14,41.61227029,23.39533191,34.9923978,78539.14,coinalyze_current_universe,high_with_survivorship_caveat
2026-08-26,59735356229.79,2758425411.22,24363673575.91,14087773188.51,21283909465.36,40.78601872,23.58364305,35.63033823,79023.75,coinalyze_current_universe,high_with_survivorship_caveat
2026-08-27,60836002623.83,2849301322.19,24885598292.63,13844353277.37,22106051053.83,40.9060379,22.75684246,36.33711963,80249.58,coinalyze_current_universe,high_with_survivorship_caveat
2026-08-28,58682843745.73,2675051180.69,24205364308.83,13547984138.76,20929495298.14,41.24776981,23.0867887,35.66544149,77845.87,coinalyze_current_universe,high_with_survivorship_caveat
2026-08-29,59659598606.52,2689213861.55,24494070262.22,13719804114.21,21445724230.09,41.05637791,22.99680929,35.9468128,78230,coinalyze_current_universe,high_with_survivorship_caveat
2026-08-30,58034257943.99,2672740457.8,23886108851.86,13565081889.11,20583067203.01,41.15863577,23.37426611,35.46709811,77682,coinalyze_current_universe,high_with_survivorship_caveat
2026-08-31,59811309520.72,2900750326.49,24828197090.86,13847193643.73,21135918786.12,41.5108736,23.15146375,35.33766265,78581.29,coinalyze_current_universe,high_with_survivorship_caveat
2026-09-01,60058123424.44,2762601661.86,24795751687.97,13900535118.11,21361836618.36,41.28625784,23.14513729,35.56860488,77439,coinalyze_current_universe,high_with_survivorship_caveat
2026-09-02,59654189949.39,2897074881.14,24800249576.21,13706517495.17,21147422878.01,41.57335737,22.9766216,35.45002102,77340.01,coinalyze_current_universe,high_with_survivorship_caveat
2026-09-03,63305129325.63,3114740499.75,26474084896,14136902803.67,22694141625.97,41.81981014,22.33137023,35.84881963,81270.37,coinalyze_current_universe,high_with_survivorship_caveat
2026-09-04,61207441915.5,3190679649.79,25210325431.75,13639727167.04,22357389316.7,41.18833371,22.28442611,36.52724018,79660.77,coinalyze_current_universe,high_with_survivorship_caveat
2026-09-05,61887894276.7,3173261474.91,24898286132.58,13784412360.25,23205195783.86,40.23127047,22.27319659,37.49553294,79831.75,coinalyze_current_universe,high_with_survivorship_caveat
2026-09-06,62932424739.86,3196278775.3,24844384236.21,13974454835.63,24113585668.02,39.47787542,22.20549247,38.31663211,80341.83,coinalyze_current_universe,high_with_survivorship_caveat
2026-09-07,62420538858.74,3257301461.73,24677545089.04,14087487170.66,23655506599.04,39.53433524,22.56867279,37.89699197,79112.01,coinalyze_current_universe,high_with_survivorship_caveat
2026-09-08,62223691285.32,3221205405.67,24631685444.52,13921549943.15,23670455897.65,39.58570271,22.37339132,38.04090598,78455.8,coinalyze_current_universe,high_with_survivorship_caveat
2026-09-09,61144227901.91,3131374495.98,24475899980.11,13845318822.03,22823009099.77,40.02978011,22.64370538,37.32651451,78306.43,coinalyze_current_universe,high_with_survivorship_caveat
2026-09-10,59792521083.23,2970073402.16,24526622974.04,13800780049.92,21465118059.27,41.01954982,23.08111416,35.89933602,76568.72,coinalyze_current_universe,high_with_survivorship_caveat
2026-09-11,59623738538.6,3015617074.46,23890171798.79,14365477663.02,21368089076.8,40.06822179,24.09355404,35.83822417,77225.7,coinalyze_current_universe,high_with_survivorship_caveat
2026-09-12,59925985041.79,2987116466.81,23934970148.56,14480883174.67,21510131718.55,39.9408873,24.16461434,35.89449836,77278.73,coinalyze_current_universe,high_with_survivorship_caveat
2026-09-13,59087334713.55,2984919370.39,23949532480.68,14221210398.6,20916591834.27,40.53242983,24.06811962,35.39945055,76842.01,coinalyze_current_universe,high_with_survivorship_caveat
2026-09-14,60424386097.19,3020560879.79,24146766385.27,14476538191.91,21801081520.01,39.96195567,23.95810554,36.07993879,78189.21,coinalyze_current_universe,high_with_survivorship_caveat
2026-09-15,58504507429.32,3044757847.37,24154459776.72,13662180206.12,20687867446.49,41.2864937,23.3523549,35.3611514,75644.48,coinalyze_current_universe,high_with_survivorship_caveat
2026-09-16,59839319426.32,3171561731.58,24392075354.23,13811575434.46,21635668637.63,40.76262161,23.08110381,36.15627458,76206.01,coinalyze_current_universe,high_with_survivorship_caveat
2026-09-17,61219861638.4,3218790808.28,24335164631.51,13841237230.28,23043459776.61,39.75044043,22.60906324,37.64049634,76417.01,coinalyze_current_universe,high_with_survivorship_caveat
2026-09-18,66749496543.31,3222404730.04,26387886896.46,15265236318.55,25096373328.3,39.532713,22.86944038,37.59784662,80883.87,coinalyze_current_universe,high_with_survivorship_caveat
2026-09-19,66878052361.91,3197650936.46,26322133336.22,15469484580.46,25086434445.23,39.35840295,23.1308838,37.51071324,81249.99,coinalyze_current_universe,high_with_survivorship_caveat
2026-09-20,67010861386.38,3205791559.39,26295638239.65,15319903363.9,25395319782.82,39.24085991,22.86182127,37.89731882,81178,coinalyze_current_universe,high_with_survivorship_caveat
2026-09-21,71505520074.99,3291408969.81,28427572609.85,16284290624.07,26793656841.08,39.75577351,22.77347344,37.47075305,86620,coinalyze_current_universe,high_with_survivorship_caveat
2026-09-22,72135637570.07,3486648095.91,28488611958.77,15889469060.47,27757556550.84,39.4931173,22.02721095,38.47967175,86208.56,coinalyze_current_universe,high_with_survivorship_caveat
2026-09-23,67619589488.49,3336884167.53,26536059970.81,15263935242.54,25819594275.13,39.24315449,22.57324447,38.18360104,84397.6,coinalyze_current_universe,high_with_survivorship_caveat
