date,timestamp,all_oi_usd,excluded_oi_usd,crypto_oi_usd,btc_oi_usd,eth_oi_usd,others_oi_usd,raw_btc_pct,raw_eth_pct,raw_others_pct,excluded_oi_pct,btc_pct,eth_pct,others_pct
2024-09-08,1725753600,29471467497.52,0,29471467497.52,14254378850.15,6754227410.91,8462861236.46,48.36670875,22.91785237,28.71543888,0,48.36670875,22.91785237,28.71543888
2024-09-09,1725840000,30431751758.86,0,30431751758.86,14823864572.11,6785661159.53,8822226027.22,48.71183457,22.29796435,28.99020108,0,48.71183457,22.29796435,28.99020108
2024-09-10,1725926400,30719699465.58,0,30719699465.58,14880437246.16,6813647620.53,9025614598.9,48.43939721,22.1800595,29.38054329,0,48.43939721,22.1800595,29.38054329
2024-09-11,1726012800,30494433033.37,0,30494433033.37,14762276579.53,6823754903.32,8908401550.53,48.40974273,22.37705123,29.21320603,0,48.40974273,22.37705123,29.21320603
2024-09-12,1726099200,31234047864.75,0,31234047864.75,15016196963.95,6886196213.65,9331654687.16,48.07637175,22.04708222,29.87654603,0,48.07637175,22.04708222,29.87654603
2024-09-13,1726185600,32966476264.95,0,32966476264.95,16030811362.25,7197289341.48,9738375561.23,48.62761562,21.83214634,29.54023804,0,48.62761562,21.83214634,29.54023804
2024-09-14,1726272000,32563395835.33,0,32563395835.33,15702302584.65,7142353372.42,9718739878.25,48.22071587,21.93368716,29.84559696,0,48.22071587,21.93368716,29.84559696
2024-09-15,1726358400,31592044614.66,0,31592044614.66,15374203617.88,6867738400.64,9350102596.14,48.66479459,21.73882218,29.59638324,0,48.66479459,21.73882218,29.59638324
2024-09-16,1726444800,31198842347.72,0,31198842347.72,14976613994.99,7006967040.87,9215261311.87,48.00374908,22.45906102,29.5371899,0,48.00374908,22.45906102,29.5371899
2024-09-17,1726531200,32060161093.06,0,32060161093.06,15554161397.62,7062041309.7,9443958385.73,48.51554349,22.0274667,29.45698981,0,48.51554349,22.0274667,29.45698981
2024-09-18,1726617600,32828390970.92,0,32828390970.92,16003703279,7025427662.88,9799260029.04,48.74958171,21.400463,29.8499553,0,48.74958171,21.400463,29.8499553
2024-09-19,1726704000,34681699789.77,0,34681699789.77,16714440964.53,7488374461.52,10478884363.72,48.1938344,21.59171698,30.21444862,0,48.1938344,21.59171698,30.21444862
2024-09-20,1726790400,35413699891.76,0,35413699891.76,16718537723.23,7786144146.58,10909018021.95,47.2092376,21.98624874,30.80451366,0,47.2092376,21.98624874,30.80451366
2024-09-21,1726876800,36234611044.88,0,36234611044.88,16823525799.64,8051057233.91,11360028011.34,46.4294367,22.21924564,31.35131766,0,46.4294367,22.21924564,31.35131766
2024-09-22,1726963200,35118892407.77,0,35118892407.77,16651760599.31,7699863681.55,10767268126.91,47.41539228,21.92513247,30.65947525,0,47.41539228,21.92513247,30.65947525
2024-09-23,1727049600,36256104703.35,0,36256104703.35,16856033918.71,8087300252.49,11312770532.15,46.49157447,22.30603734,31.20238819,0,46.49157447,22.30603734,31.20238819
2024-09-24,1727136000,37485248028.73,0,37485248028.73,17429248256.3,8041322018.45,12014677753.98,46.49628633,21.45196428,32.05174938,0,46.49628633,21.45196428,32.05174938
2024-09-25,1727222400,36686639446.7,0,36686639446.7,17059192927.62,7913355157.04,11714091362.04,46.49974264,21.57012819,31.93012917,0,46.49974264,21.57012819,31.93012917
2024-09-26,1727308800,37995041885.73,0,37995041885.73,17510311662.15,7924777214.48,12559953009.09,46.08578065,20.85739828,33.05682106,0,46.08578065,20.85739828,33.05682106
2024-09-27,1727395200,38871184422.9,0,38871184422.9,17529244017.87,8195163000.38,13146777404.66,45.09572908,21.08287443,33.82139649,0,45.09572908,21.08287443,33.82139649
2024-09-28,1727481600,38841344374,0,38841344374,17434658453.84,8181336401.85,13225349518.31,44.88685635,21.06347382,34.04966983,0,44.88685635,21.06347382,34.04966983
2024-09-29,1727568000,39008265990.99,0,39008265990.99,17445304221.83,8097748791.47,13465212977.69,44.72207051,20.75905859,34.5188709,0,44.72207051,20.75905859,34.5188709
2024-09-30,1727654400,38088628046.74,0,38088628046.74,17049188379.44,8288769159.94,12750670507.36,44.7618863,21.76179502,33.47631868,0,44.7618863,21.76179502,33.47631868
2024-10-01,1727740800,35631330975.82,0,35631330975.82,16302028629.61,7751204078.27,11578098267.95,45.75194971,21.75389991,32.49415038,0,45.75194971,21.75389991,32.49415038
2024-10-02,1727827200,34206916802.55,0,34206916802.55,15877426722.85,7412644113.25,10916845966.45,46.41583693,21.67001532,31.91414774,0,46.41583693,21.67001532,31.91414774
2024-10-03,1727913600,34146963724.05,0,34146963724.05,16181492481.07,7388967674.64,10576503568.34,47.38779299,21.63872529,30.97348172,0,47.38779299,21.63872529,30.97348172
2024-10-04,1728000000,34972029535.56,0,34972029535.56,16407050555.03,7484198816.68,11080780163.85,46.91477953,21.40052755,31.68469291,0,46.91477953,21.40052755,31.68469291
2024-10-05,1728086400,34922100737.15,0,34922100737.15,16382467679.22,7477835615.15,11061797442.78,46.91146103,21.41290317,31.6756358,0,46.91146103,21.41290317,31.6756358
2024-10-06,1728172800,36084384503.99,0,36084384503.99,16846526333.76,7526696295.66,11711161874.57,46.68647274,20.85859687,32.4549304,0,46.68647274,20.85859687,32.4549304
2024-10-07,1728259200,35145474678.31,0,35145474678.31,16417798076.24,7199762523.1,11527914078.98,46.71383223,20.48560331,32.80056447,0,46.71383223,20.48560331,32.80056447
2024-10-08,1728345600,35376480463.04,0,35376480463.04,16492909506.08,7444947881.01,11438623075.95,46.62111462,21.04490832,32.33397706,0,46.62111462,21.04490832,32.33397706
2024-10-09,1728432000,35332779735.06,0,35332779735.06,16529651067.56,7580938673.89,11222189993.6,46.78276431,21.45582298,31.76141271,0,46.78276431,21.45582298,31.76141271
2024-10-10,1728518400,36351797677.51,0,36351797677.51,16724629870.25,7864073639.68,11763094167.58,46.00771059,21.63324551,32.3590439,0,46.00771059,21.63324551,32.3590439
2024-10-11,1728604800,37721862380.18,0,37721862380.18,17549178296.37,7723673358.06,12449010725.75,46.52256593,20.47532351,33.00211055,0,46.52256593,20.47532351,33.00211055
2024-10-12,1728691200,38823105812.72,0,38823105812.72,17926240844.76,7889110581.52,13007754386.44,46.17415446,20.32065806,33.50518748,0,46.17415446,20.32065806,33.50518748
2024-10-13,1728777600,38241363757.49,0,38241363757.49,17452498567.83,7773251766.12,13015613423.54,45.63775152,20.32681631,34.03543217,0,45.63775152,20.32681631,34.03543217
2024-10-14,1728864000,41899437658.88,0,41899437658.88,18792296145.03,8972131370.03,14135010143.82,44.85095074,21.41348875,33.73556051,0,44.85095074,21.41348875,33.73556051
2024-10-15,1728950400,40603523631.44,0,40603523631.44,18597307161.42,8603708527.36,13402507942.66,45.80220015,21.18956129,33.00823856,0,45.80220015,21.18956129,33.00823856
2024-10-16,1729036800,41537640335.15,0,41537640335.15,19391486515.64,8721298874.34,13424854945.17,46.68413121,20.9961346,32.31973419,0,46.68413121,20.9961346,32.31973419
2024-10-17,1729123200,40659436720.3,0,40659436720.3,18792058422.49,8729370610.62,13138007687.19,46.21819666,21.4694824,32.31232094,0,46.21819666,21.4694824,32.31232094
2024-10-18,1729209600,42488944510.31,0,42488944510.31,19762136873.35,8923993089.1,13802814547.85,46.51124452,21.00309432,32.48566117,0,46.51124452,21.00309432,32.48566117
2024-10-19,1729296000,42929996829.52,0,42929996829.52,19739006976.02,8959223430.38,14231766423.13,45.97952116,20.86937827,33.15110057,0,45.97952116,20.86937827,33.15110057
2024-10-20,1729382400,44348580451.19,0,44348580451.19,19876805831.38,9513468469.81,14958306150,44.81948606,21.45157381,33.72894013,0,44.81948606,21.45157381,33.72894013
2024-10-21,1729468800,43332259240.16,0,43332259240.16,19515787681.83,9253664543.44,14562807014.89,45.03754945,21.35513981,33.60731074,0,45.03754945,21.35513981,33.60731074
2024-10-22,1729555200,43129744632.08,0,43129744632.08,19572495385.61,9062007169.81,14495242076.66,45.38050376,21.01103832,33.60845792,0,45.38050376,21.01103832,33.60845792
2024-10-23,1729641600,42622645088.33,0,42622645088.33,19403304922.7,8814826770.49,14404513395.14,45.52346501,20.68108807,33.79544692,0,45.52346501,20.68108807,33.79544692
2024-10-24,1729728000,43447934258.17,0,43447934258.17,19736566915.79,8839237070.83,14872130271.55,45.42578894,20.34443575,34.22977531,0,45.42578894,20.34443575,34.22977531
2024-10-25,1729814400,40084605356.11,0,40084605356.11,18591162330.1,8513213033.76,12980229992.26,46.37980632,21.23811114,32.38208254,0,46.37980632,21.23811114,32.38208254
2024-10-26,1729900800,40726917296.69,0,40726917296.69,18693887496.19,8695716072.21,13337313728.28,45.90057077,21.3512749,32.74815433,0,45.90057077,21.3512749,32.74815433
2024-10-27,1729987200,41862993797.83,0,41862993797.83,19266498654.33,8816499721,13779995422.49,46.02274445,21.06036602,32.91688953,0,46.02274445,21.06036602,32.91688953
2024-10-28,1730073600,44084669100.74,0,44084669100.74,20856864661.01,9197194515.29,14030609924.44,47.31092483,20.86256901,31.82650615,0,47.31092483,20.86256901,31.82650615
2024-10-29,1730160000,46254771194.44,0,46254771194.44,21934740225.53,9443802309.82,14876228659.08,47.4215733,20.41692579,32.16150091,0,47.4215733,20.41692579,32.16150091
2024-10-30,1730246400,46113731059.29,0,46113731059.29,21802423624.1,9609272039.76,14702035395.43,47.27967814,20.83820116,31.8821207,0,47.27967814,20.83820116,31.8821207
2024-10-31,1730332800,44451293099.34,0,44451293099.34,21189195835.68,9427042305.97,13835054957.68,47.66834519,21.20757721,31.1240776,0,47.66834519,21.20757721,31.1240776
2024-11-01,1730419200,42577895835.58,0,42577895835.58,20047095330.08,9155467678.33,13375332827.17,47.08333969,21.50286551,31.4137948,0,47.08333969,21.50286551,31.4137948
2024-11-02,1730505600,42492680552.81,0,42492680552.81,20122333440.72,9148147514.78,13222199597.31,47.35482248,21.52876071,31.11641682,0,47.35482248,21.52876071,31.11641682
2024-11-03,1730592000,41369639232.53,0,41369639232.53,19697522508.7,9061666291.01,12610450432.82,47.61347421,21.90414628,30.48237951,0,47.61347421,21.90414628,30.48237951
2024-11-04,1730678400,40653218278.27,0,40653218278.27,19620401368.71,8874675076.48,12158141833.08,48.26284904,21.8301907,29.90696026,0,48.26284904,21.8301907,29.90696026
2024-11-05,1730764800,41329626790.74,0,41329626790.74,19779661049.8,8743256190.97,12806709549.96,47.85831033,21.15493623,30.98675344,0,47.85831033,21.15493623,30.98675344
2024-11-06,1730851200,48678836534.5,0,48678836534.5,22924527146.68,10189870628.04,15564438759.79,47.09341632,20.93285574,31.97372794,0,47.09341632,20.93285574,31.97372794
2024-11-07,1730937600,50325084636.46,0,50325084636.46,22757472002.5,11254667036.79,16312945597.16,45.2209314,22.36393067,32.41513793,0,45.2209314,22.36393067,32.41513793
2024-11-08,1731024000,51332353627.24,0,51332353627.24,22952879140.59,11602983284.12,16776491202.53,44.7142543,22.60364558,32.68210011,0,44.7142543,22.60364558,32.68210011
2024-11-09,1731110400,52670411186.48,0,52670411186.48,22509300810.86,12092136046.62,18068974329.01,42.73614028,22.9581197,34.30574002,0,42.73614028,22.9581197,34.30574002
2024-11-10,1731196800,53992713466.09,0,53992713466.09,23161173390.46,11775951366.66,19055588708.97,42.89685016,21.81026033,35.29288951,0,42.89685016,21.81026033,35.29288951
2024-11-11,1731283200,58830827414.11,0,58830827414.11,25163647473.77,12379667828.13,21287512112.21,42.77289404,21.04282461,36.18428135,0,42.77289404,21.04282461,36.18428135
2024-11-12,1731369600,57254343238.72,0,57254343238.72,24767867697.12,11620553630.59,20865921911,43.25936915,20.2963705,36.44426035,0,43.25936915,20.2963705,36.44426035
2024-11-13,1731456000,57568178916.48,0,57568178916.48,25151227330.47,11265555861.3,21151395724.72,43.68946144,19.56906762,36.74147094,0,43.68946144,19.56906762,36.74147094
2024-11-14,1731542400,56725363991.65,0,56725363991.65,25236010759.03,11013874699.39,20475478533.23,44.48805434,19.41613755,36.0958081,0,44.48805434,19.41613755,36.0958081
2024-11-15,1731628800,59522765058.68,0,59522765058.68,25665080200.58,11357751230.47,22499933627.62,43.11809133,19.08135689,37.80055178,0,43.11809133,19.08135689,37.80055178
2024-11-16,1731715200,60362777441.73,0,60362777441.73,25592788885.09,11598941816.81,23171046739.83,42.39829572,19.21538787,38.38631641,0,42.39829572,19.21538787,38.38631641
2024-11-17,1731801600,60351990853.62,0,60351990853.62,25584530617.82,11370446429.65,23397013806.15,42.39218998,18.84021764,38.76759238,0,42.39218998,18.84021764,38.76759238
2024-11-18,1731888000,62085791365.74,0,62085791365.74,26026687275.49,12253667932.76,23805436157.49,41.92052111,19.73667028,38.34280861,0,41.92052111,19.73667028,38.34280861
2024-11-19,1731974400,62123016866.3,0,62123016866.3,26758913364.86,11713565297.52,23650538203.91,43.07407257,18.85543537,38.07049206,0,43.07407257,18.85543537,38.07049206
2024-11-20,1732060800,62373581266.59,0,62373581266.59,28203567058.3,11991121935.57,22178892272.73,45.21716805,19.22468085,35.5581511,0,45.21716805,19.22468085,35.5581511
2024-11-21,1732147200,67468394925.6,0,67468394925.6,29389183370.98,13559004762.6,24520206792.02,43.55992669,20.09682426,36.34324904,0,43.55992669,20.09682426,36.34324904
2024-11-22,1732233600,68880769101.03,0,68880769101.03,29402163134.83,13452974114.71,26025631851.49,42.68559065,19.53081287,37.78359648,0,42.68559065,19.53081287,37.78359648
2024-11-23,1732320000,69893839186.25,0,69893839186.25,29165388397.44,13874616510.37,26853834278.44,41.72812473,19.8509864,38.42088887,0,41.72812473,19.8509864,38.42088887
2024-11-24,1732406400,70121522215.93,0,70121522215.93,29079563105.78,13789093378.43,27252865731.72,41.47023936,19.66456652,38.86519412,0,41.47023936,19.66456652,38.86519412
2024-11-25,1732492800,68494654505.42,0,68494654505.42,28682642936.98,14180401557.32,25631610011.12,41.87573927,20.70293172,37.421329,0,41.87573927,20.70293172,37.421329
2024-11-26,1732579200,66358258798.78,0,66358258798.78,27564106281.37,13930582490.59,24863570026.82,41.5383206,20.99298978,37.46868962,0,41.5383206,20.99298978,37.46868962
2024-11-27,1732665600,71006652071.1,0,71006652071.1,27964917404.25,16514945693.32,26526788973.53,39.38351772,23.25830779,37.35817448,0,39.38351772,23.25830779,37.35817448
2024-11-28,1732752000,70625548943.53,0,70625548943.53,27689214121.79,16046315938.57,26890018883.17,39.20566217,22.72027075,38.07406708,0,39.20566217,22.72027075,38.07406708
2024-11-29,1732838400,73344869103.68,0,73344869103.68,28476127807.68,15820176819.9,29048564476.11,38.82497597,21.56957537,39.60544866,0,38.82497597,21.56957537,39.60544866
2024-11-30,1732924800,74441289459.33,0,74441289459.33,27728884284.56,16709038103.89,30003367070.87,37.24933365,22.44592782,40.30473852,0,37.24933365,22.44592782,40.30473852
2024-12-01,1733011200,76178571025.27,0,76178571025.27,27865461663.38,16757679757.54,31555429604.35,36.57913412,21.99789197,41.42297391,0,36.57913412,21.99789197,41.42297391
2024-12-02,1733097600,76040638720.99,0,76040638720.99,27451006969.59,16221340409.91,32368291341.49,36.10044238,21.33246207,42.56709555,0,36.10044238,21.33246207,42.56709555
2024-12-03,1733184000,77199796716.01,0,77199796716.01,27452721529.81,16375512445.03,33371562741.17,35.56061375,21.21185954,43.2275267,0,35.56061375,21.21185954,43.2275267
2024-12-04,1733270400,81477670723.75,0,81477670723.75,29422074791.7,17909539198.18,34146056733.87,36.11059881,21.98091703,41.90848417,0,36.11059881,21.98091703,41.90848417
2024-12-05,1733356800,80096688545.57,0,80096688545.57,28612312994.94,17312099039.48,34172276511.14,35.72221713,21.61400097,42.6637819,0,35.72221713,21.61400097,42.6637819
2024-12-06,1733443200,83691240481.19,0,83691240481.19,28346148712.67,19057326242.4,36287765526.13,33.86991106,22.77099268,43.35909627,0,33.86991106,22.77099268,43.35909627
2024-12-07,1733529600,85299377624.89,0,85299377624.89,28598260077.91,18915773050.24,37785344496.73,33.52692701,22.17574568,44.29732731,0,33.52692701,22.17574568,44.29732731
2024-12-08,1733616000,85829164640.75,0,85829164640.75,28899195072.07,18983275819.49,37946693749.19,33.67060042,22.11751204,44.21188754,0,33.67060042,22.11751204,44.21188754
2024-12-09,1733702400,74350467105.29,0,74350467105.29,28162828251.93,17194498246,28993140607.36,37.87848194,23.1262814,38.99523666,0,37.87848194,23.1262814,38.99523666
2024-12-10,1733788800,71351232126.97,0,71351232126.97,27383133559.86,16482100809.64,27485997757.47,38.37794071,23.09995261,38.52210668,0,38.37794071,23.09995261,38.52210668
2024-12-11,1733875200,76403687280.75,0,76403687280.75,29255942823.54,17378720296.92,29769024160.28,38.29127083,22.74591831,38.96281085,0,38.29127083,22.74591831,38.96281085
2024-12-12,1733961600,76983308831.65,0,76983308831.65,28945266601.11,17762330010.76,30275712219.78,37.59940569,23.07296254,39.32763177,0,37.59940569,23.07296254,39.32763177
2024-12-13,1734048000,77944212912.48,0,77944212912.48,28992585543.19,18101645231.39,30849982137.9,37.19658517,23.22384761,39.57956721,0,37.19658517,23.22384761,39.57956721
2024-12-14,1734134400,77139858777.34,0,77139858777.34,29141096316.28,18180788203.81,29817974257.26,37.77696353,23.56860447,38.654432,0,37.77696353,23.56860447,38.654432
2024-12-15,1734220800,80879913201.01,0,80879913201.01,31592289891.84,18649636542.42,30637986766.74,39.06073664,23.05842799,37.88083537,0,39.06073664,23.05842799,37.88083537
2024-12-16,1734307200,81092756113.71,0,81092756113.71,31284751436.26,19295705872.45,30512298805,38.57897171,23.79461101,37.62641729,0,38.57897171,23.79461101,37.62641729
2024-12-17,1734393600,80180169980.97,0,80180169980.97,30942075416.87,18799843679.79,30438250884.32,38.59068324,23.44699903,37.96231773,0,38.59068324,23.44699903,37.96231773
2024-12-18,1734480000,74649775909.82,0,74649775909.82,29834856064.23,17671735357.46,27143184488.13,39.96643754,23.67285788,36.36070458,0,39.96643754,23.67285788,36.36070458
2024-12-19,1734566400,69376194262.76,0,69376194262.76,28723762315.67,16514158392.23,24138273554.86,41.40290862,23.8037825,34.79330887,0,41.40290862,23.8037825,34.79330887
2024-12-20,1734652800,67527511839.14,0,67527511839.14,27938687929.59,15753742534.17,23835081375.39,41.37378554,23.32936918,35.29684528,0,41.37378554,23.32936918,35.29684528
2024-12-21,1734739200,65408402518.08,0,65408402518.08,27734012396.08,15182875544.02,22491514577.98,42.40129911,23.21242372,34.38627716,0,42.40129911,23.21242372,34.38627716
2024-12-22,1734825600,64606355280.7,0,64606355280.7,27266705378.2,14994395788.38,22345254114.13,42.20437024,23.20885573,34.58677404,0,42.20437024,23.20885573,34.58677404
2024-12-23,1734912000,66834237951.48,0,66834237951.48,27744075044.66,15386068333.13,23704094573.68,41.51176986,23.02123703,35.46699312,0,41.51176986,23.02123703,35.46699312
2024-12-24,1734998400,68216598323.18,0,68216598323.18,28189616218.1,15574143582.31,24452838522.77,41.32369088,22.83043125,35.84587787,0,41.32369088,22.83043125,35.84587787
2024-12-25,1735084800,68098840060.61,0,68098840060.61,28445371983.18,15526071472.24,24127396605.19,41.77071439,22.79931855,35.42996707,0,41.77071439,22.79931855,35.42996707
2024-12-26,1735171200,65213870032.25,0,65213870032.25,27585824384.62,15052276720.48,22575768927.15,42.30054798,23.08140387,34.61804815,0,42.30054798,23.08140387,34.61804815
2024-12-27,1735257600,65272243331.9,0,65272243331.9,27554546225.16,15238900568.55,22478796538.2,42.21479885,23.34667814,34.43852301,0,42.21479885,23.34667814,34.43852301
2024-12-28,1735344000,66935975416.69,0,66935975416.69,27889669772.43,15634798833.96,23411506810.31,41.66618862,23.35784119,34.97597019,0,41.66618862,23.35784119,34.97597019
2024-12-29,1735430400,65439954789.02,0,65439954789.02,27516746587.15,15459608056.1,22463600145.77,42.04884718,23.62411176,34.32704105,0,42.04884718,23.62411176,34.32704105
2024-12-30,1735516800,65503739703.37,0,65503739703.37,27253893345.12,15794857857.65,22454988500.61,41.60662196,24.11291009,34.28046796,0,41.60662196,24.11291009,34.28046796
2024-12-31,1735603200,65453836156.72,0,65453836156.72,27158029114.93,15733340706.86,22562466334.93,41.491883,24.03730878,34.47080822,0,41.491883,24.03730878,34.47080822
2025-01-01,1735689600,67739527850.83,0,67739527850.83,27712626494.22,16191087893.74,23835813462.87,40.91056931,23.90197925,35.18745143,0,40.91056931,23.90197925,35.18745143
2025-01-02,1735776000,70048620392.55,0,70048620392.55,28445823654.15,16629552527.16,24973244211.23,40.60868507,23.74001434,35.65130058,0,40.60868507,23.74001434,35.65130058
2025-01-03,1735862400,73414041606.82,0,73414041606.82,28428913520.77,17786125179.31,27199002906.74,38.72408179,24.22714346,37.04877475,0,38.72408179,24.22714346,37.04877475
2025-01-04,1735948800,73775279182.07,0,73775279182.07,28102592568.21,18045956347.44,27626730266.43,38.09215347,24.46070899,37.44713754,0,38.09215347,24.46070899,37.44713754
2025-01-05,1736035200,73813538061.01,0,73813538061.01,28473425415.64,17823763297.62,27516349347.76,38.574801,24.14701119,37.27818781,0,38.574801,24.14701119,37.27818781
2025-01-06,1736121600,76076589653.5,0,76076589653.5,30417136607.17,17944978151.94,27714474894.39,39.98225571,23.58804231,36.42970199,0,39.98225571,23.58804231,36.42970199
2025-01-07,1736208000,70660738542.69,0,70660738542.69,29353232221.19,16642515211.83,24664991109.68,41.54107759,23.55270488,34.90621754,0,41.54107759,23.55270488,34.90621754
2025-01-08,1736294400,68684370975.44,0,68684370975.44,28657220081.27,16483881363.05,23543269531.12,41.72305821,23.99946469,34.2774771,0,41.72305821,23.99946469,34.2774771
2025-01-09,1736380800,65617264796.32,0,65617264796.32,27536847973.92,15899863787.81,22180553034.59,41.9658577,24.23122,33.8029223,0,41.9658577,24.23122,33.8029223
2025-01-10,1736467200,66486601147,0,66486601147,27879163370.64,15797619135.65,22809818640.71,41.93200267,23.76060569,34.30739164,0,41.93200267,23.76060569,34.30739164
2025-01-11,1736553600,67376805603.36,0,67376805603.36,27675346556.38,16072185286.02,23629273760.97,41.07548037,23.85418119,35.07033845,0,41.07548037,23.85418119,35.07033845
2025-01-12,1736640000,67077908385.18,0,67077908385.18,27738993120.64,15982277004.39,23356638260.15,41.35339606,23.82643912,34.82016482,0,41.35339606,23.82643912,34.82016482
2025-01-13,1736726400,64533714602.31,0,64533714602.31,27083829425.19,14784317273.45,22665567903.66,41.96849599,22.9094472,35.12205681,0,41.96849599,22.9094472,35.12205681
2025-01-14,1736812800,66274252363.03,0,66274252363.03,27488515465.56,14917641416.99,23868095480.48,41.47691522,22.50895466,36.01413012,0,41.47691522,22.50895466,36.01413012
2025-01-15,1736899200,71620034170.81,0,71620034170.81,28630383791.9,15856236267.92,27133414110.99,39.97538416,22.13938663,37.88522922,0,39.97538416,22.13938663,37.88522922
2025-01-16,1736985600,70997388565,0,70997388565,28493335556.08,15361941948.01,27142111060.91,40.13293465,21.63733379,38.22973156,0,40.13293465,21.63733379,38.22973156
2025-01-17,1737072000,76235850183.16,0,76235850183.16,30592138826.37,16413248070.64,29230463286.15,40.12828447,21.52956651,38.34214902,0,40.12828447,21.52956651,38.34214902
2025-01-18,1737158400,75161786451.04,0,75161786451.04,29630438093.04,15967265815.16,29564082542.84,39.42221106,21.2438615,39.33392744,0,39.42221106,21.2438615,39.33392744
2025-01-19,1737244800,70762327709.78,0,70762327709.78,28621276873.88,15718067539.19,26422983296.72,40.44705396,22.2124795,37.34046653,0,40.44705396,22.2124795,37.34046653
2025-01-20,1737331200,70292850083.87,0,70292850083.87,29335621402.81,15723345779.96,25233882901.1,41.73343572,22.36834296,35.89822133,0,41.73343572,22.36834296,35.89822133
2025-01-21,1737417600,72800152672.48,0,72800152672.48,30464730251.51,15953608471.3,26381813949.68,41.84706918,21.91425139,36.23867943,0,41.84706918,21.91425139,36.23867943
2025-01-22,1737504000,71589962217.27,0,71589962217.27,29553382077.47,15679490396.37,26357089743.42,41.28146064,21.90180007,36.81673928,0,41.28146064,21.90180007,36.81673928
2025-01-23,1737590400,71265272330.48,0,71265272330.48,29030390365.04,16414840226.42,25820041739.02,40.7356759,23.03343507,36.23088904,0,40.7356759,23.03343507,36.23088904
2025-01-24,1737676800,71067972958.47,0,71067972958.47,29347937318.51,16054923752.45,25665111887.51,41.29558801,22.59094088,36.11347112,0,41.29558801,22.59094088,36.11347112
2025-01-25,1737763200,70875886742.02,0,70875886742.02,28915021083.22,15967066072.12,25993799586.68,40.79669746,22.52820643,36.67509612,0,40.79669746,22.52820643,36.67509612
2025-01-26,1737849600,69407495774.4,0,69407495774.4,28630550345.24,15563185117.91,25213760311.25,41.24993998,22.42291693,36.3271431,0,41.24993998,22.42291693,36.3271431
2025-01-27,1737936000,68289222011.31,0,68289222011.31,28870090656.02,15393681835.74,24025449519.55,42.27620378,22.54189077,35.18190545,0,42.27620378,22.54189077,35.18190545
2025-01-28,1738022400,66168258133.53,0,66168258133.53,28143742549.3,15144384857.06,22880130727.17,42.53360047,22.88768857,34.57871096,0,42.53360047,22.88768857,34.57871096
2025-01-29,1738108800,67058791763.84,0,67058791763.84,28703958671.06,15178629651.26,23176203441.52,42.80416917,22.63480932,34.5610215,0,42.80416917,22.63480932,34.5610215
2025-01-30,1738195200,69615043385.54,0,69615043385.54,29251126098.08,15794405264.79,24569512022.67,42.01839814,22.68820717,35.29339469,0,42.01839814,22.68820717,35.29339469
2025-01-31,1738281600,70257513872.01,0,70257513872.01,29257536815.04,16400700120.21,24599276936.75,41.64328511,23.34369552,35.01301936,0,41.64328511,23.34369552,35.01301936
2025-02-01,1738368000,66722916094.56,0,66722916094.56,28586206933.11,15431794567.31,22704914594.15,42.84316185,23.12817765,34.0286605,0,42.84316185,23.12817765,34.0286605
2025-02-02,1738454400,62595985653.41,0,62595985653.41,28066162834.41,14434935198.04,20094887620.95,44.83700119,23.06048071,32.10251809,0,44.83700119,23.06048071,32.10251809
2025-02-03,1738540800,58773857809,0,58773857809,27636992505.29,12966431029.15,18170434274.57,47.02259395,22.06156191,30.91584414,0,47.02259395,22.06156191,30.91584414
2025-02-04,1738627200,54858849665.24,0,54858849665.24,26060742347.04,12193438687.15,16604668631.05,47.50508351,22.22693104,30.26798544,0,47.50508351,22.22693104,30.26798544
2025-02-05,1738713600,54467171842.97,0,54467171842.97,26063192386.61,12096601925.21,16307377531.15,47.85119459,22.20897747,29.93982794,0,47.85119459,22.20897747,29.93982794
2025-02-06,1738800000,53940227286.19,0,53940227286.19,26120546378.7,11774225170.85,16045455736.63,48.4249839,21.82828246,29.74673364,0,48.4249839,21.82828246,29.74673364
2025-02-07,1738886400,53345822342.29,0,53345822342.29,26116811713.14,11279810237.46,15949200391.69,48.95755762,21.14469277,29.89774961,0,48.95755762,21.14469277,29.89774961
2025-02-08,1738972800,53759084962.59,0,53759084962.59,26075554005.06,11209934063.33,16473596894.2,48.50446027,20.85216679,30.64337294,0,48.50446027,20.85216679,30.64337294
2025-02-09,1739059200,53192240788.33,0,53192240788.33,25925633013.45,11077713723.35,16188894051.53,48.73950153,20.8258076,30.43469087,0,48.73950153,20.8258076,30.43469087
2025-02-10,1739145600,54486305107.71,0,54486305107.71,26394115541.72,11469557359.76,16622632206.23,48.44174236,21.05034896,30.50790868,0,48.44174236,21.05034896,30.50790868
2025-02-11,1739232000,55020255285.81,0,55020255285.81,27094089349.4,11178461440.15,16747704496.26,49.24384521,20.31699305,30.43916174,0,49.24384521,20.31699305,30.43916174
2025-02-12,1739318400,56337421059.92,0,56337421059.92,27193640011.18,11717094270.73,17426686778.01,48.26923118,20.79806645,30.93270237,0,48.26923118,20.79806645,30.93270237
2025-02-13,1739404800,55362421286.95,0,55362421286.95,26728071778.3,11455969908.19,17178379600.46,48.27836492,20.69268222,31.02895285,0,48.27836492,20.69268222,31.02895285
2025-02-14,1739491200,56441079721.12,0,56441079721.12,26766131403.94,11725210268.3,17949738048.88,47.42313849,20.7742487,31.80261281,0,47.42313849,20.7742487,31.80261281
2025-02-15,1739577600,55851201149.48,0,55851201149.48,26802982917.89,11468132905.6,17580085325.99,47.98998476,20.53336843,31.47664681,0,47.98998476,20.53336843,31.47664681
2025-02-16,1739664000,55421790237.12,0,55421790237.12,26413974626.02,11407921342.31,17599894268.78,47.6599087,20.58381964,31.75627166,0,47.6599087,20.58381964,31.75627166
2025-02-17,1739750400,55783783224.51,0,55783783224.51,26569815625.83,11967663204.89,17246304393.78,47.62999942,21.45366003,30.91634055,0,47.62999942,21.45366003,30.91634055
2025-02-18,1739836800,56336629373.8,0,56336629373.8,27546471062.69,11765878292.99,17024280018.12,48.89620016,20.88495251,30.21884732,0,48.89620016,20.88495251,30.21884732
2025-02-19,1739923200,56484250450.5,0,56484250450.5,27203404984.89,11849665106.66,17431180358.95,48.16104448,20.97870648,30.86024904,0,48.16104448,20.97870648,30.86024904
2025-02-20,1740009600,58560024374.09,0,58560024374.09,28714071799.93,11949329527.88,17896623046.28,49.03357215,20.40526734,30.56116051,0,49.03357215,20.40526734,30.56116051
2025-02-21,1740096000,54562798299.89,0,54562798299.89,26673679965.17,11794507229.21,16094611105.52,48.88620231,21.61638992,29.49740777,0,48.88620231,21.61638992,29.49740777
2025-02-22,1740182400,54437802967.64,0,54437802967.64,25977453497.21,12111158368.07,16349191102.36,47.71951122,22.24769867,30.0327901,0,47.71951122,22.24769867,30.0327901
2025-02-23,1740268800,54994399731.66,0,54994399731.66,26112434159.77,12724493889.07,16157471682.82,47.48198778,23.1377994,29.38021282,0,47.48198778,23.1377994,29.38021282
2025-02-24,1740355200,52378350639.71,0,52378350639.71,26768744086.78,11028202332.78,14581404220.16,51.10650442,21.05488661,27.83860897,0,51.10650442,21.05488661,27.83860897
2025-02-25,1740441600,51134858579.53,0,51134858579.53,25890767353.96,10785118898.65,14458972326.93,50.63232416,21.09151995,28.27615589,0,50.63232416,21.09151995,28.27615589
2025-02-26,1740528000,48882624182.48,0,48882624182.48,23992575220.33,10267128476.42,14622920485.72,49.0820115,21.00363605,29.91435245,0,49.0820115,21.00363605,29.91435245
2025-02-27,1740614400,49049357566.5,0,49049357566.5,24014580191.82,10329348702.38,14705428672.3,48.96003003,21.05909071,29.98087927,0,48.96003003,21.05909071,29.98087927
2025-02-28,1740700800,47432014557.97,0,47432014557.97,22785355987.07,9638343089.48,15008315481.43,48.03792586,20.32033254,31.6417416,0,48.03792586,20.32033254,31.6417416
2025-03-01,1740787200,47543735146,0,47543735146,22818246323.16,9808237197.49,14917251625.35,47.99422311,20.62992562,31.37585127,0,47.99422311,20.62992562,31.37585127
2025-03-02,1740873600,53517604312.66,0,53517604312.66,25118231825.21,10783841785.88,17615530701.57,46.9345221,20.15008318,32.91539472,0,46.9345221,20.15008318,32.91539472
2025-03-03,1740960000,45893829692.64,0,45893829692.64,22129720595.08,9395007088.51,14369102009.05,48.219381,20.47117696,31.30944204,0,48.219381,20.47117696,31.30944204
2025-03-04,1741046400,44548741032.47,0,44548741032.47,21424806851.38,9232919082.42,13891015098.67,48.09295696,20.72543212,31.18161092,0,48.09295696,20.72543212,31.18161092
2025-03-05,1741132800,46877550267.9,0,46877550267.9,22682366526.6,9756692350.52,14438491390.78,48.38641609,20.81314466,30.80043925,0,48.38641609,20.81314466,30.80043925
2025-03-06,1741219200,46641959543.39,0,46641959543.39,22610797959.2,9651364827.9,14379796756.29,48.47737569,20.69245144,30.83017287,0,48.47737569,20.69245144,30.83017287
2025-03-07,1741305600,45670899564.71,0,45670899564.71,22056344481.53,9406732741.17,14207822342.01,48.29408812,20.59677569,31.10913618,0,48.29408812,20.59677569,31.10913618
2025-03-08,1741392000,45722042972.13,0,45722042972.13,21881397794.75,9739479485.57,14101165691.8,47.85743675,21.30149672,30.84106653,0,47.85743675,21.30149672,30.84106653
2025-03-09,1741478400,43799697272.92,0,43799697272.92,21462937575.02,9195580047.92,13141179649.99,49.00247927,20.9946201,30.00290063,0,49.00247927,20.9946201,30.00290063
2025-03-10,1741564800,41772710994.12,0,41772710994.12,20687863608.83,8598408243.9,12486439141.39,49.52482881,20.58379272,29.89137847,0,49.52482881,20.58379272,29.89137847
2025-03-11,1741651200,42472094590.58,0,42472094590.58,21045408578.86,8550360637.34,12876325374.38,49.5511436,20.13171406,30.31714235,0,49.5511436,20.13171406,30.31714235
2025-03-12,1741737600,42950041877.28,0,42950041877.28,21223736285.39,8605299796.7,13121005795.19,49.41493735,20.03560281,30.54945984,0,49.41493735,20.03560281,30.54945984
2025-03-13,1741824000,42773413611.14,0,42773413611.14,21160610692.93,8528854038.98,13083948879.22,49.47140971,19.9396151,30.58897519,0,49.47140971,19.9396151,30.58897519
2025-03-14,1741910400,44793783487.59,0,44793783487.59,22214101407.45,8787699812.58,13791982267.56,49.59192923,19.61812361,30.78994716,0,49.59192923,19.61812361,30.78994716
2025-03-15,1741996800,45407905219.28,0,45407905219.28,22373625588.77,8920111372.5,14114168258.02,49.27253411,19.64440185,31.08306404,0,49.27253411,19.64440185,31.08306404
2025-03-16,1742083200,43303958484.79,0,43303958484.79,21450635398.57,8534648592.62,13318674493.6,49.53504518,19.70870306,30.75625176,0,49.53504518,19.70870306,30.75625176
2025-03-17,1742169600,45157441293.19,0,45157441293.19,22274266065.11,8958075905.16,13925099322.92,49.32579311,19.83743022,30.83677667,0,49.32579311,19.83743022,30.83677667
2025-03-18,1742256000,44329519477.1,0,44329519477.1,21513173048.11,8915113661.75,13901232767.24,48.53012914,20.11100902,31.35886184,0,48.53012914,20.11100902,31.35886184
2025-03-19,1742342400,47512910225.96,0,47512910225.96,22949149496.68,9759265855.52,14804494873.76,48.30087104,20.54024013,31.15888882,0,48.30087104,20.54024013,31.15888882
2025-03-20,1742428800,44834803679.71,0,44834803679.71,21468503596.85,9112009102.16,14254290980.69,47.88356775,20.32351734,31.7929149,0,47.88356775,20.32351734,31.7929149
2025-03-21,1742515200,45235868454.16,0,45235868454.16,21703971313.17,9128026308.36,14403870832.63,47.97956147,20.17873564,31.84170289,0,47.97956147,20.17873564,31.84170289
2025-03-22,1742601600,45124863338.56,0,45124863338.56,21504001969.57,9134359965.66,14486501403.33,47.65444232,20.24241026,32.10314743,0,47.65444232,20.24241026,32.10314743
2025-03-23,1742688000,46544681426.44,0,46544681426.44,22347546419.02,9295924515.91,14901210491.51,48.01310426,19.97204456,32.01485118,0,48.01310426,19.97204456,32.01485118
2025-03-24,1742774400,49083936139.14,0,49083936139.14,23346849180.27,9946546805.58,15790540153.29,47.56515271,20.26436262,32.17048467,0,47.56515271,20.26436262,32.17048467
2025-03-25,1742860800,48900471431.07,0,48900471431.07,23083766694.22,9719947437.19,16096757299.66,47.20561176,19.87700149,32.91738674,0,47.20561176,19.87700149,32.91738674
2025-03-26,1742947200,47372255652.89,0,47372255652.89,22013005933.45,9741690357.15,15617559362.29,46.46813969,20.56412603,32.96773427,0,46.46813969,20.56412603,32.96773427
2025-03-27,1743033600,47475320726.69,0,47475320726.69,22038630592.16,9583259899.72,15853430234.81,46.42123582,20.18577179,33.39299238,0,46.42123582,20.18577179,33.39299238
2025-03-28,1743120000,46675032702.22,0,46675032702.22,22510790283.73,9294847406.73,14869395011.76,48.22876168,19.91396014,31.85727819,0,48.22876168,19.91396014,31.85727819
2025-03-29,1743206400,44893653161.03,0,44893653161.03,21576106971.15,9131026334.75,14186519855.14,48.06048395,20.3392366,31.60027945,0,48.06048395,20.3392366,31.60027945
2025-03-30,1743292800,44614972983.9,0,44614972983.9,21410162767.07,8995740552.71,14209069664.12,47.98873861,20.16305278,31.8482086,0,47.98873861,20.16305278,31.8482086
2025-03-31,1743379200,44534528633.66,0,44534528633.66,21389968214.7,9004131808.93,14140428610.03,48.0300766,20.21831618,31.75160722,0,48.0300766,20.21831618,31.75160722
2025-04-01,1743465600,45648616471.1,0,45648616471.1,22122475302.24,9318075761.47,14208065407.39,48.46253186,20.41261375,31.12485439,0,48.46253186,20.41261375,31.12485439
2025-04-02,1743552000,43207859533.31,0,43207859533.31,21100013636.18,8729368301.43,13378477595.69,48.83373966,20.20319543,30.96306492,0,48.83373966,20.20319543,30.96306492
2025-04-03,1743638400,44316416683.3,0,44316416683.3,21310013512.06,9109872404.6,13896530766.65,48.08604826,20.55642826,31.35752348,0,48.08604826,20.55642826,31.35752348
2025-04-04,1743724800,44879349066.34,0,44879349066.34,21863345109.53,9005741248.11,14010262708.7,48.7158249,20.06655942,31.21761567,0,48.7158249,20.06655942,31.21761567
2025-04-05,1743811200,44430986010.12,0,44430986010.12,21608384493.43,8938305436.54,13884296080.15,48.63359208,20.11727904,31.24912888,0,48.63359208,20.11727904,31.24912888
2025-04-06,1743897600,41867505691.21,0,41867505691.21,21302593566.31,8051566997.84,12513345127.06,50.88097133,19.23106444,29.88796423,0,50.88097133,19.23106444,29.88796423
2025-04-07,1743984000,40310337233.05,0,40310337233.05,20667688250.39,7627844177.16,12014804805.5,51.27143475,18.92279921,29.80576604,0,51.27143475,18.92279921,29.80576604
2025-04-08,1744070400,40173278829.09,0,40173278829.09,20749428846.04,7498614894.91,11925235088.13,51.64982658,18.66567807,29.68449536,0,51.64982658,18.66567807,29.68449536
2025-04-09,1744156800,43340372134.97,0,43340372134.97,22074741132.11,8178729662.99,13086901339.86,50.93343699,18.87092625,30.19563676,0,50.93343699,18.87092625,30.19563676
2025-04-10,1744243200,41185952196.7,0,41185952196.7,21167929704.54,7436681312.67,12581341179.48,51.39599445,18.05635397,30.54765159,0,51.39599445,18.05635397,30.54765159
2025-04-11,1744329600,43997950741.57,0,43997950741.57,22715759603.5,7725900661.63,13556290476.44,51.62913095,17.55968297,30.81118608,0,51.62913095,17.55968297,30.81118608
2025-04-12,1744416000,47185698387.05,0,47185698387.05,24156612146.35,8350499966.07,14678586274.62,51.19477505,17.69709944,31.1081255,0,51.19477505,17.69709944,31.1081255
2025-04-13,1744502400,43984079369.07,0,43984079369.07,22579104288.07,7863666582.04,13541308498.96,51.33472068,17.87843851,30.78684081,0,51.33472068,17.87843851,30.78684081
2025-04-14,1744588800,44209100481.42,0,44209100481.42,22596996233.96,8026061339.82,13586042907.64,51.11390186,18.15477187,30.73132626,0,51.11390186,18.15477187,30.73132626
2025-04-15,1744675200,43921870515.33,0,43921870515.33,22658805705.53,7952756869.72,13310307940.09,51.58889055,18.10659878,30.30451068,0,51.58889055,18.10659878,30.30451068
2025-04-16,1744761600,43567232287.79,0,43567232287.79,22402280777.99,7709356782.69,13455594727.11,51.42002281,17.69530993,30.88466726,0,51.42002281,17.69530993,30.88466726
2025-04-17,1744848000,44423940363.79,0,44423940363.79,22884657228.09,7719181330.01,13820101805.69,51.51424444,17.37617435,31.10958121,0,51.51424444,17.37617435,31.10958121
2025-04-18,1744934400,44461765295.69,0,44461765295.69,22579471139.92,7864364839.56,14017929316.22,50.78401856,17.68792756,31.52805388,0,50.78401856,17.68792756,31.52805388
2025-04-19,1745020800,45670961634.38,0,45670961634.38,22909495985.9,8110288866.78,14651176781.69,50.16206177,17.75808649,32.07985174,0,50.16206177,17.75808649,32.07985174
2025-04-20,1745107200,45259468381.64,0,45259468381.64,22878123835.48,7890653273.06,14490691273.1,50.54881255,17.43425974,32.01692771,0,50.54881255,17.43425974,32.01692771
2025-04-21,1745193600,47023813664.4,0,47023813664.4,24256791802.16,8151561588.79,14615460273.45,51.58405904,17.33496489,31.08097607,0,51.58405904,17.33496489,31.08097607
2025-04-22,1745280000,51757339642.55,0,51757339642.55,26400204340,9241047022.29,16116088280.27,51.00765326,17.8545634,31.13778334,0,51.00765326,17.8545634,31.13778334
2025-04-23,1745366400,51482022740.39,0,51482022740.39,25749380894.99,9370877280.03,16361764565.36,50.01625718,18.20223212,31.7815107,0,50.01625718,18.20223212,31.7815107
2025-04-24,1745452800,52269965342.31,0,52269965342.31,26341680681.6,9147694140.69,16780590520.02,50.39544317,17.50086131,32.10369552,0,50.39544317,17.50086131,32.10369552
2025-04-25,1745539200,53259392837.38,0,53259392837.38,27200233758.45,9205822630.38,16853336448.54,51.07124267,17.28488092,31.64387641,0,51.07124267,17.28488092,31.64387641
2025-04-26,1745625600,53322288339.23,0,53322288339.23,26652137680.29,9418680622.05,17251470036.89,49.98310933,17.6636842,32.35320646,0,49.98310933,17.6636842,32.35320646
2025-04-27,1745712000,52286983377.73,0,52286983377.73,26349828742.17,9177888623.98,16759266011.59,50.39462413,17.55291285,32.05246302,0,50.39462413,17.55291285,32.05246302
2025-04-28,1745798400,52376504928.93,0,52376504928.93,26329631894.55,9097600392.73,16949272641.65,50.2699291,17.36962099,32.36044991,0,50.2699291,17.36962099,32.36044991
2025-04-29,1745884800,51613675297.65,0,51613675297.65,26180801429.67,8906838129.93,16526035738.05,50.72454399,17.25674074,32.01871528,0,50.72454399,17.25674074,32.01871528
2025-04-30,1745971200,51339692821.91,0,51339692821.91,25850357004,8918956884.18,16570378933.74,50.35160045,17.37243913,32.27596042,0,50.35160045,17.37243913,32.27596042
2025-05-01,1746057600,53989862070.29,0,53989862070.29,27650599368.54,9452197598.07,16887065103.68,51.21442861,17.50735645,31.27821494,0,51.21442861,17.50735645,31.27821494
2025-05-02,1746144000,53607227071.03,0,53607227071.03,27442798592.75,9225941658.29,16938486819.99,51.19234867,17.2102572,31.59739413,0,51.19234867,17.2102572,31.59739413
2025-05-03,1746230400,52021805723.68,0,52021805723.68,26655967115.31,8988272679.34,16377565929.03,51.2399882,17.27789444,31.48211736,0,51.2399882,17.27789444,31.48211736
2025-05-04,1746316800,51050414084.92,0,51050414084.92,25916556788.95,8981252111.65,16152605184.32,50.76659466,17.59290747,31.64049788,0,50.76659466,17.59290747,31.64049788
2025-05-05,1746403200,51263738069.01,0,51263738069.01,25971755230.1,9071429609.81,16220553229.09,50.66301485,17.69560698,31.64137818,0,50.66301485,17.69560698,31.64137818
2025-05-06,1746489600,51825698339.04,0,51825698339.04,26696619673.03,8944018038.66,16185060627.35,51.5123202,17.25788234,31.22979747,0,51.5123202,17.25788234,31.22979747
2025-05-07,1746576000,52080436351.94,0,52080436351.94,26635276751.49,9172653305.4,16272506295.05,51.14257602,17.61247399,31.24494999,0,51.14257602,17.61247399,31.24494999
2025-05-08,1746662400,57871407399.86,0,57871407399.86,27529315916.05,11395543750.1,18946547733.72,47.56980546,19.69114674,32.7390478,0,47.56980546,19.69114674,32.7390478
2025-05-09,1746748800,59075600537.11,0,59075600537.11,26962561224.4,11781461514.4,20331577798.3,45.64077382,19.94302454,34.41620164,0,45.64077382,19.94302454,34.41620164
2025-05-10,1746835200,63547609781.98,0,63547609781.98,27751250530.46,13397523669.5,22398835582.02,43.6700147,21.08265553,35.24732977,0,43.6700147,21.08265553,35.24732977
2025-05-11,1746921600,62893386392.85,0,62893386392.85,28742411890.85,12716818070.36,21434156431.64,45.70021355,20.2196428,34.08014365,0,45.70021355,20.2196428,34.08014365
2025-05-12,1747008000,63933446125.14,0,63933446125.14,28899000443.66,12763389956.68,22271055724.8,45.20169363,19.963557,34.83474938,0,45.20169363,19.963557,34.83474938
2025-05-13,1747094400,66420280488.2,0,66420280488.2,28839629092.57,13925157247.98,23655494147.65,43.41991464,20.96521897,35.61486638,0,43.41991464,20.96521897,35.61486638
2025-05-14,1747180800,64580544711.49,0,64580544711.49,28479988272.95,13571077906.77,22529478531.78,44.09995053,21.01418928,34.88586018,0,44.09995053,21.01418928,34.88586018
2025-05-15,1747267200,62529304705.99,0,62529304705.99,28445381126.87,13137541417.27,20946382161.85,45.49128007,21.0102151,33.49850484,0,45.49128007,21.0102151,33.49850484
2025-05-16,1747353600,62783157482.28,0,62783157482.28,28608985490.02,13448977842.96,20725194149.31,45.56793038,21.42131486,33.01075476,0,45.56793038,21.42131486,33.01075476
2025-05-17,1747440000,61534921409.68,0,61534921409.68,28261776956.65,13158380168.45,20114764284.58,45.92802966,21.38359791,32.68837243,0,45.92802966,21.38359791,32.68837243
2025-05-18,1747526400,63453273380.69,0,63453273380.69,29806684416.92,12633052504.84,21013536458.92,46.97422659,19.90922112,33.11655229,0,46.97422659,19.90922112,33.11655229
2025-05-19,1747612800,63782110911.15,0,63782110911.15,30632365080.91,13023856433.43,20125889396.8,48.02657774,20.41929351,31.55412875,0,48.02657774,20.41929351,31.55412875
2025-05-20,1747699200,65264376449.01,0,65264376449.01,31919696643.12,12837732110.51,20506947695.38,48.90829941,19.67035128,31.4213493,0,48.90829941,19.67035128,31.4213493
2025-05-21,1747785600,68507864003.59,0,68507864003.59,33941567999.5,13065026230.22,21501269773.87,49.5440465,19.0708416,31.38511189,0,49.5440465,19.0708416,31.38511189
2025-05-22,1747872000,72774032885.6,0,72774032885.6,34918539423.14,14060210440.5,23795283021.96,47.98214148,19.32036728,32.69749123,0,47.98214148,19.32036728,32.69749123
2025-05-23,1747958400,69068704974.44,0,69068704974.44,33677541765.6,13337610664.76,22053552544.08,48.75948055,19.31064245,31.929877,0,48.75948055,19.31064245,31.929877
2025-05-24,1748044800,68904270881.45,0,68904270881.45,33237598712.91,13544942165.19,22121730003.36,48.23735639,19.65762353,32.10502008,0,48.23735639,19.65762353,32.10502008
2025-05-25,1748131200,68863127344.2,0,68863127344.2,33252453278.09,13431058534.47,22179615531.63,48.28774783,19.50399154,32.20826063,0,48.28774783,19.50399154,32.20826063
2025-05-26,1748217600,70192548727.76,0,70192548727.76,34643062633.39,13501283611.79,22048202482.58,49.35433071,19.23463937,31.41102992,0,49.35433071,19.23463937,31.41102992
2025-05-27,1748304000,72138393751.06,0,72138393751.06,34238455650.91,15349237833.59,22550700266.55,47.46218188,21.27748767,31.26033045,0,47.46218188,21.27748767,31.26033045
2025-05-28,1748390400,71752846372.29,0,71752846372.29,34107640140.77,15312175995.8,22333030235.72,47.53489494,21.34016526,31.1249398,0,47.53489494,21.34016526,31.1249398
2025-05-29,1748476800,70462510696.83,0,70462510696.83,33614610116.6,15121942296.76,21725958283.47,47.70566615,21.4609757,30.83335815,0,47.70566615,21.4609757,30.83335815
2025-05-30,1748563200,64562551060.76,0,64562551060.76,30946475918.34,14099225697.8,19516849444.62,47.93254822,21.83808642,30.22936536,0,47.93254822,21.83808642,30.22936536
2025-05-31,1748649600,64721657792.97,0,64721657792.97,31202305929.67,14207226888.11,19312124975.19,48.20999182,21.9512716,29.83873657,0,48.20999182,21.9512716,29.83873657
2025-06-01,1748736000,65591613098.73,0,65591613098.73,31606413625.02,14318341738.13,19666857735.57,48.1866692,21.82953134,29.98379946,0,48.1866692,21.82953134,29.98379946
2025-06-02,1748822400,66841239840.74,0,66841239840.74,31430801090.47,15334248318.11,20076190432.16,47.02306714,22.94129845,30.03563441,0,47.02306714,22.94129845,30.03563441
2025-06-03,1748908800,66254440426.56,0,66254440426.56,31313266067.38,14964838467.22,19976335891.96,47.26213951,22.58692153,30.15093896,0,47.26213951,22.58692153,30.15093896
2025-06-04,1748995200,66096570236.38,0,66096570236.38,30815087021.9,15538967263.22,19742515951.26,46.62131017,23.50949105,29.86919878,0,46.62131017,23.50949105,29.86919878
2025-06-05,1749081600,63678470037.25,0,63678470037.25,30866439883.88,14026989880.95,18785040272.42,48.47233275,22.02783747,29.49982979,0,48.47233275,22.02783747,29.49982979
2025-06-06,1749168000,64443529156.05,0,64443529156.05,31066868571.92,14325144572.32,19051516011.8,48.20789454,22.22898833,29.56311714,0,48.20789454,22.22898833,29.56311714
2025-06-07,1749254400,65413064993.28,0,65413064993.28,31112368214.26,14671552039.51,19629144739.51,47.56292679,22.42908514,30.00798807,0,47.56292679,22.42908514,30.00798807
2025-06-08,1749340800,65420509090.43,0,65420509090.43,31035739078.14,14558412059.29,19826357953.01,47.44038148,22.25359029,30.30602823,0,47.44038148,22.25359029,30.30602823
2025-06-09,1749427200,70257404439.04,0,70257404439.04,33088663063.98,15957054775.26,21211686599.81,47.09633572,22.71227482,30.19138946,0,47.09633572,22.71227482,30.19138946
2025-06-10,1749513600,73839653091.69,0,73839653091.69,32910413391.72,18292930969.74,22636308730.23,44.57010835,24.77385822,30.65603342,0,44.57010835,24.77385822,30.65603342
2025-06-11,1749600000,72149145353.37,0,72149145353.37,32447388487.5,17775524829.19,21926232036.68,44.97265814,24.63719389,30.39014798,0,44.97265814,24.63719389,30.39014798
2025-06-12,1749686400,67852129226.74,0,67852129226.74,30961625372.91,16261231861.93,20629271991.9,45.6310299,23.96569135,30.40327876,0,45.6310299,23.96569135,30.40327876
2025-06-13,1749772800,65658376040.93,0,65658376040.93,30386011822.05,15190358275.42,20082005943.46,46.27895732,23.13544622,30.58559647,0,46.27895732,23.13544622,30.58559647
2025-06-14,1749859200,64784585473.72,0,64784585473.72,30397677236.42,14900624821.27,19486283416.04,46.92115727,23.00026266,30.07858007,0,46.92115727,23.00026266,30.07858007
2025-06-15,1749945600,65619892727.06,0,65619892727.06,30693654372.37,15132058113.72,19794180240.97,46.77492312,23.06016893,30.16490795,0,46.77492312,23.06016893,30.16490795
2025-06-16,1750032000,66437593765.75,0,66437593765.75,31550093900.19,15085427839.64,19802072025.91,47.48831514,22.70616226,29.8055226,0,47.48831514,22.70616226,29.8055226
2025-06-17,1750118400,64737546796.94,0,64737546796.94,30587675338.6,14971863860.6,19178007597.73,47.24874026,23.12701763,29.62424211,0,47.24874026,23.12701763,29.62424211
2025-06-18,1750204800,64618547955.43,0,64618547955.43,30320132964.16,14943089325.14,19355325666.13,46.92171818,23.12507755,29.95320427,0,46.92171818,23.12507755,29.95320427
2025-06-19,1750291200,65222610366.43,0,65222610366.43,30577826868.84,15251394469.27,19393389028.33,46.88224942,23.38360023,29.73415035,0,46.88224942,23.38360023,29.73415035
2025-06-20,1750377600,64408099375.32,0,64408099375.32,30605416150.7,15086827933.85,18715855290.77,47.51796195,23.42380552,29.05823254,0,47.51796195,23.42380552,29.05823254
2025-06-21,1750464000,61739358796.57,0,61739358796.57,30193003314.11,13740403233.37,17805952249.09,48.90397941,22.25550038,28.84052021,0,48.90397941,22.25550038,28.84052021
2025-06-22,1750550400,60253345092.68,0,60253345092.68,29763187298.1,13104651766.98,17385506027.6,49.39673848,21.74925184,28.85400968,0,49.39673848,21.74925184,28.85400968
2025-06-23,1750636800,61691799619.1,0,61691799619.1,29159265517.62,14037359046.11,18495175055.37,47.26603162,22.75401128,29.97995709,0,47.26603162,22.75401128,29.97995709
2025-06-24,1750723200,63125404073.9,0,63125404073.9,29842568878.59,14618720918.62,18664114276.69,47.27505402,23.15822153,29.56672444,0,47.27505402,23.15822153,29.56672444
2025-06-25,1750809600,63444234184.01,0,63444234184.01,30867380850.64,14109654189.6,18467199143.76,48.65277554,22.23945859,29.10776587,0,48.65277554,22.23945859,29.10776587
2025-06-26,1750896000,63115837232.27,0,63115837232.27,30891399217.97,14074027338.09,18150410676.2,48.9439744,22.29872557,28.75730003,0,48.9439744,22.29872557,28.75730003
2025-06-27,1750982400,63056160825.14,0,63056160825.14,30327152336.27,14155658956.81,18573349532.05,48.09546274,22.4492877,29.45524956,0,48.09546274,22.4492877,29.45524956
2025-06-28,1751068800,64186765621.32,0,64186765621.32,30376003728.36,14135959571.39,19674802321.57,47.32440314,22.02316854,30.65242832,0,47.32440314,22.02316854,30.65242832
2025-06-29,1751155200,65963659409.61,0,65963659409.61,31036387609.7,14498756975.09,20428514824.82,47.05073655,21.97991607,30.96934738,0,47.05073655,21.97991607,30.96934738
2025-06-30,1751241600,65502776773.23,0,65502776773.23,30704403630.1,14689990925.75,20108382217.38,46.87496491,22.42651632,30.69851876,0,46.87496491,22.42651632,30.69851876
2025-07-01,1751328000,63749071374.93,0,63749071374.93,30129581105.76,14387594056.09,19231896213.09,47.26277647,22.56910375,30.16811978,0,47.26277647,22.56910375,30.16811978
2025-07-02,1751414400,68332843702.79,0,68332843702.79,32284337025.73,15573272365.04,20475234312.02,47.24570979,22.79031798,29.96397223,0,47.24570979,22.79031798,29.96397223
2025-07-03,1751500800,69480168130.02,0,69480168130.02,33109490068.96,15606025600.76,20764652460.31,47.65315191,22.46112239,29.8857257,0,47.65315191,22.46112239,29.8857257
2025-07-04,1751587200,66637408803.28,0,66637408803.28,31913507900.39,14830338248.64,19893562654.25,47.8912798,22.2552745,29.8534457,0,47.8912798,22.2552745,29.8534457
2025-07-05,1751673600,66735597173.74,0,66735597173.74,31952835284.07,14842841505.84,19939920383.83,47.8797473,22.24126573,29.87898697,0,47.8797473,22.24126573,29.87898697
2025-07-06,1751760000,67802037726.09,0,67802037726.09,32257411467.29,15116554197.35,20428072061.45,47.57587316,22.29513257,30.12899427,0,47.57587316,22.29513257,30.12899427
2025-07-07,1751846400,67605742022.47,0,67605742022.47,32024403640.99,15193448825.51,20387889555.96,47.36935456,22.47360708,30.15703836,0,47.36935456,22.47360708,30.15703836
2025-07-08,1751932800,69135093392.62,0,69135093392.62,32033497281.43,16279544931.63,20822051179.56,46.33464093,23.54744043,30.11791864,0,46.33464093,23.54744043,30.11791864
2025-07-09,1752019200,74147041736.72,0,74147041736.72,34000343515.46,17796328993.37,22350369227.9,45.85529337,24.00140124,30.14330539,0,45.85529337,24.00140124,30.14330539
2025-07-10,1752105600,77423947173.78,0,77423947173.78,34766483356.65,18384253730.35,24273210086.78,44.90404407,23.74491924,31.35103669,0,44.90404407,23.74491924,31.35103669
2025-07-11,1752192000,80165095527.75,0,80165095527.75,36515461976.85,18485626824.38,25164006726.52,45.55032553,23.05944589,31.39022858,0,45.55032553,23.05944589,31.39022858
2025-07-12,1752278400,80222300524.12,0,80222300524.12,36507676197.66,18355021094.65,25359603231.81,45.50813921,22.88019787,31.61166292,0,45.50813921,22.88019787,31.61166292
2025-07-13,1752364800,82466922601.51,0,82466922601.51,37713317492.86,18672471670.97,26081133437.69,45.7314476,22.64237719,31.62617522,0,45.7314476,22.64237719,31.62617522
2025-07-14,1752451200,85407570672.48,0,85407570672.48,39069449473.44,19502539787.96,26835581411.08,45.74471463,22.83467336,31.42061201,0,45.74471463,22.83467336,31.42061201
2025-07-15,1752537600,86371170446.44,0,86371170446.44,38307878999.91,20474967216.15,27588324230.39,44.3526223,23.70578876,31.94158894,0,44.3526223,23.70578876,31.94158894
2025-07-16,1752624000,89637129024.05,0,89637129024.05,38496584963.33,21750767858.14,29389776202.57,42.94714186,24.26535532,32.78750282,0,42.94714186,24.26535532,32.78750282
2025-07-17,1752710400,90845286971.34,0,90845286971.34,38589414954.03,22030677163.9,30225194853.4,42.47816947,24.25076512,33.27106541,0,42.47816947,24.25076512,33.27106541
2025-07-18,1752796800,89736913828.98,0,89736913828.98,37656022848.97,22196824587.2,29884066392.81,41.96268987,24.73544458,33.30186555,0,41.96268987,24.73544458,33.30186555
2025-07-19,1752883200,90754354629.01,0,90754354629.01,37208503772.07,22948884141.37,30596966715.57,40.99913875,25.28681322,33.71404804,0,40.99913875,25.28681322,33.71404804
2025-07-20,1752969600,95279106745.91,0,95279106745.91,37249098237.55,25421061418.18,32608947090.18,39.09471815,26.68062526,34.22465659,0,39.09471815,26.68062526,34.22465659
2025-07-21,1753056000,97600890803.04,0,97600890803.04,37613892522.47,25859117082.2,34127881198.37,38.53847256,26.49475519,34.96677225,0,38.53847256,26.49475519,34.96677225
2025-07-22,1753142400,97685536097.64,0,97685536097.64,38187276249.93,24562744682.28,34935515165.43,39.09204758,25.14470992,35.7632425,0,39.09204758,25.14470992,35.7632425
2025-07-23,1753228800,92388989038.45,0,92388989038.45,37255328391.59,23838882923.9,31294777722.96,40.32442478,25.80273166,33.87284356,0,40.32442478,25.80273166,33.87284356
2025-07-24,1753315200,90565400436.68,0,90565400436.68,37312084161.18,23802433819.87,29450882455.63,41.19904951,26.28203895,32.51891154,0,41.19904951,26.28203895,32.51891154
2025-07-25,1753401600,94035400452.35,0,94035400452.35,39209269283.64,24245268731.67,30580862437.04,41.69628576,25.78312914,32.52058511,0,41.69628576,25.78312914,32.52058511
2025-07-26,1753488000,93989475349.82,0,93989475349.82,38206483238.94,24604938096.71,31178054014.16,40.64974626,26.17839711,33.17185663,0,40.64974626,26.17839711,33.17185663
2025-07-27,1753574400,97972481214.69,0,97972481214.69,38966175098.84,26311387504.69,32694918611.17,39.77257146,26.85589584,33.37153271,0,39.77257146,26.85589584,33.37153271
2025-07-28,1753660800,94380084297.06,0,94380084297.06,38344200820.59,25369754702.93,30666128773.55,40.62742803,26.88041115,32.49216082,0,40.62742803,26.88041115,32.49216082
2025-07-29,1753747200,93031771579.79,0,93031771579.79,38271200046.23,24897897019.53,29862674514.04,41.13777411,26.76278931,32.09943658,0,41.13777411,26.76278931,32.09943658
2025-07-30,1753833600,92501664788.8,0,92501664788.8,38784084478.21,24769790442.81,28947789867.77,41.92798537,26.77766989,31.29434474,0,41.92798537,26.77766989,31.29434474
2025-07-31,1753920000,89937917665.96,0,89937917665.96,38105060143.87,24111293344.06,27721564178.04,42.36818144,26.80881876,30.8229998,0,42.36818144,26.80881876,30.8229998
2025-08-01,1754006400,85236173266.19,0,85236173266.19,37441169654.84,21968174753.06,25826828858.3,43.92638503,25.77330013,30.30031484,0,43.92638503,25.77330013,30.30031484
2025-08-02,1754092800,82525345672.93,0,82525345672.93,36434918141.98,21186613507.91,24903814023.04,44.14997337,25.67285642,30.1771702,0,44.14997337,25.67285642,30.1771702
2025-08-03,1754179200,84019551768.36,0,84019551768.36,36288481092.62,21831950686.11,25899119989.63,43.19051974,25.98436938,30.82511088,0,43.19051974,25.98436938,30.82511088
2025-08-04,1754265600,85669165948.43,0,85669165948.43,35857891949.73,22835902768.7,26975371230.01,41.85624029,26.65591817,31.48784155,0,41.85624029,26.65591817,31.48784155
2025-08-05,1754352000,83612500588.66,0,83612500588.66,35905553706.92,21690812938.88,26016133942.86,42.94280575,25.94206941,31.11512484,0,42.94280575,25.94206941,31.11512484
2025-08-06,1754438400,83681797877.24,0,83681797877.24,35130778915.79,22150376321.79,26400642639.66,41.9813864,26.46976629,31.54884731,0,41.9813864,26.46976629,31.54884731
2025-08-07,1754524800,89347617711.05,0,89347617711.05,36320205690.68,24672640680.59,28354771339.78,40.65044667,27.61421212,31.73534121,0,40.65044667,27.61421212,31.73534121
2025-08-08,1754611200,91793175265.27,0,91793175265.27,36088341235.16,26589774297.62,29115059732.49,39.31484136,28.96704926,31.71810938,0,39.31484136,28.96704926,31.71810938
2025-08-09,1754697600,96010995034.57,0,96010995034.57,36515226353.42,28958613503.33,30537155177.82,38.03233821,30.16176792,31.80589386,0,38.03233821,30.16176792,31.80589386
2025-08-10,1754784000,96461139509.03,0,96461139509.03,37227008011.43,28538520690.34,30695610807.26,38.59275165,29.58551064,31.82173771,0,38.59275165,29.58551064,31.82173771
2025-08-11,1754870400,94187564574.04,0,94187564574.04,37417803006.94,27653998408.3,29115763158.79,39.72690363,29.36056212,30.91253425,0,39.72690363,29.36056212,30.91253425
2025-08-12,1754956800,102082880220.59,0,102082880220.59,38607369858.02,31293638838.39,32181871524.18,37.81963222,30.65512922,31.52523857,0,37.81963222,30.65512922,31.52523857
2025-08-13,1755043200,107579526408.95,0,107579526408.95,40697329745.19,32698156990.36,34184039673.4,37.82999526,30.39440503,31.7755997,0,37.82999526,30.39440503,31.7755997
2025-08-14,1755129600,100324367658.81,0,100324367658.81,38851037667.85,30812125232.88,30661204758.08,38.72542491,30.7125038,30.56207128,0,38.72542491,30.7125038,30.56207128
2025-08-15,1755216000,97516651921.27,0,97516651921.27,38033779778.72,29465758933.03,30017113209.52,39.00234373,30.21613063,30.78152563,0,39.00234373,30.21613063,30.78152563
2025-08-16,1755302400,98014763154.63,0,98014763154.63,37885937206.37,29891607379.03,30237218569.24,38.65329669,30.49704597,30.84965733,0,38.65329669,30.49704597,30.84965733
2025-08-17,1755388800,98442773055.45,0,98442773055.45,37636256034.94,30103626982.4,30702890038.12,38.23160895,30.57982425,31.1885668,0,38.23160895,30.57982425,31.1885668
2025-08-18,1755475200,94827083279.61,0,94827083279.61,36893219350.61,28590581158.2,29343282770.81,38.90578311,30.15022731,30.94398958,0,38.90578311,30.15022731,30.94398958
2025-08-19,1755561600,91278058867.19,0,91278058867.19,35692719757.68,27939988609.72,27645350499.79,39.10328528,30.60975327,30.28696145,0,39.10328528,30.60975327,30.28696145
2025-08-20,1755648000,94056695907.99,0,94056695907.99,35716464141.72,29042305910.51,29297925855.77,37.97333491,30.87744645,31.14921864,0,37.97333491,30.87744645,31.14921864
2025-08-21,1755734400,92562695959.57,0,92562695959.57,36041903850.99,28301635111.63,28219156996.95,38.93782855,30.57563829,30.48653316,0,38.93782855,30.57563829,30.48653316
2025-08-22,1755820800,103237579188.5,0,103237579188.5,36872998266.33,34296921632.16,32067659290.01,35.71664364,33.22135399,31.06200237,0,35.71664364,33.22135399,31.06200237
2025-08-23,1755907200,104203002521.11,0,104203002521.11,37538347156.32,33829473137.95,32835182226.84,36.02424714,32.46496965,31.51078321,0,36.02424714,32.46496965,31.51078321
2025-08-24,1755993600,103569578974.79,0,103569578974.79,38043196689.19,33068635624.91,32457746660.69,36.73201829,31.92890804,31.33907368,0,36.73201829,31.92890804,31.33907368
2025-08-25,1756080000,93761445962.1,0,93761445962.1,36421701200.92,28286908017.24,29052836743.94,38.84507201,30.16901854,30.98590945,0,38.84507201,30.16901854,30.98590945
2025-08-26,1756166400,96404561480.97,0,96404561480.97,36744674909.73,29325949796.18,30333936775.06,38.11507915,30.41967034,31.46525051,0,38.11507915,30.41967034,31.46525051
2025-08-27,1756252800,95308989799.21,0,95308989799.21,36178288478.03,28622126456.98,30508574864.2,37.95894653,30.03087801,32.01017546,0,37.95894653,30.03087801,32.01017546
2025-08-28,1756339200,97123209146.05,0,97123209146.05,36306616917.2,28786527707.73,32030064521.12,37.38201943,29.63918507,32.97879549,0,37.38201943,29.63918507,32.97879549
2025-08-29,1756425600,94909183496.29,0,94909183496.29,36672381909.71,27641307517.04,30595494069.54,38.63944516,29.1239546,32.23660023,0,38.63944516,29.1239546,32.23660023
2025-08-30,1756512000,94619226983.52,0,94619226983.52,36465500063.05,27401740657.17,30751986263.3,38.53920733,28.96001323,32.50077943,0,38.53920733,28.96001323,32.50077943
2025-08-31,1756598400,93819318818.77,0,93819318818.77,36222551663.67,27239613837.46,30357153317.64,38.60884104,29.03412024,32.35703872,0,38.60884104,29.03412024,32.35703872
2025-09-01,1756684800,92319356309.53,0,92319356309.53,36061834142.63,26756153050.18,29501369116.72,39.06205111,28.98217028,31.95577861,0,39.06205111,28.98217028,31.95577861
2025-09-02,1756771200,94567011353.09,0,94567011353.09,37137070001.91,26703794354.77,30726146996.41,39.27063938,28.23795949,32.49140113,0,39.27063938,28.23795949,32.49140113
2025-09-03,1756857600,96418998058.79,0,96418998058.79,37320961065.41,27582682936.22,31515354057.16,38.7070617,28.60710388,32.68583442,0,38.7070617,28.60710388,32.68583442
2025-09-04,1756944000,93863516313.86,0,93863516313.86,36602936884.77,27031622121.51,30228957307.57,38.99591484,28.79885943,32.20522573,0,38.99591484,28.79885943,32.20522573
2025-09-05,1757030400,94689648497.48,0,94689648497.48,36753388009.48,26940544010.64,30995716477.35,38.81457857,28.45141411,32.73400733,0,38.81457857,28.45141411,32.73400733
2025-09-06,1757116800,94884517024.01,0,94884517024.01,36542200925.12,27098000508.37,31244315590.52,38.51229059,28.55892759,32.92878182,0,38.51229059,28.55892759,32.92878182
2025-09-07,1757203200,96151279886.91,0,96151279886.91,36909350625.4,26829478511.58,32412450749.93,38.38674916,27.90340237,33.70984847,0,38.38674916,27.90340237,33.70984847
2025-09-08,1757289600,98837153147.91,0,98837153147.91,37673412029.21,26713241634.7,34450499484,38.1166503,27.02753042,34.85581928,0,38.1166503,27.02753042,34.85581928
2025-09-09,1757376000,100931590410.63,0,100931590410.63,38369373173.04,27636541593.55,34925675644.03,38.01522696,27.38145855,34.60331448,0,38.01522696,27.38145855,34.60331448
2025-09-10,1757462400,102138098976.12,0,102138098976.12,38938796021.19,26960846743.21,36238456211.72,38.12367413,26.39646421,35.47986165,0,38.12367413,26.39646421,35.47986165
2025-09-11,1757548800,104408708800.87,0,104408708800.87,39157976021.83,27977221628.31,37273511150.74,37.50451133,26.79586976,35.69961891,0,37.50451133,26.79586976,35.69961891
2025-09-12,1757635200,107590185651.78,0,107590185651.78,39054672870.87,29903326403.5,38632186377.42,36.2994753,27.79373065,35.90679405,0,36.2994753,27.79373065,35.90679405
2025-09-13,1757721600,107255304050.22,0,107255304050.22,38442178767.29,29465426345.76,39347698937.16,35.84175077,27.47223236,36.68601687,0,35.84175077,27.47223236,36.68601687
2025-09-14,1757808000,105267453683.73,0,105267453683.73,37776296856.5,29455423713.89,38035733113.34,35.88601751,27.9815106,36.13247189,0,35.88601751,27.9815106,36.13247189
2025-09-15,1757894400,104199463333.21,0,104199463333.21,37773342470.82,29274275986.02,37151844876.37,36.25099522,28.09445946,35.65454532,0,36.25099522,28.09445946,35.65454532
2025-09-16,1757980800,104112460902.5,0,104112460902.5,38389854759.02,28514694742.58,37207911400.9,36.8734486,27.38835918,35.73819222,0,36.8734486,27.38835918,35.73819222
2025-09-17,1758067200,105341259845.52,0,105341259845.52,37912956440.72,28971024205.7,38457279199.1,35.99060472,27.50206733,36.50732795,0,35.99060472,27.50206733,36.50732795
2025-09-18,1758153600,107743350253.04,0,107743350253.04,39041541707.71,28505486799.5,40196321745.84,36.23568565,26.45684094,37.30747341,0,36.23568565,26.45684094,37.30747341
2025-09-19,1758240000,106728679242.26,0,106728679242.26,38737545636.68,29303419809.54,38687713796.05,36.29534808,27.45599404,36.24865788,0,36.29534808,27.45599404,36.24865788
2025-09-20,1758326400,107127621966.38,0,107127621966.38,38701417037.87,28976078931.91,39450125996.6,36.12645957,27.04818645,36.82535398,0,36.12645957,27.04818645,36.82535398
2025-09-21,1758412800,105920635581.26,0,105920635581.26,38285693214.23,28765527954.61,38869414412.42,36.1456415,27.157624,36.69673449,0,36.1456415,27.157624,36.69673449
2025-09-22,1758499200,97193955921.97,0,97193955921.97,36832289649.01,25884312535.11,34477353737.85,37.89565853,26.63160717,35.4727343,0,37.89565853,26.63160717,35.4727343
2025-09-23,1758585600,96415866638.68,0,96415866638.68,36795552389.96,25509366575.43,34110947673.3,38.16337878,26.45764381,35.37897741,0,38.16337878,26.45764381,35.37897741
2025-09-24,1758672000,97310868599.95,0,97310868599.95,36979965539.96,25563020011.11,34767883048.88,38.00188619,26.26943976,35.72867404,0,38.00188619,26.26943976,35.72867404
2025-09-25,1758758400,92106303984.54,0,92106303984.54,35270615579.99,24497834183.53,32337854221.02,38.29337847,26.59734798,35.10927355,0,38.29337847,26.59734798,35.10927355
2025-09-26,1758844800,93715737803,0,93715737803,35517209821.59,24796450765.74,33402077215.68,37.89887446,26.45921736,35.64190818,0,37.89887446,26.45921736,35.64190818
2025-09-27,1758931200,93216467342.21,0,93216467342.21,35242740526.39,24471462296.11,33502264519.71,37.80741915,26.25229532,35.94028553,0,37.80741915,26.25229532,35.94028553
2025-09-28,1759017600,94793322981.75,0,94793322981.75,35729085026.15,24903172037.68,34161065917.92,37.69156297,26.27101915,36.03741787,0,37.69156297,26.27101915,36.03741787
2025-09-29,1759104000,95833708576.08,0,95833708576.08,37148499307.2,24739697085.59,33945512183.29,38.76349967,25.81523501,35.42126532,0,38.76349967,25.81523501,35.42126532
2025-09-30,1759190400,94187152053.59,0,94187152053.59,36772475974.7,24053922391.2,33360753687.69,39.04192363,25.53843265,35.41964372,0,39.04192363,25.53843265,35.41964372
2025-10-01,1759276800,99326889226.68,0,99326889226.68,38715597284.44,25415894131.49,35195397810.75,38.97796215,25.5881306,35.43390726,0,38.97796215,25.5881306,35.43390726
2025-10-02,1759363200,103413923662.51,0,103413923662.51,39625619142.49,26813769555.72,36974534964.3,38.31748931,25.92858738,35.75392332,0,38.31748931,25.92858738,35.75392332
2025-10-03,1759449600,104614299124.31,0,104614299124.31,40397720010.59,26704390957.67,37512188156.05,38.61586834,25.52652093,35.85761074,0,38.61586834,25.52652093,35.85761074
2025-10-04,1759536000,104314269557.71,0,104314269557.71,40683143768.31,26598325313.14,37032800476.26,39.00055471,25.49826158,35.50118371,0,39.00055471,25.49826158,35.50118371
2025-10-05,1759622400,105953755625.74,0,105953755625.74,41697995436,27017560426.73,37238199763.01,39.35490081,25.49938911,35.14571007,0,39.35490081,25.49938911,35.14571007
2025-10-06,1759708800,109839718242.21,0,109839718242.21,42635399452.11,27926713846.66,39277604943.44,38.81601313,25.42496858,35.7590183,0,38.81601313,25.42496858,35.7590183
2025-10-07,1759795200,104615021796.86,0,104615021796.86,40589836906.68,26496533641.21,37528651248.97,38.79924337,25.32765676,35.87309987,0,38.79924337,25.32765676,35.87309987
2025-10-08,1759881600,106006273382.48,0,106006273382.48,40917115304.03,26829740444.84,38259417633.62,38.59876779,25.309578,36.09165421,0,38.59876779,25.309578,36.09165421
2025-10-09,1759968000,104224408575.25,0,104224408575.25,41579803530.05,26090205424.52,36554399620.68,39.89449698,25.03272101,35.07278201,0,39.89449698,25.03272101,35.07278201
2025-10-10,1760054400,70408530133.27,0,70408530133.27,31099889744.29,18355848838.05,20952791550.94,44.17062774,26.07049004,29.75888221,0,44.17062774,26.07049004,29.75888221
2025-10-11,1760140800,66004231214.84,0,66004231214.84,29798423367.55,17272134420.39,18933673426.91,45.14623202,26.16822301,28.68554497,0,45.14623202,26.16822301,28.68554497
2025-10-12,1760227200,72123606462.18,0,72123606462.18,32104717188.75,19446558130.3,20572331143.13,44.51346621,26.96281992,28.52371387,0,44.51346621,26.96281992,28.52371387
2025-10-13,1760313600,73296072610.39,0,73296072610.39,32036220210.1,19918582613.72,21341269786.58,43.70796288,27.17551146,29.11652566,0,43.70796288,27.17551146,29.11652566
2025-10-14,1760400000,70559658435.69,0,70559658435.69,31612766607.61,18903189272.3,20043702555.78,44.80289064,26.79036392,28.40674544,0,44.80289064,26.79036392,28.40674544
2025-10-15,1760486400,68562317465.8,0,68562317465.8,30781235807.82,18436620587.1,19344461070.88,44.89526747,26.89031128,28.21442125,0,44.89526747,26.89031128,28.21442125
2025-10-16,1760572800,67899544105.6,0,67899544105.6,31108248793.15,18191618318.51,18599676993.94,45.81510701,26.79195944,27.39293354,0,45.81510701,26.79195944,27.39293354
2025-10-17,1760659200,66288867283.16,0,66288867283.16,30343439311.35,17902143607.01,18043284364.8,45.77456299,27.00625963,27.21917737,0,45.77456299,27.00625963,27.21917737
2025-10-18,1760745600,67663559642.68,0,67663559642.68,31078414249.03,18164302498.07,18420842895.58,45.9308,26.84502943,27.22417058,0,45.9308,26.84502943,27.22417058
2025-10-19,1760832000,69393977938.7,0,69393977938.7,31348595036.52,19137810435.52,18907572466.65,45.17480618,27.5784888,27.24670501,0,45.17480618,27.5784888,27.24670501
2025-10-20,1760918400,70963816281.47,0,70963816281.47,32631089314.8,18985903662.64,19346823304.04,45.98271489,26.7543442,27.26294092,0,45.98271489,26.7543442,27.26294092
2025-10-21,1761004800,68241589137.7,0,68241589137.7,31488772301.98,18034766792.26,18718050043.46,46.14308181,26.42782359,27.4290946,0,46.14308181,26.42782359,27.4290946
2025-10-22,1761091200,66666322050.4,0,66666322050.4,29978354007.39,18119726737.91,18568241305.11,44.96776346,27.17973061,27.85250593,0,44.96776346,27.17973061,27.85250593
2025-10-23,1761177600,68802901802.68,0,68802901802.68,30880801044.76,18222876439.64,19699224318.28,44.88299219,26.48562192,28.63138589,0,44.88299219,26.48562192,28.63138589
2025-10-24,1761264000,70958107335.62,0,70958107335.62,31785853818.44,18970336555.64,20201916961.55,44.79523907,26.73455827,28.47020266,0,44.79523907,26.73455827,28.47020266
2025-10-25,1761350400,72072304910.67,0,72072304910.67,32231531123.93,19050640892.48,20790132894.26,44.72110496,26.43267884,28.8462162,0,44.72110496,26.43267884,28.8462162
2025-10-26,1761436800,76094203507.43,0,76094203507.43,33289849011.08,20719455640.58,22084898855.77,43.74820614,27.22869113,29.02310273,0,43.74820614,27.22869113,29.02310273
2025-10-27,1761523200,76018113700.2,0,76018113700.2,33334729034.6,20700791484.94,21982593180.67,43.8510342,27.23139325,28.91757255,0,43.8510342,27.23139325,28.91757255
2025-10-28,1761609600,73546086252.43,0,73546086252.43,32217089605.17,19554503987.37,21774492659.9,43.805308,26.58809596,29.60659604,0,43.805308,26.58809596,29.60659604
2025-10-29,1761696000,74064869327.23,0,74064869327.23,32763795330.91,19199630531.47,22101443464.84,44.23662072,25.92272248,29.8406568,0,44.23662072,25.92272248,29.8406568
2025-10-30,1761782400,73062672067.12,0,73062672067.12,32658199851.55,19410381308.12,20994090907.46,44.69888512,26.56675531,28.73435958,0,44.69888512,26.56675531,28.73435958
2025-10-31,1761868800,71337268751.92,0,71337268751.92,31638176935.17,18825228200.86,20873863615.9,44.35013772,26.38905096,29.26081133,0,44.35013772,26.38905096,29.26081133
2025-11-01,1761955200,71660533864.94,0,71660533864.94,31496792495.65,19010621059.81,21153120309.47,43.952774,26.52871816,29.51850784,0,43.952774,26.52871816,29.51850784
2025-11-02,1762041600,72284547107.32,0,72284547107.32,31446833901.09,19401917768.81,21435795437.42,43.50422761,26.8410311,29.65474129,0,43.50422761,26.8410311,29.65474129
2025-11-03,1762128000,68836903831.62,0,68836903831.62,31083743852.44,18462642788.55,19290517190.63,45.15563909,26.8208501,28.02351082,0,45.15563909,26.8208501,28.02351082
2025-11-04,1762214400,65355045494.31,0,65355045494.31,30421234875.06,16473799575.44,18460011043.81,46.54764547,25.20662246,28.24573207,0,46.54764547,25.20662246,28.24573207
2025-11-05,1762300800,67394336949.39,0,67394336949.39,31448946170.05,16976328336.26,18969062443.09,46.66407831,25.18954723,28.14637446,0,46.66407831,25.18954723,28.14637446
2025-11-06,1762387200,65197906097.27,0,65197906097.27,30375923754.49,16416825772.09,18405156570.69,46.59033637,25.17998929,28.22967434,0,46.59033637,25.17998929,28.22967434
2025-11-07,1762473600,67783797333.35,0,67783797333.35,30823058101.92,16875681150.92,20085058080.51,45.47260454,24.89633484,29.63106062,0,45.47260454,24.89633484,29.63106062
2025-11-08,1762560000,66382874036.51,0,66382874036.51,30201340155.82,16815664823.63,19365869057.06,45.49568032,25.33132991,29.17298978,0,45.49568032,25.33132991,29.17298978
2025-11-09,1762646400,68525866093.64,0,68525866093.64,30898322321.49,17767202289.4,19860341482.75,45.09001357,25.92773109,28.98225534,0,45.09001357,25.92773109,28.98225534
2025-11-10,1762732800,69668193167.72,0,69668193167.72,31479793341.47,17848253126.54,20340146699.71,45.18531615,25.61894075,29.1957431,0,45.18531615,25.61894075,29.1957431
2025-11-11,1762819200,66342200617.11,0,66342200617.11,30871746159.94,16623518196.33,18846936260.84,46.53410028,25.0572306,28.40866912,0,46.53410028,25.0572306,28.40866912
2025-11-12,1762905600,66201498310.91,0,66201498310.91,30875846662.5,16646596513.59,18679055134.82,46.63919617,25.14534707,28.21545677,0,46.63919617,25.14534707,28.21545677
2025-11-13,1762992000,67122529777.91,0,67122529777.91,31773407443.55,16850321520.72,18498800813.64,47.3364272,25.10382367,27.55974913,0,47.3364272,25.10382367,27.55974913
2025-11-14,1763078400,63891901976.69,0,63891901976.69,30421242584.15,15598022119.91,17872637272.63,47.61361243,24.41314413,27.97324343,0,47.61361243,24.41314413,27.97324343
2025-11-15,1763164800,65430678173.47,0,65430678173.47,30941479485.32,16135952038.84,18353246649.31,47.28894816,24.66114136,28.04991047,0,47.28894816,24.66114136,28.04991047
2025-11-16,1763251200,65357527207.15,0,65357527207.15,30915876446.93,16189752460.7,18251898299.52,47.30270218,24.77106028,27.92623754,0,47.30270218,24.77106028,27.92623754
2025-11-17,1763337600,65864418465.3,0,65864418465.3,31151391167.63,16615069129.65,18097958168.02,47.29623656,25.22616842,27.47759502,0,47.29623656,25.22616842,27.47759502
2025-11-18,1763424000,65818512236.01,0,65818512236.01,30210436766.08,16956905047.57,18651170422.36,45.89960444,25.76312419,28.33727137,0,45.89960444,25.76312419,28.33727137
2025-11-19,1763510400,65441918577.37,4993.65,65441913583.72,30416771840.59,16684722590.12,18340419153.01,46.47903439,25.49546675,28.02549886,0.00000763,46.47903794,25.49546869,28.02549337
2025-11-20,1763596800,63263263620.66,6579.36,63263257041.31,29885477812.36,15741963426.11,17635815802.84,47.23986102,24.88326167,27.87687731,0.0000104,47.23986593,24.88326426,27.87686981
2025-11-21,1763683200,59012482909.25,7029.79,59012475879.46,28126258540.94,14460657844.4,16425559494.12,47.66154067,24.50440505,27.83405428,0.00001191,47.66154635,24.50440797,27.83404568
2025-11-22,1763769600,58508554041.65,6846.16,58508547195.5,27841128056.37,14632141973.73,16035277165.4,47.58471391,25.00855168,27.40673441,0.0000117,47.58471948,25.0085546,27.40672591
2025-11-23,1763856000,59218829142.28,6619.97,59218822522.31,28160362616.95,14661750434.14,16396709471.23,47.55305538,24.75859561,27.68834901,0.00001118,47.5530607,24.75859838,27.68834092
2025-11-24,1763942400,60625062675.07,7753.65,60625054921.41,27981650492.34,15529875145.35,17113529283.72,46.15525207,25.61626242,28.22848552,0.00001279,46.15525797,25.61626569,28.22847634
2025-11-25,1764028800,59278923393.31,7273.74,59278916119.57,26935969116.1,15130714578.01,17212232425.45,45.43936963,25.52461096,29.0360194,0.00001227,45.43937521,25.52461409,29.0360107
2025-11-26,1764115200,61346245262.04,6679.72,61346238582.32,27699641327.44,15978208363.22,17668388891.65,45.15295306,26.04594347,28.80110347,0.00001089,45.15295798,26.04594631,28.80109572
2025-11-27,1764201600,60725079899.39,6708.67,60725073190.72,27858371765.3,15576720065.59,17289981359.83,45.87622085,25.65121378,28.47256537,0.00001105,45.87622592,25.65121662,28.47255746
2025-11-28,1764288000,60119755649.43,7597.71,60119748051.72,27265989641.75,15719039876.35,17134718533.63,45.35279518,26.14621385,28.50099097,0.00001264,45.35280091,26.14621715,28.50098194
2025-11-29,1764374400,59620030064.56,7888.37,59620022176.2,27089083707.2,15572152528.27,16958785940.72,45.43621276,26.11899476,28.44479248,0.00001323,45.43621877,26.11899822,28.44478301
2025-11-30,1764460800,59344122076.53,8726.69,59344113349.85,27157625065.76,15516718974.19,16669769309.89,45.762957,26.14701917,28.09002384,0.00001471,45.76296373,26.14702301,28.09001326
2025-12-01,1764547200,56612005663.36,6458.6,56611999204.76,25768358441.34,15066894791.24,15776745972.18,45.51748015,26.61431019,27.86820966,0.00001141,45.51748534,26.61431322,27.86820143
2025-12-02,1764633600,59874073603.6,6363.77,59874067239.84,26988786881.37,16014883198.49,16870397159.98,45.0759156,26.74760916,28.17647524,0.00001063,45.07592039,26.74761201,28.17646761
2025-12-03,1764720000,61579483211.53,7110.52,61579476101.01,27096824123.7,17041862241.5,17440789735.81,44.0030067,27.67457821,28.32241509,0.00001155,44.00301178,27.6745814,28.32240681
2025-12-04,1764806400,60546320672.84,0,60546320672.84,27028763628.34,16562807594.51,16954749449.99,44.64146347,27.35559719,28.00293934,0,44.64146347,27.35559719,28.00293934
2025-12-05,1764892800,58228834581.74,0,58228834581.74,25730399423.51,16242941015.48,16255494142.74,44.1884156,27.89501307,27.91657133,0,44.1884156,27.89501307,27.91657133
2025-12-06,1764979200,58460574520.52,0,58460574520.52,25786519332.7,16217585506.94,16456469680.87,44.1092472,27.7410642,28.1496886,0,44.1092472,27.7410642,28.1496886
2025-12-07,1765065600,58235577472.72,0,58235577472.72,25746926553.52,16361255889.69,16127395029.51,44.21167896,28.09494917,27.69337187,0,44.21167896,28.09494917,27.69337187
2025-12-08,1765152000,59122780937.54,0,59122780937.54,25875174779.95,16781588578.8,16466017578.8,43.76515172,28.38430181,27.85054647,0,43.76515172,28.38430181,27.85054647
2025-12-09,1765238400,61815854623.93,0,61815854623.93,26353316488.59,18308504653.25,17154033482.1,42.63196982,29.61781369,27.75021649,0,42.63196982,29.61781369,27.75021649
2025-12-10,1765324800,60708189171.53,0,60708189171.53,25709930396.01,18382472029.6,16615786745.93,42.35002023,30.28005329,27.36992648,0,42.35002023,30.28005329,27.36992648
2025-12-11,1765411200,61110481028.2,0,61110481028.2,26371082767.41,18041147935.1,16698250325.69,43.15312582,29.52218283,27.32469135,0,43.15312582,29.52218283,27.32469135
2025-12-12,1765497600,60289347488.46,0,60289347488.46,25642112626.4,18003572917.97,16643661944.09,42.53174681,29.86194687,27.60630632,0,42.53174681,29.86194687,27.60630632
2025-12-13,1765584000,60497595665.97,0,60497595665.97,25658654870.23,18058659411.02,16780281384.72,42.41268531,29.8502101,27.73710459,0,42.41268531,29.8502101,27.73710459
2025-12-14,1765670400,59705792121.62,0,59705792121.62,25615673556.59,17755891287.22,16334227277.81,42.90316341,29.73897616,27.35786043,0,42.90316341,29.73897616,27.35786043
2025-12-15,1765756800,60052856900.86,0,60052856900.86,26088144192.1,17611235314.08,16353477394.68,43.44197019,29.32622397,27.23180584,0,43.44197019,29.32622397,27.23180584
2025-12-16,1765843200,58506323599.52,0,58506323599.52,25400983864.17,17014687637.45,16090652097.9,43.41579218,29.08179252,27.50241531,0,43.41579218,29.08179252,27.50241531
2025-12-17,1765929600,56645273306.21,0,56645273306.21,24864114975.61,16304069052.19,15477089278.42,43.89442141,28.78275291,27.32282567,0,43.89442141,28.78275291,27.32282567
2025-12-18,1766016000,55826847559.87,0,55826847559.87,24923282637.9,16065359968.34,14838204953.64,44.64390115,28.77712189,26.57897697,0,44.64390115,28.77712189,26.57897697
2025-12-19,1766102400,59130387630.42,0,59130387630.42,25660599800.25,17556738162.44,15913049667.72,43.39663721,29.69156616,26.91179663,0,43.39663721,29.69156616,26.91179663
2025-12-20,1766188800,59070978022.01,0,59070978022.01,25640531471.27,17393153309.24,16037293241.5,43.40630938,29.44449862,27.149192,0,43.40630938,29.44449862,27.149192
2025-12-21,1766275200,58832107215.34,0,58832107215.34,25532128495.85,17441704807.05,15858273912.43,43.39828999,29.64657503,26.95513498,0,43.39828999,29.64657503,26.95513498
2025-12-22,1766361600,59204645454.52,0,59204645454.52,25789578995.53,17490651234.04,15924415224.96,43.56005985,29.54270075,26.8972394,0,43.56005985,29.54270075,26.8972394
2025-12-23,1766448000,58819220189.03,0,58819220189.03,25768489182.68,17502119439.61,15548611566.74,43.80964096,29.75578286,26.43457618,0,43.80964096,29.75578286,26.43457618
2025-12-24,1766534400,58752260219.97,0,58752260219.97,25618899731.8,17333667376.84,15799693111.33,43.60496028,29.50297965,26.89206007,0,43.60496028,29.50297965,26.89206007
2025-12-25,1766620800,58164336829.7,0,58164336829.7,25375953236.55,17184204971.82,15604178621.33,43.62802813,29.54422918,26.82774269,0,43.62802813,29.54422918,26.82774269
2025-12-26,1766707200,59004896397.73,0,59004896397.73,25588020881.45,17441285414.07,15975590102.21,43.36592799,29.5590476,27.07502441,0,43.36592799,29.5590476,27.07502441
2025-12-27,1766793600,59573960048.49,0,59573960048.49,25595222965.9,17278430673.29,16700306409.3,42.96377636,29.00332739,28.03289624,0,42.96377636,29.00332739,28.03289624
2025-12-28,1766880000,59891455742.92,0,59891455742.92,25787263196.95,17332156276.73,16772036269.24,43.05666456,28.93928034,28.0040551,0,43.05666456,28.93928034,28.0040551
2025-12-29,1766966400,60146293872.38,0,60146293872.38,26172827570.4,17428261784.84,16545204517.14,43.51527897,28.97645169,27.50826934,0,43.51527897,28.97645169,27.50826934
2025-12-30,1767052800,60187204767.33,0,60187204767.33,26335645799.11,17318360186.73,16533198781.49,43.75622012,28.77415599,27.46962389,0,43.75622012,28.77415599,27.46962389
2025-12-31,1767139200,60176352676.21,0,60176352676.21,26219514857.31,17524824099.45,16432013719.46,43.57112668,29.12244315,27.30643017,0,43.57112668,29.12244315,27.30643017
2026-01-01,1767225600,61119188164.28,0,61119188164.28,26358393342.01,17769483932.56,16991310889.72,43.12621639,29.0734947,27.80028891,0,43.12621639,29.0734947,27.80028891
2026-01-02,1767312000,64625741511.63,0,64625741511.63,27086907144.76,19524529933.52,18014304433.35,41.91349532,30.21169193,27.87481275,0,41.91349532,30.21169193,27.87481275
2026-01-03,1767398400,65111504186.91,0,65111504186.91,27381992690.96,19288569617.28,18440941878.67,42.05400111,29.62390419,28.3220947,0,42.05400111,29.62390419,28.3220947
2026-01-04,1767484800,65778839234.71,0,65778839234.71,27831301335.92,19053675618.24,18893862280.55,42.31041724,28.96626915,28.72331361,0,42.31041724,28.96626915,28.72331361
2026-01-05,1767571200,66795976958.76,0,66795976958.76,28761588673.62,18608252121.67,19426136163.46,43.0588637,27.85834263,29.08279368,0,43.0588637,27.85834263,29.08279368
2026-01-06,1767657600,65895308940.95,0,65895308940.95,28376234024.35,18203040379.29,19316034537.31,43.06260109,27.62418247,29.31321645,0,43.06260109,27.62418247,29.31321645
2026-01-07,1767744000,64922210706.25,0,64922210706.25,28484985083.89,17846852786.13,18590372836.23,43.87556242,27.489595,28.63484258,0,43.87556242,27.489595,28.63484258
2026-01-08,1767830400,63815730305.66,0,63815730305.66,28405990895.1,17121426893.06,18288312517.5,44.51252185,26.82947733,28.65800083,0,44.51252185,26.82947733,28.65800083
2026-01-09,1767916800,62606504475.39,0,62606504475.39,27611369948.58,16951547050.72,18043587476.08,44.10303718,27.07633527,28.82062755,0,44.10303718,27.07633527,28.82062755
2026-01-10,1768003200,62204302581.6,0,62204302581.6,27375724315.57,16868376426.57,17960201839.45,44.00937424,27.11770043,28.87292533,0,44.00937424,27.11770043,28.87292533
2026-01-11,1768089600,62625475816.52,0,62625475816.52,27727206408.74,16808427242.02,18089842165.75,44.2746439,26.83960006,28.88575604,0,44.2746439,26.83960006,28.88575604
2026-01-12,1768176000,61226429702.57,0,61226429702.57,26922810812.98,16344529944.04,17959088945.54,43.97253105,26.69521973,29.33224921,0,43.97253105,26.69521973,29.33224921
2026-01-13,1768262400,66239471748.03,0,66239471748.03,28624827808.51,18018519779.47,19596124160.04,43.21415472,27.20208858,29.5837567,0,43.21415472,27.20208858,29.5837567
2026-01-14,1768348800,67040420160.55,0,67040420160.55,29763010483.6,17647381273.97,19630028402.98,44.39562045,26.32349444,29.28088511,0,44.39562045,26.32349444,29.28088511
2026-01-15,1768435200,64223205182.48,0,64223205182.48,28064275948.17,17398153606.4,18760775627.9,43.69803075,27.09013597,29.21183328,0,43.69803075,27.09013597,29.21183328
2026-01-16,1768521600,64531855689.73,0,64531855689.73,28137618633.76,17464009697.51,18930227358.46,43.60268015,27.06261816,29.33470169,0,43.60268015,27.06261816,29.33470169
2026-01-17,1768608000,64670159630.5,0,64670159630.5,27983569656.9,17818753884.95,18867836088.65,43.27122403,27.55328576,29.17549021,0,43.27122403,27.55328576,29.17549021
2026-01-18,1768694400,62923416751.2,0,62923416751.2,27230146590.83,17584651100.62,18108619059.75,43.27506038,27.9461161,28.77882352,0,43.27506038,27.9461161,28.77882352
2026-01-19,1768780800,60931987762.62,0,60931987762.62,26795250427.88,16893775036.71,17242962298.03,43.97567093,27.72562599,28.29870308,0,43.97567093,27.72562599,28.29870308
2026-01-20,1768867200,59621736806.51,0,59621736806.51,26688165425.25,16556010175.54,16377561205.72,44.76247566,27.7684131,27.46911124,0,44.76247566,27.7684131,27.46911124
2026-01-21,1768953600,59338438110.64,0,59338438110.64,26303049371.88,16480366255.45,16555022483.31,44.32716837,27.77350867,27.89932295,0,44.32716837,27.77350867,27.89932295
2026-01-22,1769040000,59688312204.97,0,59688312204.97,26394174942.85,16816217108.42,16477920153.7,44.2200055,28.17338351,27.60661098,0,44.2200055,28.17338351,27.60661098
2026-01-23,1769126400,58332551162.23,0,58332551162.23,25768304322.29,16088075298.44,16476171541.5,44.17482831,27.57992746,28.24524423,0,44.17482831,27.57992746,28.24524423
2026-01-24,1769212800,58917669647.98,0,58917669647.98,26016998606.44,16047859354.86,16852811686.68,44.15822751,27.23777001,28.60400248,0,44.15822751,27.23777001,28.60400248
2026-01-25,1769299200,57974303151.84,0,57974303151.84,26220058939.6,15506147961.3,16248096250.94,45.22703597,26.74658792,28.02637611,0,45.22703597,26.74658792,28.02637611
2026-01-26,1769385600,58388966190.86,0,58388966190.86,25959377880.15,15775608812.46,16653979498.25,44.45938946,27.01813346,28.52247708,0,44.45938946,27.01813346,28.52247708
2026-01-27,1769472000,60366305405.18,0,60366305405.18,26488254159.53,16518338594.07,17359712651.58,43.87920377,27.36350764,28.75728858,0,43.87920377,27.36350764,28.75728858
2026-01-28,1769558400,60342449332,0,60342449332,26550505346,16376974837.9,17414969148.1,43.99971436,27.14005649,28.86022914,0,43.99971436,27.14005649,28.86022914
2026-01-29,1769644800,59729816357.62,0,59729816357.62,27374033991.47,15714796584.78,16640985781.37,45.8297642,26.30980228,27.86043353,0,45.8297642,26.30980228,27.86043353
2026-01-30,1769731200,57838678384.8,0,57838678384.8,25813338584.34,15579108366.88,16446231433.58,44.62989008,26.93545012,28.4346598,0,44.62989008,26.93545012,28.4346598
2026-01-31,1769817600,50772755845.36,0,50772755845.36,23632157041.08,12313647152.42,14826951651.86,46.54495634,24.25246955,29.20257411,0,46.54495634,24.25246955,29.20257411
2026-02-01,1769904000,48173995287.23,0,48173995287.23,22443240656.53,11196708568.74,14534046061.96,46.5878749,23.2422254,30.1698997,0,46.5878749,23.2422254,30.1698997
2026-02-02,1769990400,48582295888.08,0,48582295888.08,22309212063.87,11303459753.59,14969624070.62,45.92045653,23.26662326,30.81292022,0,45.92045653,23.26662326,30.81292022
2026-02-03,1770076800,47038931931.79,0,47038931931.79,21657097542.26,10831012251.3,14550822138.23,46.04079356,23.02563389,30.93357256,0,46.04079356,23.02563389,30.93357256
2026-02-04,1770163200,47602306851.27,0,47602306851.27,22231347609.02,10724470792.35,14646488449.89,46.70224844,22.52930898,30.76844258,0,46.70224844,22.52930898,30.76844258
2026-02-05,1770249600,42857079709.53,0,42857079709.53,20624212951.3,9329091401.26,12903775356.98,48.12323446,21.76791201,30.10885353,0,48.12323446,21.76791201,30.10885353
2026-02-06,1770336000,44376902477.59,0,44376902477.59,20606974497.43,10186246591.3,13583681388.86,46.43626154,22.9539378,30.60980066,0,46.43626154,22.9539378,30.60980066
2026-02-07,1770422400,43073141630.91,0,43073141630.91,19677873719.67,10113292143.83,13281975767.42,45.68478865,23.47934643,30.83586491,0,45.68478865,23.47934643,30.83586491
2026-02-08,1770508800,42891520868.35,0,42891520868.35,19814910538.02,9888132650.78,13188477679.55,46.19773358,23.05381682,30.74844961,0,46.19773358,23.05381682,30.74844961
2026-02-09,1770595200,43183346225.5,0,43183346225.5,19560354987.26,10435620043.28,13187371194.95,45.29606132,24.16584391,30.53809477,0,45.29606132,24.16584391,30.53809477
2026-02-10,1770681600,42065171046.99,0,42065171046.99,19125601952.45,9930351781.83,13009217312.7,45.46659737,23.60706384,30.9263388,0,45.46659737,23.60706384,30.9263388
2026-02-11,1770768000,41559704193.7,0,41559704193.7,19044525085.95,9472282934.67,13042896173.07,45.82449624,22.79198834,31.38351542,0,45.82449624,22.79198834,31.38351542
2026-02-12,1770854400,41788800800.19,0,41788800800.19,18942816571.74,9620512670.3,13225471558.15,45.32988793,23.02174862,31.64836345,0,45.32988793,23.02174862,31.64836345
2026-02-13,1770940800,43092014991.99,0,43092014991.99,19220986302.57,10185537808.89,13685490880.52,44.60451967,23.63671741,31.75876292,0,44.60451967,23.63671741,31.75876292
2026-02-14,1771027200,43881907724.33,0,43881907724.33,19133017177.36,10269587903.54,14479302643.43,43.60115175,23.4027836,32.99606465,0,43.60115175,23.4027836,32.99606465
2026-02-15,1771113600,42492065312.29,0,42492065312.29,18718097659.89,9842079630.19,13931888022.21,44.05080695,23.16215877,32.78703428,0,44.05080695,23.16215877,32.78703428
2026-02-16,1771200000,42290584702.68,8.38,42290584694.3,18497692642.66,9844876670.37,13948015381.27,43.73950555,23.27912168,32.98137278,2e-8,43.73950556,23.27912168,32.98137276
2026-02-17,1771286400,42153261128.97,6876.29,42153254252.67,18618472493.35,9878635094.72,13656146664.6,44.16852218,23.43504353,32.39643429,0.00001631,44.16852939,23.43504735,32.39642326
2026-02-18,1771372800,41848536329.71,20.63,41848536309.08,18608558220.89,9789206880.76,13450771207.43,44.46644937,23.39199346,32.14155717,5e-8,44.4664494,23.39199347,32.14155713
2026-02-19,1771459200,41965283751.63,2978.66,41965280772.96,18712337699.71,9894716438.9,13358226634.36,44.59004212,23.57833798,31.8316199,0.0000071,44.59004528,23.57833966,31.83161506
2026-02-20,1771545600,42342568890.34,48005.24,42342520885.1,18992655452.64,9707878195.52,13641987236.94,44.8547548,22.92699392,32.21825128,0.00011337,44.85480566,22.92701991,32.21817443
2026-02-21,1771632000,42781182243.58,0,42781182243.58,19117147089.83,9983414090.74,13680621063.02,44.68587843,23.33599393,31.97812764,0,44.68587843,23.33599393,31.97812764
2026-02-22,1771718400,42211343456.31,0,42211343456.31,18966504270.73,9771389769.45,13473449416.13,44.93224503,23.14872963,31.91902534,0,44.93224503,23.14872963,31.91902534
2026-02-23,1771804800,40969782024.33,51250.54,40969730773.79,18492223534.65,9534711595.77,12942795643.37,45.13625072,23.27254656,31.59120272,0.00012509,45.13630718,23.27257567,31.59111715
2026-02-24,1771891200,41307002915.87,58904.16,41306944011.72,18606302928.83,9711005867.7,12989635215.18,45.04394319,23.5093451,31.4467117,0.0001426,45.04400743,23.50937863,31.44661394
2026-02-25,1771977600,43821707724.71,13255.03,43821694469.68,19028212985.55,10835266211.99,13958215272.15,43.42188831,24.72579636,31.85231533,0.00003025,43.42190145,24.72580384,31.85229472
2026-02-26,1772064000,42529726199.82,83417.52,42529642782.3,18618865419.14,10459523765.49,13451253597.67,43.77847469,24.59344252,31.6280828,0.00019614,43.77856055,24.59349075,31.62794869
2026-02-27,1772150400,41230387526.6,73075.42,41230314451.18,18263818105.24,9873668465.76,13092827880.18,44.29698385,23.94755193,31.75546421,0.00017724,44.29706236,23.94759438,31.75534326
2026-02-28,1772236800,41368137884.63,125632.42,41368012252.2,18085491388.45,9875454579.42,13407066284.34,43.71840821,23.8721274,32.40946439,0.00030369,43.71854098,23.8721999,32.40925912
2026-03-01,1772323200,40893966373.75,99838.72,40893866535.03,17879470517.64,9800329757.82,13214066259.58,43.7215367,23.96522183,32.31324146,0.00024414,43.72164345,23.96528034,32.31307621
2026-03-02,1772409600,43910306243.75,384069.82,43909922173.93,19336195046.92,10869196944.86,13704530182.15,44.03566429,24.75317955,31.21115616,0.00087467,44.03604946,24.75339606,31.21055448
2026-03-03,1772496000,42326379322.45,561196.98,42325818125.47,18673192415.7,10208058024.55,13444567685.23,44.11715038,24.11748462,31.765365,0.00132588,44.11773533,24.1178044,31.76446028
2026-03-04,1772582400,47483469371.78,709908.56,47482759463.23,21630826614.12,11737164010.67,14114768838.44,45.55443589,24.71842131,29.7271428,0.00149506,45.55511697,24.71879087,29.72609216
2026-03-05,1772668800,44555595598.92,859754.89,44554735844.03,19894258849.3,10974661903.25,13685815091.47,44.65041614,24.63138862,30.71819524,0.00192962,44.65127774,24.63186392,30.71685834
2026-03-06,1772755200,43143499393.43,749626.37,43142749767.05,19315065781.89,10469248290.1,13358435695.06,44.76935356,24.26610831,30.96453813,0.00173752,44.77013145,24.26652994,30.96333861
2026-03-07,1772841600,42784803360.12,1054566.33,42783748793.79,19117104081.44,10397035313.86,13269609398.49,44.6819959,24.30076685,31.01723725,0.00246482,44.68309725,24.30136584,31.01553691
2026-03-08,1772928000,42094134190.19,1179436.69,42092954753.5,18617548550.01,10351374255.35,13124031948.14,44.22836794,24.59101358,31.18061848,0.0028019,44.22960721,24.59170262,31.17869018
2026-03-09,1773014400,43394510178.73,918665.86,43393591512.87,19217941091.76,10561099513.63,13614550907.48,44.28657222,24.3374092,31.37601857,0.00211701,44.2875098,24.33792444,31.37456577
2026-03-10,1773100800,43980821915.32,984949.61,43979836965.72,19292374185.4,11042232242.75,13645230537.56,43.86542439,25.10692561,31.02764999,0.0022395,43.86640678,25.1074879,31.02610532
2026-03-11,1773187200,44865194639.67,1020100.7,44864174538.96,19597119574.94,11371810725.9,13895244238.12,43.6800057,25.34662073,30.97337357,0.0022737,43.68099887,25.34719705,30.97180408
2026-03-12,1773273600,45652084607.08,1090721.44,45650993885.64,19881673757.15,11678797915.49,14090522213,43.55041819,25.58217881,30.867403,0.0023892,43.55145872,25.58279004,30.86575124
2026-03-13,1773360000,45490223405.52,737032.51,45489486373.02,19854377746.23,11436787300.66,14198321326.13,43.64537314,25.14119836,31.2134285,0.0016202,43.64608029,25.1416057,31.21231401
2026-03-14,1773446400,45696971612.4,782201.24,45696189411.16,19949544148.04,11466633447.87,14280011815.25,43.65616242,25.09276445,31.25107313,0.00171171,43.6569097,25.09319397,31.24989632
2026-03-15,1773532800,47020689947.14,1353861.67,47019336085.46,20219758156.49,12119041371.5,14680536557.47,43.00183213,25.77384846,31.22431941,0.00287929,43.00307031,25.77459058,31.2223391
2026-03-16,1773619200,51125763824.74,1498532.79,51124265291.95,21487090967.35,14027136407.03,15610037917.57,42.02791188,27.43653172,30.53555641,0.00293107,42.02914378,27.43733592,30.53352029
2026-03-17,1773705600,50083761500.4,1669418.79,50082092081.62,21420265643.45,13439245770.92,15222580667.25,42.76888357,26.83353919,30.39757724,0.00333325,42.77030921,26.83443365,30.39525714
2026-03-18,1773792000,47472961368.08,1706415.14,47471254952.94,20515254225.72,12443911907.84,14512088819.39,43.21460814,26.21263041,30.57276145,0.0035945,43.21616154,26.21357266,30.5702658
2026-03-19,1773878400,46504490280.42,1844129.46,46502646150.95,20311975432.29,12124760465.11,14065910253.55,43.67744988,26.07223602,30.25031411,0.00396549,43.67918197,26.07326995,30.24754808
2026-03-20,1773964800,46276127292.77,1749669.41,46274377623.36,20144212059.05,11956607106.95,14173558457.36,43.53046211,25.83752748,30.6320104,0.00378093,43.53210803,25.83850442,30.62938755
2026-03-21,1774051200,44985974167.91,1686060.89,44984288107.02,19770131402.22,11400626914.61,13813529790.19,43.94732307,25.3426254,30.71005154,0.00374797,43.94897026,25.34357527,30.70745447
2026-03-22,1774137600,44562474507.71,1731270.48,44560743237.23,19587019785.97,11331643825.74,13642079625.51,43.95406674,25.42866829,30.61726497,0.00388504,43.95577444,25.42965625,30.61456931
2026-03-23,1774224000,45111403094.42,1499737.13,45109903357.29,19644049860.47,11506734216.98,13959119279.85,43.54564149,25.50737381,30.94698471,0.00332452,43.54708922,25.50822183,30.94468895
2026-03-24,1774310400,45641676363.38,1530638.68,45640145724.7,19858220114.93,11631735389.45,14150190220.31,43.50896307,25.48489958,31.00613734,0.0033536,43.51042224,25.48575427,31.00382349
2026-03-25,1774396800,46168216627.24,1682761.73,46166533865.51,19942703081.39,11956236600.72,14267594183.4,43.19574057,25.89711597,30.90714346,0.00364485,43.19731505,25.89805991,30.90462504
2026-03-26,1774483200,45587396019.2,1858818.25,45585537200.95,20107511678.13,11614576011.27,13863449511.55,44.10761183,25.47760352,30.41478466,0.00407748,44.10941038,25.4786424,30.41194722
2026-03-27,1774569600,45514563273.55,1997455.76,45512565817.79,20537281741.24,11367746754.95,13607537321.6,45.12244052,24.97606466,29.90149482,0.00438861,45.12442085,24.97716081,29.89841833
2026-03-28,1774656000,45300883785.65,1960368.5,45298923417.15,20375886545.55,11310230930.65,13612805940.94,44.97900448,24.9669101,30.05408542,0.00432744,44.980951,24.96799058,30.05105842
2026-03-29,1774742400,45047307352.71,2079978.77,45045227373.93,20298293070.01,11223949541.63,13522984762.29,45.05994756,24.91591662,30.02413582,0.00461732,45.06202822,24.91706713,30.02090466
2026-03-30,1774828800,44586472100.34,3044091.76,44583428008.58,19870653972.76,11234823974.05,13477950061.78,44.56655357,25.19783119,30.23561524,0.00682739,44.56959651,25.19955166,30.23085183
2026-03-31,1774915200,45927761588.51,3332864.62,45924428723.89,19990477597.01,12177089099.15,13756862027.73,43.5259131,26.51356974,29.96051716,0.00725675,43.5290719,26.5154939,29.9554342
2026-04-01,1775001600,46312242681.08,2782488.84,46309460192.24,20112266110.92,12362629275.35,13834564805.97,43.42753654,26.69408467,29.87837879,0.00600811,43.43014587,26.69568858,29.87416556
2026-04-02,1775088000,44724244028.42,2871684.56,44721372343.86,19879500555.39,11240540018.41,13601331770.07,44.44904769,25.13299053,30.41796178,0.00642087,44.45190188,25.13460439,30.41349372
2026-04-03,1775174400,44849179707.41,2855441.94,44846324265.47,19860295151.79,11225156388.6,13760872725.08,44.28240445,25.02867714,30.68891841,0.00636677,44.28522399,25.03027076,30.68450525
2026-04-04,1775260800,45202947038.99,2557344.11,45200389694.87,20072523906.88,11271816320.47,13856049467.52,44.4053435,24.9360209,30.6586356,0.00565747,44.40785587,24.93743173,30.65471241
2026-04-05,1775347200,46126394818.18,2756550.96,46123638267.22,20656374347.28,11532429142.82,13934834777.12,44.78211321,25.00180035,30.21608644,0.00597608,44.78478959,25.00329457,30.21191584
2026-04-06,1775433600,45749499881.29,2803029.51,45746696851.79,20510245201.45,11535900827.71,13700550822.62,44.83162713,25.21535942,29.95301345,0.00612691,44.83437409,25.21690444,29.94872147
2026-04-07,1775520000,47958425060.15,2929121.88,47955495938.27,20971710257.54,12377966281.21,14605819399.52,43.72893862,25.80978476,30.46127662,0.00610763,43.73160958,25.81136122,30.4570292
2026-04-08,1775606400,47569068099.12,3247471.39,47565820627.73,21067966368.4,12327599794.3,14170254465.03,44.289214,25.91515934,29.79562666,0.00682686,44.29223777,25.91692865,29.79083358
2026-04-09,1775692800,47728043631.98,3470022.4,47724573609.58,21478616165.59,11909752401.91,14336205042.08,45.00208794,24.95336388,30.04454818,0.00727041,45.00536001,24.95517823,30.03946177
2026-04-10,1775779200,49912060362.08,3946711.5,49908113650.58,22431986712.04,12694137509.32,14781989429.21,44.94301888,25.43300641,29.62397471,0.00790733,44.94657295,25.43501764,29.61840941
2026-04-11,1775865600,50595490073.96,3729775.72,50591760298.25,22582823266,13065729966.74,14943207065.51,44.63406369,25.82390238,29.54203392,0.00737176,44.63735425,25.8258062,29.53683955
2026-04-12,1775952000,47286089514.54,4407302.96,47281682211.58,20908074050.86,11919000202.28,14454607958.44,44.21611993,25.20614482,30.57773525,0.00932051,44.22024148,25.20849438,30.57126414
2026-04-13,1776038400,51000061887.43,4391039.46,50995670847.98,22444283128.32,13172023901.8,15379363817.86,44.00834489,25.82746651,30.16418861,0.00860987,44.01213428,25.82969041,30.15817532
2026-04-14,1776124800,50860756047.02,4509206.96,50856246840.06,23207346928.48,12773491688.72,14875408222.86,45.62918197,25.11463195,29.25618608,0.00886579,45.63322772,25.11685876,29.24991353
2026-04-15,1776211200,51095886529.55,4545131.53,51091341398.02,22946918178.13,12854132300.71,15290290919.18,44.90952156,25.15688282,29.93359562,0.0088953,44.91351675,25.1591208,29.92736245
2026-04-16,1776297600,51319153666.8,8498940.39,51310654726.42,22906228826.21,12151284417.01,16253141483.19,44.63485305,23.67787375,31.68727319,0.01656095,44.64224623,23.68179569,31.67595808
2026-04-17,1776384000,54208352115.81,8514079.41,54199838036.4,24762108784.71,13285588357.69,16152140894,45.67950845,24.50837895,29.8121126,0.01570621,45.6866841,24.51222889,29.80108701
2026-04-18,1776470400,50515061134.06,8507392.49,50506553741.57,23173745040.88,12306442210.25,15026366490.44,45.87492229,24.36192679,29.76315092,0.0168413,45.88264953,24.36603034,29.75132013
2026-04-19,1776556800,48573977380.13,8428677.81,48565548702.31,22145289895.65,12011433422.29,14408825384.37,45.5908515,24.72812413,29.68102437,0.01735225,45.59876391,24.73241576,29.66882033
2026-04-20,1776643200,49463219359.79,8165423.56,49455053936.23,22626978931.46,12071462198.56,14756612806.2,45.74505911,24.40492624,29.85001466,0.01650807,45.75261198,24.40895568,29.83843234
2026-04-21,1776729600,49599246052.56,10595421.81,49588650630.75,22642608646.75,12088968038.2,14857073945.81,45.65111458,24.37328992,29.9755955,0.02136206,45.66086868,24.37849767,29.96063365
2026-04-22,1776816000,53141228577.09,16321671.33,53124906905.76,24906697585.07,13119822190.89,15098387129.79,46.86887799,24.68859404,28.44252797,0.03071376,46.88327761,24.69617917,28.42054322
2026-04-23,1776902400,51210092099.33,18940562.4,51191151536.93,24037280065.29,11846042458.43,15307829013.21,46.93856051,23.13224205,29.92919744,0.036986,46.95592762,23.14080091,29.90327147
2026-04-24,1776988800,50312250472.88,19620223.59,50292630249.29,23172697046.43,11799509369.92,15320423832.94,46.05776293,23.4525573,30.48967977,0.03899691,46.07573104,23.46170664,30.46256232
2026-04-25,1777075200,50264706370.54,19692865.15,50245013505.39,23076203189.59,11907283073.65,15261527242.15,45.9093564,23.68915275,30.40149085,0.03917832,45.92734996,23.6984374,30.37421264
2026-04-26,1777161600,51137208335.91,20353978.28,51116854357.62,23352076632.16,12274435197.12,15490342528.35,45.66552886,24.00294345,30.33152769,0.03980268,45.6837122,24.01250107,30.30378673
2026-04-27,1777248000,50475052445,24089470.44,50450962974.56,23376023725.19,11902822107.02,15172117142.35,46.31203455,23.58159433,30.10637112,0.0477255,46.33414775,23.59285414,30.07299811
2026-04-28,1777334400,50011646854.76,24962633.47,49986684221.29,22968151783.72,11798381932.42,15220150505.16,45.92560579,23.59126858,30.48312563,0.04991364,45.94854038,23.60304972,30.4484099
2026-04-29,1777420800,49288578925.33,27891087.32,49260687838.01,22541456512.91,11767142290.24,14952089034.85,45.7336304,23.87397354,30.39239607,0.05658732,45.75952449,23.88749083,30.35298468
2026-04-30,1777507200,49564894430.87,33289630.97,49531604799.9,22703835262.55,11733554245.29,15094215292.06,45.80628189,23.67311457,30.52060354,0.06716373,45.83706778,23.689025,30.47390722
2026-05-01,1777593600,51555215666.18,33770770.07,51521444896.11,24395212708.1,11772533977.29,15353698210.72,47.31861247,22.83480696,29.84658057,0.06550408,47.34962841,22.8497745,29.80059709
2026-05-02,1777680000,51641526430.86,33733167.21,51607793263.65,24070714038.56,11939658242.97,15597420982.13,46.61115908,23.12026593,30.26857498,0.06532179,46.64162623,23.13537838,30.2229954
2026-05-03,1777766400,52265149579.02,34465800.72,52230683778.3,24390916366.37,12210339683.02,15629427728.91,46.66764864,23.3622974,29.97005396,0.06594413,46.69844352,23.37771363,29.92384284
2026-05-04,1777852800,53478146502.31,36449321.74,53441697180.56,25394011728.37,12332941917.03,15714743535.16,47.48483893,23.06164803,29.45351305,0.06815741,47.51722544,23.07737697,29.40539759
2026-05-05,1777939200,55912301912.56,44286883.33,55868015029.23,26699151316.79,12520888624.11,16647975088.34,47.75183708,22.39379921,29.85436371,0.07920776,47.78969022,22.4115509,29.79875888
2026-05-06,1778025600,55777231314.16,45521118.07,55731710196.1,25638132892.9,12928027096.32,17165550206.88,45.96523042,23.1779649,30.85680468,0.08161237,46.00277437,23.19689644,30.8003292
2026-05-07,1778112000,55078634462.29,49659768.17,55028974694.12,25011433901.62,13127056874.35,16890483918.16,45.41041031,23.83330125,30.75628844,0.09016158,45.45139,23.85480912,30.69380088
2026-05-08,1778198400,55724282290.67,58298361.26,55665983929.41,24707195125.11,12946489805.97,18012298998.33,44.33829223,23.23312078,32.42858699,0.10461931,44.38472723,23.25745256,32.35782021
2026-05-09,1778284800,55555447872.78,60622868.37,55494825004.41,24780063706.8,12754561544.03,17960199753.59,44.60420113,22.95825528,32.43754359,0.10912137,44.65292702,22.98333501,32.36373797
2026-05-10,1778371200,56130625693.72,64604728.82,56066020964.9,25151223727.87,12556218465.29,18358578771.75,44.80837941,22.36963923,32.82198136,0.11509711,44.86001199,22.39541571,32.7445723
2026-05-11,1778457600,55895028980.55,70476293.38,55824552687.17,25163190485.62,12458221618.69,18203140582.87,45.01865541,22.28860392,32.69274068,0.12608687,45.07548968,22.3167424,32.60776792
2026-05-12,1778544000,55662971149.17,64656147.72,55598315001.45,25177655329.97,12912632310.94,17508027360.54,45.23232377,23.1978855,31.56979073,0.11615648,45.28492514,23.22486268,31.49021218
2026-05-13,1778630400,55165625580.73,74112751.13,55091512829.6,25036039834.05,13150141835.51,16905331160.04,45.38340601,23.83756496,30.77902903,0.13434589,45.44445877,23.86963283,30.68590839
2026-05-14,1778716800,55430521011.41,77338839.35,55353182172.06,25639297674.48,12370110218.05,17343774279.54,46.25483796,22.31642422,31.42873782,0.13952393,46.3194647,22.34760448,31.33293083
2026-05-15,1778803200,54263917494.51,78257440.69,54185660053.81,24597803830.71,12989138501.6,16598717721.51,45.32994477,23.93697157,30.73308366,0.14421635,45.39541238,23.97154245,30.63304517
2026-05-16,1778889600,53206780482.73,74621050,53132159432.73,24353922837.65,12821564355.99,15956672239.09,45.77221665,24.09761357,30.13016977,0.14024726,45.83650109,24.13145728,30.03204163
2026-05-17,1778976000,51727815717.73,75120051.36,51652695666.37,23797488470.72,12002968915.63,15852238280.02,46.00520656,23.20409,30.79070344,0.14522177,46.0721133,23.2378364,30.6900503
2026-05-18,1779062400,52305788601.62,83632328.05,52222156273.57,24209238048.63,11826236884.22,16186681340.72,46.28405134,22.60980515,31.10614351,0.15989115,46.35817396,22.64601412,30.99581192
2026-05-19,1779148800,52066581924.66,93343994.57,51973237930.09,23931484165.78,11835480797.85,16206272966.46,45.96323262,22.73143418,31.30533321,0.17927813,46.04578264,22.77225986,31.18195751
2026-05-20,1779235200,52948130036.67,92909102.16,52855220934.51,23926666983.11,11871922288.9,17056631662.49,45.18888007,22.42179711,32.38932282,0.17547192,45.26831325,22.46121022,32.27047652
2026-05-21,1779321600,53329795610.91,100868998.02,53228926612.89,23723725227.85,11911557830.63,17593643554.41,44.48493559,22.33565251,33.1794119,0.18914192,44.5692347,22.37797865,33.05278666
2026-05-22,1779408000,52765895652.1,95684099.34,52670211552.75,24069342258.89,11835515676.93,16765353616.94,45.61533915,22.43023743,31.95442342,0.18133701,45.69820692,22.47098564,31.83080744
2026-05-23,1779494400,52516678157.31,94957645.67,52421720511.64,23768161348.58,11567418687.99,17086140475.06,45.25831066,22.02618119,32.71550815,0.18081427,45.34029238,22.06607981,32.59362781
2026-05-24,1779580800,52378082280.45,95832707.25,52282249573.2,23447187535.93,11479844786.43,17355217250.84,44.76526538,21.91726823,33.31746639,0.18296338,44.84731955,21.95744231,33.19523814
2026-05-25,1779667200,52943829472.67,103042223.6,52840787249.07,23694953184.51,11616252315.53,17529581749.02,44.75489102,21.94071043,33.30439855,0.19462556,44.84216534,21.98349593,33.17433873
2026-05-26,1779753600,52185618717.11,123223709.08,52062395008.02,23281359252.23,11832099421.75,16948936334.04,44.61259601,22.67310365,32.71430034,0.2361258,44.71818718,22.72676741,32.55504541
2026-05-27,1779840000,52762730084.04,137427775.07,52625302308.97,23927560544.78,12068254897.76,16629486866.43,45.34936025,22.8726885,31.77795124,0.26046373,45.46778735,22.93241914,31.59979352
2026-05-28,1779926400,52651659802.59,142084572.16,52509575230.43,24266122559.65,11815020877.89,16428431792.89,46.0880486,22.439978,31.47197339,0.26985773,46.2127573,22.50069787,31.28654483
2026-05-29,1780012800,51703534126.29,149659857.85,51553874268.43,23412148426.31,11533010691.83,16608715150.29,45.28152441,22.3060394,32.41243619,0.28945769,45.41297576,22.37079338,32.21623086
2026-05-30,1780099200,52703947903.92,149257041.15,52554690862.77,23522612693.66,11668902305.45,17363175863.66,44.63159522,22.14047101,33.22793377,0.28319898,44.75835041,22.20335067,33.03829892
2026-05-31,1780185600,53286873746.87,154749804.04,53132123942.82,23525792156.52,11765544351.42,17840787434.89,44.14931953,22.07962961,33.77105087,0.29040886,44.27790649,22.14393756,33.57815595
2026-06-01,1780272000,53229778641.55,165647380.75,53064131260.8,23447194989.27,11890585551.37,17726350720.16,44.0490184,22.33822093,33.61276067,0.31119307,44.1865238,22.40795292,33.40552328
2026-06-02,1780358400,50392598193.76,198304378.43,50194293815.33,22491241493.71,11039925270.96,16663127050.66,44.63203387,21.90783104,33.46013509,0.39351886,44.80836323,21.99438309,33.19725368
2026-06-03,1780444800,49886690310.02,199104007.29,49687586302.73,21540955901.22,10919822383.35,17226808018.16,43.17976552,21.88925005,34.93098443,0.39911248,43.35279192,21.97696285,34.67024523
2026-06-04,1780531200,46799503578.89,196776274.15,46602727304.74,20833542282.1,10387825199.07,15381359823.57,44.51658819,22.19644313,33.28696868,0.42046658,44.70455591,22.29016583,33.00527826
2026-06-05,1780617600,43834312344.85,185412090.27,43648900254.58,20044756889.08,9560781534.43,14043361831.07,45.72846206,21.81118175,32.46035619,0.42298391,45.92270772,21.90383143,32.17346084
2026-06-06,1780704000,43519379362.63,175125195.78,43344254166.84,20018556525.25,9482820206.23,13842877435.36,45.99917742,21.78987923,32.21094335,0.40240738,46.18502939,21.87791759,31.93705302
2026-06-07,1780790400,44322000197.88,182484301.03,44139515896.85,19758954520.2,9909300948.97,14471260427.69,44.58046666,22.35752201,33.06201133,0.41172398,44.76477396,22.44995385,32.78527218
2026-06-08,1780876800,44542753694.93,184953806.84,44357799888.08,19860470032.94,9961498625.65,14535831229.5,44.58743204,22.36390389,33.04866407,0.4152276,44.77334332,22.45715218,32.7695045
2026-06-09,1780963200,43527646598.62,184534416.55,43343112182.08,19726751530.71,9706925619.31,13909435032.06,45.32005075,22.3005983,32.37935094,0.42394761,45.51300204,22.39554368,32.09145429
2026-06-10,1781049600,43043408823.64,197760744.76,42845648078.87,19696323140.97,9713459849.43,13435865088.46,45.75920839,22.5666603,31.67413131,0.4594449,45.97041712,22.67082022,31.35876265
2026-06-11,1781136000,44420098534.8,228894062.29,44191204472.52,20157420916.84,9910425110.47,14123358445.21,45.37905494,22.31067791,32.31026716,0.51529391,45.61410162,22.42623895,31.95965942
2026-06-12,1781222400,43918832052.72,250590307.4,43668241745.32,19961576338.85,9728877080.86,13977788325.6,45.45106371,22.15194855,32.39698773,0.57057598,45.71188475,22.27906756,32.00904769
2026-06-13,1781308800,44874220226.07,240885481.57,44633334744.5,20327372471.26,9873164747.91,14432797525.33,45.29855309,22.00186365,32.69958326,0.53680149,45.54302874,22.1206074,32.33636386
2026-06-14,1781395200,46151309620.46,249178275.85,45902131344.61,20763317465.99,10226228686.81,14912585191.81,44.98966039,22.15804659,32.85229302,0.53991594,45.23388535,22.27833085,32.4877838
2026-06-15,1781481600,47150732701.26,277284215.92,46873448485.34,20942381963.08,10674965453.98,15256101068.28,44.41581448,22.64008392,32.9441016,0.5880804,44.67856034,22.77401343,32.54742623
2026-06-16,1781568000,46802093612.33,271555487.95,46530538124.37,20584216838.62,10393146693.37,15553174592.39,43.98140179,22.20658499,33.81201322,0.58022081,44.23808034,22.33618418,33.42573548
2026-06-17,1781654400,45284130959.58,313152502.95,44970978456.62,19863133006.29,9912607834.9,15195237615.43,43.8633415,21.88980472,34.24685379,0.69152813,44.16878104,22.04223296,33.788986
2026-06-18,1781740800,44593922250.45,350883761.59,44243038488.86,19673719863.39,9884161621.14,14685157004.33,44.11749151,22.16481781,33.71769068,0.78684212,44.46737958,22.34060308,33.19201733
2026-06-19,1781827200,44910740511.67,345739406.75,44565001104.92,19938904624.92,9896306150.23,14729790329.77,44.39673984,22.03549983,33.56776033,0.7698368,44.74117386,22.20645328,33.05237286
2026-06-20,1781913600,45205496043.71,347790563.09,44857705480.63,19848659898.54,9995536282.64,15013509299.45,43.90762548,22.11132972,33.9810448,0.7693546,44.24804989,22.28276319,33.46918693
2026-06-21,1782000000,44777333978.42,343155117.75,44434178860.67,19825058742.49,9876323208.88,14732796909.3,44.27476355,22.05652354,33.66871291,0.76635898,44.61668754,22.22686108,33.15645138
2026-06-22,1782086400,45150610752.04,405756330.41,44744854421.63,20005052791.16,9981785313.67,14758016316.8,44.30738025,22.10775258,33.58486717,0.89867296,44.70916947,22.30823062,32.98259992
2026-06-23,1782172800,44385079823.64,361325998.17,44023753825.48,19700787304.17,9820837364.22,14502129157.08,44.38605807,22.12643844,33.48750349,0.81407085,44.75035769,22.30804171,32.94160061
2026-06-24,1782259200,43888788218.6,400202210,43488586008.59,20051682043.96,9261625074.08,14175278890.55,45.6874816,21.10248528,33.21003311,0.91185523,46.10791908,21.29668017,32.59540075
2026-06-25,1782345600,43601753287.26,426281706.67,43175471580.58,20078160399.25,9183548073.85,13913763107.49,46.04897484,21.06233668,32.88868849,0.97767102,46.50362732,21.27029014,32.22608254
2026-06-26,1782432000,43732879627.96,408507322.09,43324372305.87,19786055534.62,9250177846.46,14288138924.79,45.2429744,21.15154073,33.60548487,0.93409656,45.6695723,21.35097949,32.97944821
2026-06-27,1782518400,43317240651.59,399414946.72,42917825704.87,19702529396.86,9207911753.19,14007384554.82,45.484267,21.2569213,33.2588117,0.92206923,45.90756655,21.45474893,32.63768452
2026-06-28,1782604800,43380679270.42,414050203.54,42966629066.88,19707756283.01,9220955886.22,14037916897.64,45.42980104,21.2559048,33.31429416,0.95445763,45.86758773,21.46073845,32.67167381
2026-06-29,1782691200,44208750247.64,444742081.68,43764008165.95,19789810272.07,9386209041.22,14587988852.66,44.76446441,21.23156386,34.00397173,1.00600465,45.21937341,21.44732495,33.33330164
2026-06-30,1782777600,44296140387.11,472366670.24,43823773716.86,20374420129.54,9163095827.9,14286257759.42,45.9959264,20.68599148,33.31808212,1.06638336,46.49170622,20.90896117,32.59933262
2026-07-01,1782864000,44138953975.24,468708764.31,43670245210.93,19754042554.01,9385610224,14530592432.92,44.75421544,21.26378035,33.98200421,1.06189368,45.23455836,21.49200257,33.27343907
2026-07-02,1782950400,46368370716.47,451320924.42,45917049792.05,20695896030.82,10165967577.56,15055186183.67,44.63364943,21.92435796,33.44199261,0.9733379,45.07235575,22.13985355,32.7877907
2026-07-03,1783036800,47327204322.26,437540337.2,46889663985.06,20824722578.19,10385699711.82,15679241695.05,44.00159037,21.94446061,34.05394902,0.9245007,44.4121813,22.1492304,33.4385883
2026-07-04,1783123200,47317068604.57,429474957.77,46887593646.79,20753865169.59,10436969374.87,15696759102.34,43.86126567,22.05751472,34.0812196,0.90765335,44.26302046,22.25955432,33.47742522
2026-07-05,1783209600,47613205981.32,436771292.75,47176434688.57,20845815501.09,10520145273.48,15810473913.99,43.78158343,22.09501557,34.123401,0.91733225,44.18692434,22.29957678,33.51349889
2026-07-06,1783296000,47185628757.54,459605904.95,46726022852.59,20606559410.04,10539610019.35,15579853423.2,43.67126168,22.33648316,33.99225516,0.97403789,44.10082038,22.55618898,33.34299063
2026-07-07,1783382400,45998302566.42,470678447.98,45527624118.44,20275111530.26,10139355588.79,15113156999.39,44.07795592,22.04289077,33.87915331,1.02325178,44.53364726,22.27077689,33.19557586
2026-07-08,1783468800,45537269729.31,482112863.95,45055156865.36,20340771558.15,10010843917.76,14703541389.44,44.66840388,21.98384747,33.34774865,1.0587215,45.14637829,22.2190857,32.63453601
2026-07-09,1783555200,45656083924.44,510044484.53,45146039439.91,20243902226.77,10031136578.79,14871000634.35,44.3399882,21.97108406,33.68892773,1.11714462,44.8409262,22.21930584,32.93976796
2026-07-10,1783641600,46818367863.56,536951012.37,46281416851.2,20772653616.23,10454762446.03,15054000788.94,44.3685984,22.33047183,33.30092977,1.1468811,44.88335714,22.58954707,32.52709578
2026-07-11,1783728000,46599740631.92,527653241.08,46072087390.83,20696294970.34,10464111828.41,14911680592.09,44.41289735,22.45530058,33.13180207,1.13230939,44.92154826,22.71247608,32.36597566
2026-07-12,1783814400,46773274410.84,525683655.7,46247590755.14,20514536340.41,10701689946.56,15031364468.17,43.85952576,22.87992466,33.26054958,1.12389749,44.35806494,23.13999448,32.50194058
2026-07-13,1783900800,46269726653.67,507486577.73,45762240075.95,20839043840.71,10430302968.06,14492893267.18,45.0381823,22.54239159,32.41942611,1.09680047,45.53763934,22.7923785,31.66998216
2026-07-14,1783987200,51192050687,2095467903.08,49096582783.92,21102400182.56,11926909240.59,16067273360.77,41.22202549,23.29836191,35.4796126,4.09334628,42.98140316,24.29274822,32.72584862
2026-07-15,1784073600,50767423273.39,1866372760.31,48901050513.08,20868326637.09,11911772829.26,16120951046.74,41.10574319,23.46341819,35.43083861,3.67631966,42.67459782,24.35893034,32.96647184
2026-07-16,1784160000,49225353788.43,1737339631.79,47488014156.64,20614485006.74,11264912832.43,15608616317.47,41.87777927,22.8843715,35.23784923,3.52935936,43.40986957,23.72159172,32.86853871
2026-07-17,1784246400,49257764618.96,1873022424.05,47384742194.91,20586262982.08,11005239637.92,15793239574.91,41.79292979,22.34214184,35.86492837,3.80249173,43.44491925,23.22528124,33.32979952
2026-07-18,1784332800,50033238597.06,1744369114.9,48288869482.16,21115270531.22,11268452268.8,15905146682.14,42.20248603,22.52193259,35.27558138,3.48642056,43.7269929,23.33550648,32.93750061
2026-07-19,1784419200,49935355521.35,1753899507.92,48181456013.43,20956158032.13,11296543601.86,15928754379.45,41.96657421,22.62233539,35.4110904,3.51234008,43.49423983,23.44583277,33.0599274
2026-07-20,1784505600,50570139366.15,1836030128.57,48734109237.57,20925497109.09,11692190658.63,16116421469.85,41.3791565,23.12074043,35.50010307,3.63066061,42.93809292,23.99180131,33.07010577
2026-07-21,1784592000,52021416434.44,1957453399.28,50063963035.16,21740491295.51,12021357293.66,16302114446,41.79142512,23.10847746,35.10009742,3.76278374,43.42543014,24.01199698,32.56257287
2026-07-22,1784678400,51506803504.57,2004040676.25,49502762828.32,21083274036.79,12111211735.7,16308277055.84,40.93298866,23.51380966,35.55320169,3.89082711,42.59009565,24.46572887,32.94417548
2026-07-23,1784764800,51118198676.25,2153331613.55,48964867062.7,21408719453.58,11567299472.49,15988848136.63,41.88081742,22.62853499,35.4906476,4.21245597,43.72261325,23.62367176,32.65371499
2026-07-24,1784851200,50785753444.83,2082846342.86,48702907101.97,21406629501.14,11376387036.47,15919890564.37,42.15085541,22.40074482,35.44839977,4.10124139,43.95349431,23.35874327,32.68776242
2026-07-25,1784937600,51173571472.77,2196203027.19,48977368445.59,21510319991.64,11509726368.64,15957322085.3,42.03404096,22.49154405,35.474415,4.29167432,43.91889698,23.50009144,32.58101158
2026-07-26,1785024000,52005626540.77,2235040421.34,49770586119.43,21172874447.88,12319464786.44,16278246885.12,40.71266103,23.68871525,35.59862372,4.29768963,42.54093853,24.75250092,32.70656055
2026-07-27,1785110400,49930283728.64,2128915631.04,47801368097.6,20825905430.83,11597428030.47,15378034636.3,41.70996813,23.2272424,35.06278947,4.26377635,43.56759285,24.26170734,32.17069981
2026-07-28,1785196800,49925441265.32,2296177126.32,47629264139,20785716637.12,11617177921.54,15226369580.34,41.63351612,23.26905407,35.09742981,4.59921248,43.64064197,24.39084066,31.96851737
2026-07-29,1785283200,49427278280.56,2459404620.2,46967873660.36,20631773685.77,11254053913.76,15082046060.83,41.74167465,22.76891285,35.48941251,4.97580426,43.92741693,23.96117396,32.11140911
2026-07-30,1785369600,51264416076.89,2977854086.19,48286561990.69,21181332889,11644050718.29,15461178383.4,41.31780777,22.71370984,35.96848239,5.80881304,43.86589564,24.11447458,32.01962978
2026-07-31,1785456000,50051268592.18,2554020433.13,47497248159.05,21091234128.45,11271779360.02,15134234670.57,42.13925985,22.52046687,35.34027329,5.10280859,44.40517071,23.73143666,31.86339263
2026-08-01,1785542400,49218436240.96,2056292926.86,47162143314.1,21077700326.81,11039005849.49,15045437137.8,42.824807,22.42859931,34.7465937,4.17789163,44.6919899,23.4064974,31.9015127
2026-08-02,1785628800,49984837350.48,2079258286.82,47905579063.67,21235909663.75,11267142626.59,15402526773.32,42.48470294,22.54112092,34.97417614,4.15977804,44.32867753,23.51947904,32.15184343
2026-08-03,1785715200,50032823519.75,2216529576.36,47816293943.39,21140848945.27,11276418058.78,15399026939.34,42.25395942,22.53804056,35.20800002,4.43015089,44.21264636,23.58279392,32.20455972
2026-08-04,1785801600,50554070403.56,2396426523.94,48157643879.63,21285612239.11,11348715137.29,15523316503.23,42.10464572,22.44866743,35.44668685,4.74032359,44.19986221,23.56576075,32.23437704
2026-08-05,1785888000,51007579137.78,2382894559.55,48624684578.23,21426724248.58,11511582312.73,15686378016.91,42.00694213,22.56837613,35.42468175,4.67164802,44.06552852,23.67435884,32.26011264
2026-08-06,1785974400,50838846094.87,2436732014.02,48402114080.85,21215702655.45,11380638553.48,15805772871.92,41.73128284,22.38571374,35.88300343,4.79305138,43.83218183,23.512689,32.65512917
2026-08-07,1786060800,50962761717.48,2496254375.05,48466507342.43,21399459560.46,11133137909.14,15933909872.83,41.99038443,21.84563303,36.16398254,4.8981929,44.15308784,22.97078647,32.87612569
2026-08-08,1786147200,51616749224.84,2614538568.41,49002210656.43,21381165300.46,11183044836.85,16438000519.12,41.42292109,21.66553494,36.91154397,5.06529103,43.6330627,22.82151088,33.54542642
2026-08-09,1786233600,51602161024.06,2590260836.04,49011900188.02,21389930485.67,11160281425.18,16461688277.17,41.45161765,21.62754661,36.92083575,5.01967512,43.64232034,22.77055446,33.5871252
2026-08-10,1786320000,51575660633.51,2590140857.6,48985519775.91,21244970547.64,11303556769.37,16436992458.9,41.19185346,21.91645561,36.89169093,5.02202168,43.3698992,23.0753023,33.55479851
2026-08-11,1786406400,51900469570.8,2732935815.22,49167533755.57,21572297318.46,11127283666.01,16467952771.1,41.56474401,21.43965894,36.99559704,5.26572464,43.87508518,22.63136427,33.49355055
2026-08-12,1786492800,52411462428.49,3046012775.28,49365449653.21,21833412958.94,10949599088.33,16582437605.94,41.65770606,20.89161145,37.45068249,5.81173017,44.22812536,22.18069351,33.59118112
2026-08-13,1786579200,52837103982.19,3319409752.31,49517694229.89,21680384834.44,11164793395.74,16672515999.71,41.03250027,21.130593,37.83690673,6.28234612,43.78310657,22.54707851,33.66981492
2026-08-14,1786665600,53632617678.41,3393914452.93,50238703225.48,22381040931.23,11208237588.84,16649424705.41,41.73027889,20.89817367,37.37154744,6.32807907,44.54940015,22.30996596,33.14063389
2026-08-15,1786752000,53596142183.05,3368893458.59,50227248724.46,22325547430.31,11260497064.07,16641204230.08,41.65513882,21.00990222,37.33495896,6.2857014,44.44907495,22.41909989,33.13182516
2026-08-16,1786838400,53510283399.07,3415044251.23,50095239147.84,22202556375.43,11180675577.56,16712007194.85,41.49213005,20.89444284,37.61342712,6.38203357,44.32069145,22.31883861,33.36046994
2026-08-17,1786924800,54350310435.43,3782228848.4,50568081587.03,22022112006.98,11572450036.24,16973519543.81,40.5188339,21.29233475,38.18883135,6.95898297,43.54943141,22.88489038,33.56567821
2026-08-18,1787011200,53728018239.05,3167448408.06,50560569830.99,21972865913.16,11623557529.6,16964146388.23,40.89647568,21.63407085,37.46945347,5.89533825,43.45850133,22.98937209,33.55212658
2026-08-19,1787097600,56142757246.79,2978314861.17,53164442385.62,22467088677.06,12771130063.83,17926223644.73,40.01778641,22.74760039,37.23461321,5.30489596,42.25961502,24.02193927,33.71844571
2026-08-20,1787184000,58256222362.47,2841670012.4,55414552350.06,23382905500.96,13249980348.25,18781666500.85,40.13803943,22.74431779,37.11764278,4.87788239,42.19632661,23.91065124,33.89302215
2026-08-21,1787270400,62256756112.58,2735503237.81,59521252874.76,24329197480.85,14445133647.65,20746921746.27,39.07880686,23.20251576,37.71867738,4.39390583,40.87480741,24.26886692,34.85632567
2026-08-22,1787356800,61019259097.47,2628967042.26,58390292055.21,23992575224.31,13683748454.18,20713968376.72,39.31967641,22.42529434,38.25502926,4.30842177,41.09000723,23.43497176,35.47502101
2026-08-23,1787443200,62311428823.02,2695516305.96,59615912517.06,24177534507.13,13908656670.61,21529721339.31,38.80112359,22.32119682,38.87767959,4.32587786,40.55550521,23.33044331,36.11405148
2026-08-24,1787529600,62120415673.64,2594952241.82,59525463431.83,24605401163.9,13920435195.08,20999627072.85,39.60920238,22.40879274,37.98200488,4.17729375,41.33592541,23.38568134,35.27839325
2026-08-25,1787616000,60556469451.57,2669793739.26,57886675712.31,24087959961.39,13542779914.77,20255935836.14,39.77768219,22.3638862,37.85843161,4.40876716,41.61227029,23.39533191,34.9923978
2026-08-26,1787702400,62493781641.01,2758425411.22,59735356229.79,24363673575.91,14087773188.51,21283909465.36,38.98575656,22.54267996,38.47156348,4.41391982,40.78601872,23.58364305,35.63033823
2026-08-27,1787788800,63685303946.03,2849301322.19,60836002623.83,24885598292.63,13844353277.37,22106051053.83,39.07588839,21.73869389,39.18541772,4.4740327,40.9060379,22.75684246,36.33711963
2026-08-28,1787875200,61357894926.42,2675051180.69,58682843745.73,24205364308.83,13547984138.76,20929495298.14,39.44946993,22.0802623,38.47026777,4.35975058,41.24776981,23.0867887,35.66544149
2026-08-29,1787961600,62348812468.07,2689213861.55,59659598606.52,24494070262.22,13719804114.21,21445724230.09,39.28554417,22.00491649,38.70953934,4.31317575,41.05637791,22.99680929,35.9468128
2026-08-30,1788048000,60706998401.79,2672740457.8,58034257943.99,23886108851.86,13565081889.11,20583067203.01,39.34654897,22.34516983,38.30828121,4.40268919,41.15863577,23.37426611,35.46709811
2026-08-31,1788134400,62712059847.2,2900750326.49,59811309520.72,24828197090.86,13847193643.73,21135918786.12,39.59078549,22.08059132,38.32862319,4.62550638,41.5108736,23.15146375,35.33766265
2026-09-01,1788220800,62820725086.31,2762601661.86,60058123424.44,24795751687.97,13900535118.11,21361836618.36,39.47065503,22.12730767,38.4020373,4.39759595,41.28625784,23.14513729,35.56860488
2026-09-02,1788307200,62551264830.52,2897074881.14,59654189949.39,24800249576.21,13706517495.17,21147422878.01,39.64787865,21.91245458,38.43966677,4.63152086,41.57335737,22.9766216,35.45002102
2026-09-03,1788393600,66419869825.38,3114740499.75,63305129325.63,26474084896,14136902803.67,22694141625.97,39.8586823,21.28414711,38.85717059,4.68947095,41.81981014,22.33137023,35.84881963
2026-09-04,1788480000,64398121565.29,3190679649.79,61207441915.5,25210325431.75,13639727167.04,22357389316.7,39.14760993,21.18031836,39.67207171,4.95461602,41.18833371,22.28442611,36.52724018
2026-09-05,1788566400,65061155751.61,3173261474.91,61887894276.7,24898286132.58,13784412360.25,23205195783.86,38.26904986,21.18685443,40.54409571,4.87735184,40.23127047,22.27319659,37.49553294
2026-09-06,1788652800,66128703515.15,3196278775.3,62932424739.86,24844384236.21,13974454835.63,24113585668.02,37.56974342,21.13220749,41.29804909,4.8334212,39.47787542,22.20549247,38.31663211
2026-09-07,1788739200,65677840320.47,3257301461.73,62420538858.74,24677545089.04,14087487170.66,23655506599.04,37.57362448,21.44937638,40.97699914,4.95951366,39.53433524,22.56867279,37.89699197
2026-09-08,1788825600,65444896690.99,3221205405.67,62223691285.32,24631685444.52,13921549943.15,23670455897.65,37.63728983,21.2721704,41.09053977,4.9220116,39.58570271,22.37339132,38.04090598
2026-09-09,1788912000,64275602397.89,3131374495.98,61144227901.91,24475899980.11,13845318822.03,22823009099.77,38.07961196,21.54055086,40.37983718,4.87179331,40.02978011,22.64370538,37.32651451
2026-09-10,1788998400,62762594485.39,2970073402.16,59792521083.23,24526622974.04,13800780049.92,21465118059.27,39.07840837,21.98886162,38.93273002,4.7322349,41.01954982,23.08111416,35.89933602
2026-09-11,1789084800,62639355613.06,3015617074.46,59623738538.6,23890171798.79,14365477663.02,21368089076.8,38.13923621,22.93362938,38.92713441,4.81425303,40.06822179,24.09355404,35.83822417
2026-09-12,1789171200,62913101508.59,2987116466.81,59925985041.79,23934970148.56,14480883174.67,21510131718.55,38.04449244,23.01727753,38.93823003,4.74800383,39.9408873,24.16461434,35.89449836
2026-09-13,1789257600,62072254083.94,2984919370.39,59087334713.55,23949532480.68,14221210398.6,20916591834.27,38.58331365,22.91073622,38.50595013,4.80878198,40.53242983,24.06811962,35.39945055
2026-09-14,1789344000,63444946976.98,3020560879.79,60424386097.19,24146766385.27,14476538191.91,21801081520.01,38.05940037,22.81748016,39.12311946,4.76091639,39.96195567,23.95810554,36.07993879
2026-09-15,1789430400,61549265276.69,3044757847.37,58504507429.32,24154459776.72,13662180206.12,20687867446.49,39.24410741,22.19714589,38.5587467,4.94686303,41.2864937,23.3523549,35.3611514
2026-09-16,1789516800,63010881157.9,3171561731.58,59839319426.32,24392075354.23,13811575434.46,21635668637.63,38.71089391,21.91934977,39.36975632,5.03335563,40.76262161,23.08110381,36.15627458
2026-09-17,1789603200,64438652446.68,3218790808.28,61219861638.4,24335164631.51,13841237230.28,23043459776.61,37.76485651,21.47971242,40.75543108,4.99512433,39.75044043,22.60906324,37.64049634
2026-09-18,1789689600,69971901273.34,3222404730.04,66749496543.31,26387886896.46,15265236318.55,25096373328.3,37.71211932,21.81623772,40.47164296,4.60528394,39.532713,22.86944038,37.59784662
2026-09-19,1789776000,70075703298.37,3197650936.46,66878052361.91,26322133336.22,15469484580.46,25086434445.23,37.56242477,22.07538969,40.36218554,4.56313784,39.35840295,23.1308838,37.51071324
2026-09-20,1789862400,70216652945.77,3205791559.39,67010861386.38,26295638239.65,15319903363.9,25395319782.82,37.44929036,21.81804846,40.73266119,4.56557159,39.24085991,22.86182127,37.89731882
2026-09-21,1789948800,74796929044.8,3291408969.81,71505520074.99,28427572609.85,16284290624.07,26793656841.08,38.00633659,21.77133584,40.22232757,4.40046003,39.75577351,22.77347344,37.47075305
2026-09-22,1790035200,75622285665.98,3486648095.91,72135637570.07,28488611958.77,15889469060.47,27757556550.84,37.67224398,21.01162233,41.31613369,4.61060925,39.4931173,22.02721095,38.47967175
