date,btc_price_usd,source_url,checksum_ok
2021-12-01,57184.07,https://data.binance.vision/data/spot/monthly/klines/BTCUSDT/1d/BTCUSDT-1d-2021-12.zip,True
2021-12-02,56480.34,https://data.binance.vision/data/spot/monthly/klines/BTCUSDT/1d/BTCUSDT-1d-2021-12.zip,True
2021-12-03,53601.05,https://data.binance.vision/data/spot/monthly/klines/BTCUSDT/1d/BTCUSDT-1d-2021-12.zip,True
2021-12-04,49152.47,https://data.binance.vision/data/spot/monthly/klines/BTCUSDT/1d/BTCUSDT-1d-2021-12.zip,True
2021-12-05,49396.33,https://data.binance.vision/data/spot/monthly/klines/BTCUSDT/1d/BTCUSDT-1d-2021-12.zip,True
2021-12-06,50441.92,https://data.binance.vision/data/spot/monthly/klines/BTCUSDT/1d/BTCUSDT-1d-2021-12.zip,True
2021-12-07,50588.95,https://data.binance.vision/data/spot/monthly/klines/BTCUSDT/1d/BTCUSDT-1d-2021-12.zip,True
2021-12-08,50471.19,https://data.binance.vision/data/spot/monthly/klines/BTCUSDT/1d/BTCUSDT-1d-2021-12.zip,True
2021-12-09,47545.59,https://data.binance.vision/data/spot/monthly/klines/BTCUSDT/1d/BTCUSDT-1d-2021-12.zip,True
2021-12-10,47140.54,https://data.binance.vision/data/spot/monthly/klines/BTCUSDT/1d/BTCUSDT-1d-2021-12.zip,True
2021-12-11,49389.99,https://data.binance.vision/data/spot/monthly/klines/BTCUSDT/1d/BTCUSDT-1d-2021-12.zip,True
2021-12-12,50053.9,https://data.binance.vision/data/spot/monthly/klines/BTCUSDT/1d/BTCUSDT-1d-2021-12.zip,True
2021-12-13,46702.75,https://data.binance.vision/data/spot/monthly/klines/BTCUSDT/1d/BTCUSDT-1d-2021-12.zip,True
2021-12-14,48343.28,https://data.binance.vision/data/spot/monthly/klines/BTCUSDT/1d/BTCUSDT-1d-2021-12.zip,True
2021-12-15,48864.98,https://data.binance.vision/data/spot/monthly/klines/BTCUSDT/1d/BTCUSDT-1d-2021-12.zip,True
2021-12-16,47632.38,https://data.binance.vision/data/spot/monthly/klines/BTCUSDT/1d/BTCUSDT-1d-2021-12.zip,True
2021-12-17,46131.2,https://data.binance.vision/data/spot/monthly/klines/BTCUSDT/1d/BTCUSDT-1d-2021-12.zip,True
2021-12-18,46834.48,https://data.binance.vision/data/spot/monthly/klines/BTCUSDT/1d/BTCUSDT-1d-2021-12.zip,True
2021-12-19,46681.23,https://data.binance.vision/data/spot/monthly/klines/BTCUSDT/1d/BTCUSDT-1d-2021-12.zip,True
2021-12-20,46914.16,https://data.binance.vision/data/spot/monthly/klines/BTCUSDT/1d/BTCUSDT-1d-2021-12.zip,True
2021-12-21,48889.88,https://data.binance.vision/data/spot/monthly/klines/BTCUSDT/1d/BTCUSDT-1d-2021-12.zip,True
2021-12-22,48588.16,https://data.binance.vision/data/spot/monthly/klines/BTCUSDT/1d/BTCUSDT-1d-2021-12.zip,True
2021-12-23,50838.81,https://data.binance.vision/data/spot/monthly/klines/BTCUSDT/1d/BTCUSDT-1d-2021-12.zip,True
2021-12-24,50820.0,https://data.binance.vision/data/spot/monthly/klines/BTCUSDT/1d/BTCUSDT-1d-2021-12.zip,True
2021-12-25,50399.66,https://data.binance.vision/data/spot/monthly/klines/BTCUSDT/1d/BTCUSDT-1d-2021-12.zip,True
2021-12-26,50775.49,https://data.binance.vision/data/spot/monthly/klines/BTCUSDT/1d/BTCUSDT-1d-2021-12.zip,True
2021-12-27,50701.44,https://data.binance.vision/data/spot/monthly/klines/BTCUSDT/1d/BTCUSDT-1d-2021-12.zip,True
2021-12-28,47543.74,https://data.binance.vision/data/spot/monthly/klines/BTCUSDT/1d/BTCUSDT-1d-2021-12.zip,True
2021-12-29,46464.66,https://data.binance.vision/data/spot/monthly/klines/BTCUSDT/1d/BTCUSDT-1d-2021-12.zip,True
2021-12-30,47120.87,https://data.binance.vision/data/spot/monthly/klines/BTCUSDT/1d/BTCUSDT-1d-2021-12.zip,True
2021-12-31,46216.93,https://data.binance.vision/data/spot/monthly/klines/BTCUSDT/1d/BTCUSDT-1d-2021-12.zip,True
2022-01-01,47722.65,https://data.binance.vision/data/spot/monthly/klines/BTCUSDT/1d/BTCUSDT-1d-2022-01.zip,True
2022-01-02,47286.18,https://data.binance.vision/data/spot/monthly/klines/BTCUSDT/1d/BTCUSDT-1d-2022-01.zip,True
2022-01-03,46446.1,https://data.binance.vision/data/spot/monthly/klines/BTCUSDT/1d/BTCUSDT-1d-2022-01.zip,True
2022-01-04,45832.01,https://data.binance.vision/data/spot/monthly/klines/BTCUSDT/1d/BTCUSDT-1d-2022-01.zip,True
2022-01-05,43451.13,https://data.binance.vision/data/spot/monthly/klines/BTCUSDT/1d/BTCUSDT-1d-2022-01.zip,True
2022-01-06,43082.31,https://data.binance.vision/data/spot/monthly/klines/BTCUSDT/1d/BTCUSDT-1d-2022-01.zip,True
2022-01-07,41566.48,https://data.binance.vision/data/spot/monthly/klines/BTCUSDT/1d/BTCUSDT-1d-2022-01.zip,True
2022-01-08,41679.74,https://data.binance.vision/data/spot/monthly/klines/BTCUSDT/1d/BTCUSDT-1d-2022-01.zip,True
2022-01-09,41864.62,https://data.binance.vision/data/spot/monthly/klines/BTCUSDT/1d/BTCUSDT-1d-2022-01.zip,True
2022-01-10,41822.49,https://data.binance.vision/data/spot/monthly/klines/BTCUSDT/1d/BTCUSDT-1d-2022-01.zip,True
2022-01-11,42729.29,https://data.binance.vision/data/spot/monthly/klines/BTCUSDT/1d/BTCUSDT-1d-2022-01.zip,True
2022-01-12,43902.66,https://data.binance.vision/data/spot/monthly/klines/BTCUSDT/1d/BTCUSDT-1d-2022-01.zip,True
2022-01-13,42560.11,https://data.binance.vision/data/spot/monthly/klines/BTCUSDT/1d/BTCUSDT-1d-2022-01.zip,True
2022-01-14,43059.96,https://data.binance.vision/data/spot/monthly/klines/BTCUSDT/1d/BTCUSDT-1d-2022-01.zip,True
2022-01-15,43084.29,https://data.binance.vision/data/spot/monthly/klines/BTCUSDT/1d/BTCUSDT-1d-2022-01.zip,True
2022-01-16,43071.66,https://data.binance.vision/data/spot/monthly/klines/BTCUSDT/1d/BTCUSDT-1d-2022-01.zip,True
2022-01-17,42201.62,https://data.binance.vision/data/spot/monthly/klines/BTCUSDT/1d/BTCUSDT-1d-2022-01.zip,True
2022-01-18,42352.12,https://data.binance.vision/data/spot/monthly/klines/BTCUSDT/1d/BTCUSDT-1d-2022-01.zip,True
2022-01-19,41660.01,https://data.binance.vision/data/spot/monthly/klines/BTCUSDT/1d/BTCUSDT-1d-2022-01.zip,True
2022-01-20,40680.91,https://data.binance.vision/data/spot/monthly/klines/BTCUSDT/1d/BTCUSDT-1d-2022-01.zip,True
2022-01-21,36445.31,https://data.binance.vision/data/spot/monthly/klines/BTCUSDT/1d/BTCUSDT-1d-2022-01.zip,True
2022-01-22,35071.42,https://data.binance.vision/data/spot/monthly/klines/BTCUSDT/1d/BTCUSDT-1d-2022-01.zip,True
2022-01-23,36244.55,https://data.binance.vision/data/spot/monthly/klines/BTCUSDT/1d/BTCUSDT-1d-2022-01.zip,True
2022-01-24,36660.35,https://data.binance.vision/data/spot/monthly/klines/BTCUSDT/1d/BTCUSDT-1d-2022-01.zip,True
2022-01-25,36958.32,https://data.binance.vision/data/spot/monthly/klines/BTCUSDT/1d/BTCUSDT-1d-2022-01.zip,True
2022-01-26,36809.34,https://data.binance.vision/data/spot/monthly/klines/BTCUSDT/1d/BTCUSDT-1d-2022-01.zip,True
2022-01-27,37160.1,https://data.binance.vision/data/spot/monthly/klines/BTCUSDT/1d/BTCUSDT-1d-2022-01.zip,True
2022-01-28,37716.56,https://data.binance.vision/data/spot/monthly/klines/BTCUSDT/1d/BTCUSDT-1d-2022-01.zip,True
2022-01-29,38166.84,https://data.binance.vision/data/spot/monthly/klines/BTCUSDT/1d/BTCUSDT-1d-2022-01.zip,True
2022-01-30,37881.76,https://data.binance.vision/data/spot/monthly/klines/BTCUSDT/1d/BTCUSDT-1d-2022-01.zip,True
2022-01-31,38466.9,https://data.binance.vision/data/spot/monthly/klines/BTCUSDT/1d/BTCUSDT-1d-2022-01.zip,True
2022-02-01,38694.59,https://data.binance.vision/data/spot/monthly/klines/BTCUSDT/1d/BTCUSDT-1d-2022-02.zip,True
2022-02-02,36896.36,https://data.binance.vision/data/spot/monthly/klines/BTCUSDT/1d/BTCUSDT-1d-2022-02.zip,True
2022-02-03,37311.61,https://data.binance.vision/data/spot/monthly/klines/BTCUSDT/1d/BTCUSDT-1d-2022-02.zip,True
2022-02-04,41574.25,https://data.binance.vision/data/spot/monthly/klines/BTCUSDT/1d/BTCUSDT-1d-2022-02.zip,True
2022-02-05,41382.59,https://data.binance.vision/data/spot/monthly/klines/BTCUSDT/1d/BTCUSDT-1d-2022-02.zip,True
2022-02-06,42380.87,https://data.binance.vision/data/spot/monthly/klines/BTCUSDT/1d/BTCUSDT-1d-2022-02.zip,True
2022-02-07,43839.99,https://data.binance.vision/data/spot/monthly/klines/BTCUSDT/1d/BTCUSDT-1d-2022-02.zip,True
2022-02-08,44042.99,https://data.binance.vision/data/spot/monthly/klines/BTCUSDT/1d/BTCUSDT-1d-2022-02.zip,True
2022-02-09,44372.72,https://data.binance.vision/data/spot/monthly/klines/BTCUSDT/1d/BTCUSDT-1d-2022-02.zip,True
2022-02-10,43495.44,https://data.binance.vision/data/spot/monthly/klines/BTCUSDT/1d/BTCUSDT-1d-2022-02.zip,True
2022-02-11,42373.73,https://data.binance.vision/data/spot/monthly/klines/BTCUSDT/1d/BTCUSDT-1d-2022-02.zip,True
2022-02-12,42217.87,https://data.binance.vision/data/spot/monthly/klines/BTCUSDT/1d/BTCUSDT-1d-2022-02.zip,True
2022-02-13,42053.66,https://data.binance.vision/data/spot/monthly/klines/BTCUSDT/1d/BTCUSDT-1d-2022-02.zip,True
2022-02-14,42535.94,https://data.binance.vision/data/spot/monthly/klines/BTCUSDT/1d/BTCUSDT-1d-2022-02.zip,True
2022-02-15,44544.86,https://data.binance.vision/data/spot/monthly/klines/BTCUSDT/1d/BTCUSDT-1d-2022-02.zip,True
2022-02-16,43873.56,https://data.binance.vision/data/spot/monthly/klines/BTCUSDT/1d/BTCUSDT-1d-2022-02.zip,True
2022-02-17,40515.7,https://data.binance.vision/data/spot/monthly/klines/BTCUSDT/1d/BTCUSDT-1d-2022-02.zip,True
2022-02-18,39974.44,https://data.binance.vision/data/spot/monthly/klines/BTCUSDT/1d/BTCUSDT-1d-2022-02.zip,True
2022-02-19,40079.17,https://data.binance.vision/data/spot/monthly/klines/BTCUSDT/1d/BTCUSDT-1d-2022-02.zip,True
2022-02-20,38386.89,https://data.binance.vision/data/spot/monthly/klines/BTCUSDT/1d/BTCUSDT-1d-2022-02.zip,True
2022-02-21,37008.16,https://data.binance.vision/data/spot/monthly/klines/BTCUSDT/1d/BTCUSDT-1d-2022-02.zip,True
2022-02-22,38230.33,https://data.binance.vision/data/spot/monthly/klines/BTCUSDT/1d/BTCUSDT-1d-2022-02.zip,True
2022-02-23,37250.01,https://data.binance.vision/data/spot/monthly/klines/BTCUSDT/1d/BTCUSDT-1d-2022-02.zip,True
2022-02-24,38327.21,https://data.binance.vision/data/spot/monthly/klines/BTCUSDT/1d/BTCUSDT-1d-2022-02.zip,True
2022-02-25,39219.17,https://data.binance.vision/data/spot/monthly/klines/BTCUSDT/1d/BTCUSDT-1d-2022-02.zip,True
2022-02-26,39116.72,https://data.binance.vision/data/spot/monthly/klines/BTCUSDT/1d/BTCUSDT-1d-2022-02.zip,True
2022-02-27,37699.07,https://data.binance.vision/data/spot/monthly/klines/BTCUSDT/1d/BTCUSDT-1d-2022-02.zip,True
2022-02-28,43160.0,https://data.binance.vision/data/spot/monthly/klines/BTCUSDT/1d/BTCUSDT-1d-2022-02.zip,True
2022-03-01,44421.2,https://data.binance.vision/data/spot/monthly/klines/BTCUSDT/1d/BTCUSDT-1d-2022-03.zip,True
2022-03-02,43892.98,https://data.binance.vision/data/spot/monthly/klines/BTCUSDT/1d/BTCUSDT-1d-2022-03.zip,True
2022-03-03,42454.0,https://data.binance.vision/data/spot/monthly/klines/BTCUSDT/1d/BTCUSDT-1d-2022-03.zip,True
2022-03-04,39148.66,https://data.binance.vision/data/spot/monthly/klines/BTCUSDT/1d/BTCUSDT-1d-2022-03.zip,True
2022-03-05,39397.96,https://data.binance.vision/data/spot/monthly/klines/BTCUSDT/1d/BTCUSDT-1d-2022-03.zip,True
2022-03-06,38420.81,https://data.binance.vision/data/spot/monthly/klines/BTCUSDT/1d/BTCUSDT-1d-2022-03.zip,True
2022-03-07,37988.0,https://data.binance.vision/data/spot/monthly/klines/BTCUSDT/1d/BTCUSDT-1d-2022-03.zip,True
2022-03-08,38730.63,https://data.binance.vision/data/spot/monthly/klines/BTCUSDT/1d/BTCUSDT-1d-2022-03.zip,True
2022-03-09,41941.71,https://data.binance.vision/data/spot/monthly/klines/BTCUSDT/1d/BTCUSDT-1d-2022-03.zip,True
2022-03-10,39422.0,https://data.binance.vision/data/spot/monthly/klines/BTCUSDT/1d/BTCUSDT-1d-2022-03.zip,True
2022-03-11,38729.57,https://data.binance.vision/data/spot/monthly/klines/BTCUSDT/1d/BTCUSDT-1d-2022-03.zip,True
2022-03-12,38807.36,https://data.binance.vision/data/spot/monthly/klines/BTCUSDT/1d/BTCUSDT-1d-2022-03.zip,True
2022-03-13,37777.34,https://data.binance.vision/data/spot/monthly/klines/BTCUSDT/1d/BTCUSDT-1d-2022-03.zip,True
2022-03-14,39671.37,https://data.binance.vision/data/spot/monthly/klines/BTCUSDT/1d/BTCUSDT-1d-2022-03.zip,True
2022-03-15,39280.33,https://data.binance.vision/data/spot/monthly/klines/BTCUSDT/1d/BTCUSDT-1d-2022-03.zip,True
2022-03-16,41114.0,https://data.binance.vision/data/spot/monthly/klines/BTCUSDT/1d/BTCUSDT-1d-2022-03.zip,True
2022-03-17,40917.9,https://data.binance.vision/data/spot/monthly/klines/BTCUSDT/1d/BTCUSDT-1d-2022-03.zip,True
2022-03-18,41757.51,https://data.binance.vision/data/spot/monthly/klines/BTCUSDT/1d/BTCUSDT-1d-2022-03.zip,True
2022-03-19,42201.13,https://data.binance.vision/data/spot/monthly/klines/BTCUSDT/1d/BTCUSDT-1d-2022-03.zip,True
2022-03-20,41262.11,https://data.binance.vision/data/spot/monthly/klines/BTCUSDT/1d/BTCUSDT-1d-2022-03.zip,True
2022-03-21,41002.25,https://data.binance.vision/data/spot/monthly/klines/BTCUSDT/1d/BTCUSDT-1d-2022-03.zip,True
2022-03-22,42364.13,https://data.binance.vision/data/spot/monthly/klines/BTCUSDT/1d/BTCUSDT-1d-2022-03.zip,True
2022-03-23,42882.76,https://data.binance.vision/data/spot/monthly/klines/BTCUSDT/1d/BTCUSDT-1d-2022-03.zip,True
2022-03-24,43991.46,https://data.binance.vision/data/spot/monthly/klines/BTCUSDT/1d/BTCUSDT-1d-2022-03.zip,True
2022-03-25,44313.16,https://data.binance.vision/data/spot/monthly/klines/BTCUSDT/1d/BTCUSDT-1d-2022-03.zip,True
2022-03-26,44511.27,https://data.binance.vision/data/spot/monthly/klines/BTCUSDT/1d/BTCUSDT-1d-2022-03.zip,True
2022-03-27,46827.76,https://data.binance.vision/data/spot/monthly/klines/BTCUSDT/1d/BTCUSDT-1d-2022-03.zip,True
2022-03-28,47122.21,https://data.binance.vision/data/spot/monthly/klines/BTCUSDT/1d/BTCUSDT-1d-2022-03.zip,True
2022-03-29,47434.8,https://data.binance.vision/data/spot/monthly/klines/BTCUSDT/1d/BTCUSDT-1d-2022-03.zip,True
2022-03-30,47067.99,https://data.binance.vision/data/spot/monthly/klines/BTCUSDT/1d/BTCUSDT-1d-2022-03.zip,True
2022-03-31,45510.34,https://data.binance.vision/data/spot/monthly/klines/BTCUSDT/1d/BTCUSDT-1d-2022-03.zip,True
2022-04-01,46283.49,https://data.binance.vision/data/spot/monthly/klines/BTCUSDT/1d/BTCUSDT-1d-2022-04.zip,True
2022-04-02,45811.0,https://data.binance.vision/data/spot/monthly/klines/BTCUSDT/1d/BTCUSDT-1d-2022-04.zip,True
2022-04-03,46407.35,https://data.binance.vision/data/spot/monthly/klines/BTCUSDT/1d/BTCUSDT-1d-2022-04.zip,True
2022-04-04,46580.51,https://data.binance.vision/data/spot/monthly/klines/BTCUSDT/1d/BTCUSDT-1d-2022-04.zip,True
2022-04-05,45497.55,https://data.binance.vision/data/spot/monthly/klines/BTCUSDT/1d/BTCUSDT-1d-2022-04.zip,True
2022-04-06,43170.47,https://data.binance.vision/data/spot/monthly/klines/BTCUSDT/1d/BTCUSDT-1d-2022-04.zip,True
2022-04-07,43444.19,https://data.binance.vision/data/spot/monthly/klines/BTCUSDT/1d/BTCUSDT-1d-2022-04.zip,True
2022-04-08,42252.01,https://data.binance.vision/data/spot/monthly/klines/BTCUSDT/1d/BTCUSDT-1d-2022-04.zip,True
2022-04-09,42753.97,https://data.binance.vision/data/spot/monthly/klines/BTCUSDT/1d/BTCUSDT-1d-2022-04.zip,True
2022-04-10,42158.85,https://data.binance.vision/data/spot/monthly/klines/BTCUSDT/1d/BTCUSDT-1d-2022-04.zip,True
2022-04-11,39530.45,https://data.binance.vision/data/spot/monthly/klines/BTCUSDT/1d/BTCUSDT-1d-2022-04.zip,True
2022-04-12,40074.94,https://data.binance.vision/data/spot/monthly/klines/BTCUSDT/1d/BTCUSDT-1d-2022-04.zip,True
2022-04-13,41147.79,https://data.binance.vision/data/spot/monthly/klines/BTCUSDT/1d/BTCUSDT-1d-2022-04.zip,True
2022-04-14,39942.38,https://data.binance.vision/data/spot/monthly/klines/BTCUSDT/1d/BTCUSDT-1d-2022-04.zip,True
2022-04-15,40551.9,https://data.binance.vision/data/spot/monthly/klines/BTCUSDT/1d/BTCUSDT-1d-2022-04.zip,True
2022-04-16,40378.71,https://data.binance.vision/data/spot/monthly/klines/BTCUSDT/1d/BTCUSDT-1d-2022-04.zip,True
2022-04-17,39678.12,https://data.binance.vision/data/spot/monthly/klines/BTCUSDT/1d/BTCUSDT-1d-2022-04.zip,True
2022-04-18,40801.13,https://data.binance.vision/data/spot/monthly/klines/BTCUSDT/1d/BTCUSDT-1d-2022-04.zip,True
2022-04-19,41493.18,https://data.binance.vision/data/spot/monthly/klines/BTCUSDT/1d/BTCUSDT-1d-2022-04.zip,True
2022-04-20,41358.19,https://data.binance.vision/data/spot/monthly/klines/BTCUSDT/1d/BTCUSDT-1d-2022-04.zip,True
2022-04-21,40480.01,https://data.binance.vision/data/spot/monthly/klines/BTCUSDT/1d/BTCUSDT-1d-2022-04.zip,True
2022-04-22,39709.18,https://data.binance.vision/data/spot/monthly/klines/BTCUSDT/1d/BTCUSDT-1d-2022-04.zip,True
2022-04-23,39441.6,https://data.binance.vision/data/spot/monthly/klines/BTCUSDT/1d/BTCUSDT-1d-2022-04.zip,True
2022-04-24,39450.13,https://data.binance.vision/data/spot/monthly/klines/BTCUSDT/1d/BTCUSDT-1d-2022-04.zip,True
2022-04-25,40426.08,https://data.binance.vision/data/spot/monthly/klines/BTCUSDT/1d/BTCUSDT-1d-2022-04.zip,True
2022-04-26,38112.65,https://data.binance.vision/data/spot/monthly/klines/BTCUSDT/1d/BTCUSDT-1d-2022-04.zip,True
2022-04-27,39235.72,https://data.binance.vision/data/spot/monthly/klines/BTCUSDT/1d/BTCUSDT-1d-2022-04.zip,True
2022-04-28,39742.07,https://data.binance.vision/data/spot/monthly/klines/BTCUSDT/1d/BTCUSDT-1d-2022-04.zip,True
2022-04-29,38596.11,https://data.binance.vision/data/spot/monthly/klines/BTCUSDT/1d/BTCUSDT-1d-2022-04.zip,True
2022-04-30,37630.8,https://data.binance.vision/data/spot/monthly/klines/BTCUSDT/1d/BTCUSDT-1d-2022-04.zip,True
2022-05-01,38468.35,https://data.binance.vision/data/spot/monthly/klines/BTCUSDT/1d/BTCUSDT-1d-2022-05.zip,True
2022-05-02,38525.16,https://data.binance.vision/data/spot/monthly/klines/BTCUSDT/1d/BTCUSDT-1d-2022-05.zip,True
2022-05-03,37728.95,https://data.binance.vision/data/spot/monthly/klines/BTCUSDT/1d/BTCUSDT-1d-2022-05.zip,True
2022-05-04,39690.0,https://data.binance.vision/data/spot/monthly/klines/BTCUSDT/1d/BTCUSDT-1d-2022-05.zip,True
2022-05-05,36552.97,https://data.binance.vision/data/spot/monthly/klines/BTCUSDT/1d/BTCUSDT-1d-2022-05.zip,True
2022-05-06,36013.77,https://data.binance.vision/data/spot/monthly/klines/BTCUSDT/1d/BTCUSDT-1d-2022-05.zip,True
2022-05-07,35472.39,https://data.binance.vision/data/spot/monthly/klines/BTCUSDT/1d/BTCUSDT-1d-2022-05.zip,True
2022-05-08,34038.4,https://data.binance.vision/data/spot/monthly/klines/BTCUSDT/1d/BTCUSDT-1d-2022-05.zip,True
2022-05-09,30076.31,https://data.binance.vision/data/spot/monthly/klines/BTCUSDT/1d/BTCUSDT-1d-2022-05.zip,True
2022-05-10,31017.1,https://data.binance.vision/data/spot/monthly/klines/BTCUSDT/1d/BTCUSDT-1d-2022-05.zip,True
2022-05-11,29103.94,https://data.binance.vision/data/spot/monthly/klines/BTCUSDT/1d/BTCUSDT-1d-2022-05.zip,True
2022-05-12,29029.75,https://data.binance.vision/data/spot/monthly/klines/BTCUSDT/1d/BTCUSDT-1d-2022-05.zip,True
2022-05-13,29287.05,https://data.binance.vision/data/spot/monthly/klines/BTCUSDT/1d/BTCUSDT-1d-2022-05.zip,True
2022-05-14,30086.74,https://data.binance.vision/data/spot/monthly/klines/BTCUSDT/1d/BTCUSDT-1d-2022-05.zip,True
2022-05-15,31328.89,https://data.binance.vision/data/spot/monthly/klines/BTCUSDT/1d/BTCUSDT-1d-2022-05.zip,True
2022-05-16,29874.01,https://data.binance.vision/data/spot/monthly/klines/BTCUSDT/1d/BTCUSDT-1d-2022-05.zip,True
2022-05-17,30444.93,https://data.binance.vision/data/spot/monthly/klines/BTCUSDT/1d/BTCUSDT-1d-2022-05.zip,True
2022-05-18,28715.32,https://data.binance.vision/data/spot/monthly/klines/BTCUSDT/1d/BTCUSDT-1d-2022-05.zip,True
2022-05-19,30319.23,https://data.binance.vision/data/spot/monthly/klines/BTCUSDT/1d/BTCUSDT-1d-2022-05.zip,True
2022-05-20,29201.01,https://data.binance.vision/data/spot/monthly/klines/BTCUSDT/1d/BTCUSDT-1d-2022-05.zip,True
2022-05-21,29445.06,https://data.binance.vision/data/spot/monthly/klines/BTCUSDT/1d/BTCUSDT-1d-2022-05.zip,True
2022-05-22,30293.94,https://data.binance.vision/data/spot/monthly/klines/BTCUSDT/1d/BTCUSDT-1d-2022-05.zip,True
2022-05-23,29109.15,https://data.binance.vision/data/spot/monthly/klines/BTCUSDT/1d/BTCUSDT-1d-2022-05.zip,True
2022-05-24,29654.58,https://data.binance.vision/data/spot/monthly/klines/BTCUSDT/1d/BTCUSDT-1d-2022-05.zip,True
2022-05-25,29542.15,https://data.binance.vision/data/spot/monthly/klines/BTCUSDT/1d/BTCUSDT-1d-2022-05.zip,True
2022-05-26,29201.35,https://data.binance.vision/data/spot/monthly/klines/BTCUSDT/1d/BTCUSDT-1d-2022-05.zip,True
2022-05-27,28629.8,https://data.binance.vision/data/spot/monthly/klines/BTCUSDT/1d/BTCUSDT-1d-2022-05.zip,True
2022-05-28,29031.33,https://data.binance.vision/data/spot/monthly/klines/BTCUSDT/1d/BTCUSDT-1d-2022-05.zip,True
2022-05-29,29468.1,https://data.binance.vision/data/spot/monthly/klines/BTCUSDT/1d/BTCUSDT-1d-2022-05.zip,True
2022-05-30,31734.22,https://data.binance.vision/data/spot/monthly/klines/BTCUSDT/1d/BTCUSDT-1d-2022-05.zip,True
2022-05-31,31801.04,https://data.binance.vision/data/spot/monthly/klines/BTCUSDT/1d/BTCUSDT-1d-2022-05.zip,True
2022-06-01,29805.83,https://data.binance.vision/data/spot/monthly/klines/BTCUSDT/1d/BTCUSDT-1d-2022-06.zip,True
2022-06-02,30452.62,https://data.binance.vision/data/spot/monthly/klines/BTCUSDT/1d/BTCUSDT-1d-2022-06.zip,True
2022-06-03,29700.21,https://data.binance.vision/data/spot/monthly/klines/BTCUSDT/1d/BTCUSDT-1d-2022-06.zip,True
2022-06-04,29864.04,https://data.binance.vision/data/spot/monthly/klines/BTCUSDT/1d/BTCUSDT-1d-2022-06.zip,True
2022-06-05,29919.21,https://data.binance.vision/data/spot/monthly/klines/BTCUSDT/1d/BTCUSDT-1d-2022-06.zip,True
2022-06-06,31373.1,https://data.binance.vision/data/spot/monthly/klines/BTCUSDT/1d/BTCUSDT-1d-2022-06.zip,True
2022-06-07,31125.33,https://data.binance.vision/data/spot/monthly/klines/BTCUSDT/1d/BTCUSDT-1d-2022-06.zip,True
2022-06-08,30204.77,https://data.binance.vision/data/spot/monthly/klines/BTCUSDT/1d/BTCUSDT-1d-2022-06.zip,True
2022-06-09,30109.93,https://data.binance.vision/data/spot/monthly/klines/BTCUSDT/1d/BTCUSDT-1d-2022-06.zip,True
2022-06-10,29091.88,https://data.binance.vision/data/spot/monthly/klines/BTCUSDT/1d/BTCUSDT-1d-2022-06.zip,True
2022-06-11,28424.7,https://data.binance.vision/data/spot/monthly/klines/BTCUSDT/1d/BTCUSDT-1d-2022-06.zip,True
2022-06-12,26574.53,https://data.binance.vision/data/spot/monthly/klines/BTCUSDT/1d/BTCUSDT-1d-2022-06.zip,True
2022-06-13,22487.41,https://data.binance.vision/data/spot/monthly/klines/BTCUSDT/1d/BTCUSDT-1d-2022-06.zip,True
2022-06-14,22136.41,https://data.binance.vision/data/spot/monthly/klines/BTCUSDT/1d/BTCUSDT-1d-2022-06.zip,True
2022-06-15,22583.72,https://data.binance.vision/data/spot/monthly/klines/BTCUSDT/1d/BTCUSDT-1d-2022-06.zip,True
2022-06-16,20401.31,https://data.binance.vision/data/spot/monthly/klines/BTCUSDT/1d/BTCUSDT-1d-2022-06.zip,True
2022-06-17,20468.81,https://data.binance.vision/data/spot/monthly/klines/BTCUSDT/1d/BTCUSDT-1d-2022-06.zip,True
2022-06-18,18970.79,https://data.binance.vision/data/spot/monthly/klines/BTCUSDT/1d/BTCUSDT-1d-2022-06.zip,True
2022-06-19,20574.0,https://data.binance.vision/data/spot/monthly/klines/BTCUSDT/1d/BTCUSDT-1d-2022-06.zip,True
2022-06-20,20573.89,https://data.binance.vision/data/spot/monthly/klines/BTCUSDT/1d/BTCUSDT-1d-2022-06.zip,True
2022-06-21,20723.52,https://data.binance.vision/data/spot/monthly/klines/BTCUSDT/1d/BTCUSDT-1d-2022-06.zip,True
2022-06-22,19987.99,https://data.binance.vision/data/spot/monthly/klines/BTCUSDT/1d/BTCUSDT-1d-2022-06.zip,True
2022-06-23,21110.13,https://data.binance.vision/data/spot/monthly/klines/BTCUSDT/1d/BTCUSDT-1d-2022-06.zip,True
2022-06-24,21237.69,https://data.binance.vision/data/spot/monthly/klines/BTCUSDT/1d/BTCUSDT-1d-2022-06.zip,True
2022-06-25,21491.19,https://data.binance.vision/data/spot/monthly/klines/BTCUSDT/1d/BTCUSDT-1d-2022-06.zip,True
2022-06-26,21038.07,https://data.binance.vision/data/spot/monthly/klines/BTCUSDT/1d/BTCUSDT-1d-2022-06.zip,True
2022-06-27,20742.56,https://data.binance.vision/data/spot/monthly/klines/BTCUSDT/1d/BTCUSDT-1d-2022-06.zip,True
2022-06-28,20281.29,https://data.binance.vision/data/spot/monthly/klines/BTCUSDT/1d/BTCUSDT-1d-2022-06.zip,True
2022-06-29,20123.01,https://data.binance.vision/data/spot/monthly/klines/BTCUSDT/1d/BTCUSDT-1d-2022-06.zip,True
2022-06-30,19942.21,https://data.binance.vision/data/spot/monthly/klines/BTCUSDT/1d/BTCUSDT-1d-2022-06.zip,True
2022-07-01,19279.8,https://data.binance.vision/data/spot/monthly/klines/BTCUSDT/1d/BTCUSDT-1d-2022-07.zip,True
2022-07-02,19252.81,https://data.binance.vision/data/spot/monthly/klines/BTCUSDT/1d/BTCUSDT-1d-2022-07.zip,True
2022-07-03,19315.83,https://data.binance.vision/data/spot/monthly/klines/BTCUSDT/1d/BTCUSDT-1d-2022-07.zip,True
2022-07-04,20236.71,https://data.binance.vision/data/spot/monthly/klines/BTCUSDT/1d/BTCUSDT-1d-2022-07.zip,True
2022-07-05,20175.83,https://data.binance.vision/data/spot/monthly/klines/BTCUSDT/1d/BTCUSDT-1d-2022-07.zip,True
2022-07-06,20564.51,https://data.binance.vision/data/spot/monthly/klines/BTCUSDT/1d/BTCUSDT-1d-2022-07.zip,True
2022-07-07,21624.98,https://data.binance.vision/data/spot/monthly/klines/BTCUSDT/1d/BTCUSDT-1d-2022-07.zip,True
2022-07-08,21594.75,https://data.binance.vision/data/spot/monthly/klines/BTCUSDT/1d/BTCUSDT-1d-2022-07.zip,True
2022-07-09,21591.83,https://data.binance.vision/data/spot/monthly/klines/BTCUSDT/1d/BTCUSDT-1d-2022-07.zip,True
2022-07-10,20862.47,https://data.binance.vision/data/spot/monthly/klines/BTCUSDT/1d/BTCUSDT-1d-2022-07.zip,True
2022-07-11,19963.61,https://data.binance.vision/data/spot/monthly/klines/BTCUSDT/1d/BTCUSDT-1d-2022-07.zip,True
2022-07-12,19328.75,https://data.binance.vision/data/spot/monthly/klines/BTCUSDT/1d/BTCUSDT-1d-2022-07.zip,True
2022-07-13,20234.87,https://data.binance.vision/data/spot/monthly/klines/BTCUSDT/1d/BTCUSDT-1d-2022-07.zip,True
2022-07-14,20588.84,https://data.binance.vision/data/spot/monthly/klines/BTCUSDT/1d/BTCUSDT-1d-2022-07.zip,True
2022-07-15,20830.04,https://data.binance.vision/data/spot/monthly/klines/BTCUSDT/1d/BTCUSDT-1d-2022-07.zip,True
2022-07-16,21195.6,https://data.binance.vision/data/spot/monthly/klines/BTCUSDT/1d/BTCUSDT-1d-2022-07.zip,True
2022-07-17,20798.16,https://data.binance.vision/data/spot/monthly/klines/BTCUSDT/1d/BTCUSDT-1d-2022-07.zip,True
2022-07-18,22432.58,https://data.binance.vision/data/spot/monthly/klines/BTCUSDT/1d/BTCUSDT-1d-2022-07.zip,True
2022-07-19,23396.62,https://data.binance.vision/data/spot/monthly/klines/BTCUSDT/1d/BTCUSDT-1d-2022-07.zip,True
2022-07-20,23223.3,https://data.binance.vision/data/spot/monthly/klines/BTCUSDT/1d/BTCUSDT-1d-2022-07.zip,True
2022-07-21,23152.19,https://data.binance.vision/data/spot/monthly/klines/BTCUSDT/1d/BTCUSDT-1d-2022-07.zip,True
2022-07-22,22684.83,https://data.binance.vision/data/spot/monthly/klines/BTCUSDT/1d/BTCUSDT-1d-2022-07.zip,True
2022-07-23,22451.07,https://data.binance.vision/data/spot/monthly/klines/BTCUSDT/1d/BTCUSDT-1d-2022-07.zip,True
2022-07-24,22579.68,https://data.binance.vision/data/spot/monthly/klines/BTCUSDT/1d/BTCUSDT-1d-2022-07.zip,True
2022-07-25,21310.9,https://data.binance.vision/data/spot/monthly/klines/BTCUSDT/1d/BTCUSDT-1d-2022-07.zip,True
2022-07-26,21254.67,https://data.binance.vision/data/spot/monthly/klines/BTCUSDT/1d/BTCUSDT-1d-2022-07.zip,True
2022-07-27,22952.45,https://data.binance.vision/data/spot/monthly/klines/BTCUSDT/1d/BTCUSDT-1d-2022-07.zip,True
2022-07-28,23842.93,https://data.binance.vision/data/spot/monthly/klines/BTCUSDT/1d/BTCUSDT-1d-2022-07.zip,True
2022-07-29,23773.75,https://data.binance.vision/data/spot/monthly/klines/BTCUSDT/1d/BTCUSDT-1d-2022-07.zip,True
2022-07-30,23643.51,https://data.binance.vision/data/spot/monthly/klines/BTCUSDT/1d/BTCUSDT-1d-2022-07.zip,True
2022-07-31,23293.32,https://data.binance.vision/data/spot/monthly/klines/BTCUSDT/1d/BTCUSDT-1d-2022-07.zip,True
2022-08-01,23268.01,https://data.binance.vision/data/spot/monthly/klines/BTCUSDT/1d/BTCUSDT-1d-2022-08.zip,True
2022-08-02,22987.79,https://data.binance.vision/data/spot/monthly/klines/BTCUSDT/1d/BTCUSDT-1d-2022-08.zip,True
2022-08-03,22818.37,https://data.binance.vision/data/spot/monthly/klines/BTCUSDT/1d/BTCUSDT-1d-2022-08.zip,True
2022-08-04,22622.98,https://data.binance.vision/data/spot/monthly/klines/BTCUSDT/1d/BTCUSDT-1d-2022-08.zip,True
2022-08-05,23312.42,https://data.binance.vision/data/spot/monthly/klines/BTCUSDT/1d/BTCUSDT-1d-2022-08.zip,True
2022-08-06,22954.21,https://data.binance.vision/data/spot/monthly/klines/BTCUSDT/1d/BTCUSDT-1d-2022-08.zip,True
2022-08-07,23174.39,https://data.binance.vision/data/spot/monthly/klines/BTCUSDT/1d/BTCUSDT-1d-2022-08.zip,True
2022-08-08,23810.0,https://data.binance.vision/data/spot/monthly/klines/BTCUSDT/1d/BTCUSDT-1d-2022-08.zip,True
2022-08-09,23149.95,https://data.binance.vision/data/spot/monthly/klines/BTCUSDT/1d/BTCUSDT-1d-2022-08.zip,True
2022-08-10,23954.05,https://data.binance.vision/data/spot/monthly/klines/BTCUSDT/1d/BTCUSDT-1d-2022-08.zip,True
2022-08-11,23934.39,https://data.binance.vision/data/spot/monthly/klines/BTCUSDT/1d/BTCUSDT-1d-2022-08.zip,True
2022-08-12,24403.68,https://data.binance.vision/data/spot/monthly/klines/BTCUSDT/1d/BTCUSDT-1d-2022-08.zip,True
2022-08-13,24441.38,https://data.binance.vision/data/spot/monthly/klines/BTCUSDT/1d/BTCUSDT-1d-2022-08.zip,True
2022-08-14,24305.24,https://data.binance.vision/data/spot/monthly/klines/BTCUSDT/1d/BTCUSDT-1d-2022-08.zip,True
2022-08-15,24094.82,https://data.binance.vision/data/spot/monthly/klines/BTCUSDT/1d/BTCUSDT-1d-2022-08.zip,True
2022-08-16,23854.74,https://data.binance.vision/data/spot/monthly/klines/BTCUSDT/1d/BTCUSDT-1d-2022-08.zip,True
2022-08-17,23342.66,https://data.binance.vision/data/spot/monthly/klines/BTCUSDT/1d/BTCUSDT-1d-2022-08.zip,True
2022-08-18,23191.2,https://data.binance.vision/data/spot/monthly/klines/BTCUSDT/1d/BTCUSDT-1d-2022-08.zip,True
2022-08-19,20834.39,https://data.binance.vision/data/spot/monthly/klines/BTCUSDT/1d/BTCUSDT-1d-2022-08.zip,True
2022-08-20,21140.07,https://data.binance.vision/data/spot/monthly/klines/BTCUSDT/1d/BTCUSDT-1d-2022-08.zip,True
2022-08-21,21515.61,https://data.binance.vision/data/spot/monthly/klines/BTCUSDT/1d/BTCUSDT-1d-2022-08.zip,True
2022-08-22,21399.83,https://data.binance.vision/data/spot/monthly/klines/BTCUSDT/1d/BTCUSDT-1d-2022-08.zip,True
2022-08-23,21529.12,https://data.binance.vision/data/spot/monthly/klines/BTCUSDT/1d/BTCUSDT-1d-2022-08.zip,True
2022-08-24,21368.08,https://data.binance.vision/data/spot/monthly/klines/BTCUSDT/1d/BTCUSDT-1d-2022-08.zip,True
2022-08-25,21559.04,https://data.binance.vision/data/spot/monthly/klines/BTCUSDT/1d/BTCUSDT-1d-2022-08.zip,True
2022-08-26,20241.05,https://data.binance.vision/data/spot/monthly/klines/BTCUSDT/1d/BTCUSDT-1d-2022-08.zip,True
2022-08-27,20037.6,https://data.binance.vision/data/spot/monthly/klines/BTCUSDT/1d/BTCUSDT-1d-2022-08.zip,True
2022-08-28,19555.61,https://data.binance.vision/data/spot/monthly/klines/BTCUSDT/1d/BTCUSDT-1d-2022-08.zip,True
2022-08-29,20285.73,https://data.binance.vision/data/spot/monthly/klines/BTCUSDT/1d/BTCUSDT-1d-2022-08.zip,True
2022-08-30,19811.66,https://data.binance.vision/data/spot/monthly/klines/BTCUSDT/1d/BTCUSDT-1d-2022-08.zip,True
2022-08-31,20050.02,https://data.binance.vision/data/spot/monthly/klines/BTCUSDT/1d/BTCUSDT-1d-2022-08.zip,True
2022-09-01,20131.46,https://data.binance.vision/data/spot/monthly/klines/BTCUSDT/1d/BTCUSDT-1d-2022-09.zip,True
2022-09-02,19951.86,https://data.binance.vision/data/spot/monthly/klines/BTCUSDT/1d/BTCUSDT-1d-2022-09.zip,True
2022-09-03,19831.9,https://data.binance.vision/data/spot/monthly/klines/BTCUSDT/1d/BTCUSDT-1d-2022-09.zip,True
2022-09-04,20000.3,https://data.binance.vision/data/spot/monthly/klines/BTCUSDT/1d/BTCUSDT-1d-2022-09.zip,True
2022-09-05,19796.84,https://data.binance.vision/data/spot/monthly/klines/BTCUSDT/1d/BTCUSDT-1d-2022-09.zip,True
2022-09-06,18790.61,https://data.binance.vision/data/spot/monthly/klines/BTCUSDT/1d/BTCUSDT-1d-2022-09.zip,True
2022-09-07,19292.84,https://data.binance.vision/data/spot/monthly/klines/BTCUSDT/1d/BTCUSDT-1d-2022-09.zip,True
2022-09-08,19319.77,https://data.binance.vision/data/spot/monthly/klines/BTCUSDT/1d/BTCUSDT-1d-2022-09.zip,True
2022-09-09,21360.11,https://data.binance.vision/data/spot/monthly/klines/BTCUSDT/1d/BTCUSDT-1d-2022-09.zip,True
2022-09-10,21648.34,https://data.binance.vision/data/spot/monthly/klines/BTCUSDT/1d/BTCUSDT-1d-2022-09.zip,True
2022-09-11,21826.87,https://data.binance.vision/data/spot/monthly/klines/BTCUSDT/1d/BTCUSDT-1d-2022-09.zip,True
2022-09-12,22395.74,https://data.binance.vision/data/spot/monthly/klines/BTCUSDT/1d/BTCUSDT-1d-2022-09.zip,True
2022-09-13,20173.57,https://data.binance.vision/data/spot/monthly/klines/BTCUSDT/1d/BTCUSDT-1d-2022-09.zip,True
2022-09-14,20226.71,https://data.binance.vision/data/spot/monthly/klines/BTCUSDT/1d/BTCUSDT-1d-2022-09.zip,True
2022-09-15,19701.88,https://data.binance.vision/data/spot/monthly/klines/BTCUSDT/1d/BTCUSDT-1d-2022-09.zip,True
2022-09-16,19803.3,https://data.binance.vision/data/spot/monthly/klines/BTCUSDT/1d/BTCUSDT-1d-2022-09.zip,True
2022-09-17,20113.62,https://data.binance.vision/data/spot/monthly/klines/BTCUSDT/1d/BTCUSDT-1d-2022-09.zip,True
2022-09-18,19416.18,https://data.binance.vision/data/spot/monthly/klines/BTCUSDT/1d/BTCUSDT-1d-2022-09.zip,True
2022-09-19,19537.02,https://data.binance.vision/data/spot/monthly/klines/BTCUSDT/1d/BTCUSDT-1d-2022-09.zip,True
2022-09-20,18875.0,https://data.binance.vision/data/spot/monthly/klines/BTCUSDT/1d/BTCUSDT-1d-2022-09.zip,True
2022-09-21,18461.36,https://data.binance.vision/data/spot/monthly/klines/BTCUSDT/1d/BTCUSDT-1d-2022-09.zip,True
2022-09-22,19401.63,https://data.binance.vision/data/spot/monthly/klines/BTCUSDT/1d/BTCUSDT-1d-2022-09.zip,True
2022-09-23,19289.91,https://data.binance.vision/data/spot/monthly/klines/BTCUSDT/1d/BTCUSDT-1d-2022-09.zip,True
2022-09-24,18920.5,https://data.binance.vision/data/spot/monthly/klines/BTCUSDT/1d/BTCUSDT-1d-2022-09.zip,True
2022-09-25,18807.38,https://data.binance.vision/data/spot/monthly/klines/BTCUSDT/1d/BTCUSDT-1d-2022-09.zip,True
2022-09-26,19227.82,https://data.binance.vision/data/spot/monthly/klines/BTCUSDT/1d/BTCUSDT-1d-2022-09.zip,True
2022-09-27,19079.13,https://data.binance.vision/data/spot/monthly/klines/BTCUSDT/1d/BTCUSDT-1d-2022-09.zip,True
2022-09-28,19412.82,https://data.binance.vision/data/spot/monthly/klines/BTCUSDT/1d/BTCUSDT-1d-2022-09.zip,True
2022-09-29,19591.51,https://data.binance.vision/data/spot/monthly/klines/BTCUSDT/1d/BTCUSDT-1d-2022-09.zip,True
2022-09-30,19422.61,https://data.binance.vision/data/spot/monthly/klines/BTCUSDT/1d/BTCUSDT-1d-2022-09.zip,True
2022-10-01,19310.95,https://data.binance.vision/data/spot/monthly/klines/BTCUSDT/1d/BTCUSDT-1d-2022-10.zip,True
2022-10-02,19056.8,https://data.binance.vision/data/spot/monthly/klines/BTCUSDT/1d/BTCUSDT-1d-2022-10.zip,True
2022-10-03,19629.08,https://data.binance.vision/data/spot/monthly/klines/BTCUSDT/1d/BTCUSDT-1d-2022-10.zip,True
2022-10-04,20337.82,https://data.binance.vision/data/spot/monthly/klines/BTCUSDT/1d/BTCUSDT-1d-2022-10.zip,True
2022-10-05,20158.26,https://data.binance.vision/data/spot/monthly/klines/BTCUSDT/1d/BTCUSDT-1d-2022-10.zip,True
2022-10-06,19960.67,https://data.binance.vision/data/spot/monthly/klines/BTCUSDT/1d/BTCUSDT-1d-2022-10.zip,True
2022-10-07,19530.09,https://data.binance.vision/data/spot/monthly/klines/BTCUSDT/1d/BTCUSDT-1d-2022-10.zip,True
2022-10-08,19417.96,https://data.binance.vision/data/spot/monthly/klines/BTCUSDT/1d/BTCUSDT-1d-2022-10.zip,True
2022-10-09,19439.02,https://data.binance.vision/data/spot/monthly/klines/BTCUSDT/1d/BTCUSDT-1d-2022-10.zip,True
2022-10-10,19131.87,https://data.binance.vision/data/spot/monthly/klines/BTCUSDT/1d/BTCUSDT-1d-2022-10.zip,True
2022-10-11,19060.0,https://data.binance.vision/data/spot/monthly/klines/BTCUSDT/1d/BTCUSDT-1d-2022-10.zip,True
2022-10-12,19155.53,https://data.binance.vision/data/spot/monthly/klines/BTCUSDT/1d/BTCUSDT-1d-2022-10.zip,True
2022-10-13,19375.13,https://data.binance.vision/data/spot/monthly/klines/BTCUSDT/1d/BTCUSDT-1d-2022-10.zip,True
2022-10-14,19176.93,https://data.binance.vision/data/spot/monthly/klines/BTCUSDT/1d/BTCUSDT-1d-2022-10.zip,True
2022-10-15,19069.39,https://data.binance.vision/data/spot/monthly/klines/BTCUSDT/1d/BTCUSDT-1d-2022-10.zip,True
2022-10-16,19262.98,https://data.binance.vision/data/spot/monthly/klines/BTCUSDT/1d/BTCUSDT-1d-2022-10.zip,True
2022-10-17,19549.86,https://data.binance.vision/data/spot/monthly/klines/BTCUSDT/1d/BTCUSDT-1d-2022-10.zip,True
2022-10-18,19327.44,https://data.binance.vision/data/spot/monthly/klines/BTCUSDT/1d/BTCUSDT-1d-2022-10.zip,True
2022-10-19,19123.97,https://data.binance.vision/data/spot/monthly/klines/BTCUSDT/1d/BTCUSDT-1d-2022-10.zip,True
2022-10-20,19041.92,https://data.binance.vision/data/spot/monthly/klines/BTCUSDT/1d/BTCUSDT-1d-2022-10.zip,True
2022-10-21,19164.37,https://data.binance.vision/data/spot/monthly/klines/BTCUSDT/1d/BTCUSDT-1d-2022-10.zip,True
2022-10-22,19204.35,https://data.binance.vision/data/spot/monthly/klines/BTCUSDT/1d/BTCUSDT-1d-2022-10.zip,True
2022-10-23,19570.4,https://data.binance.vision/data/spot/monthly/klines/BTCUSDT/1d/BTCUSDT-1d-2022-10.zip,True
2022-10-24,19329.72,https://data.binance.vision/data/spot/monthly/klines/BTCUSDT/1d/BTCUSDT-1d-2022-10.zip,True
2022-10-25,20080.07,https://data.binance.vision/data/spot/monthly/klines/BTCUSDT/1d/BTCUSDT-1d-2022-10.zip,True
2022-10-26,20771.59,https://data.binance.vision/data/spot/monthly/klines/BTCUSDT/1d/BTCUSDT-1d-2022-10.zip,True
2022-10-27,20295.11,https://data.binance.vision/data/spot/monthly/klines/BTCUSDT/1d/BTCUSDT-1d-2022-10.zip,True
2022-10-28,20591.84,https://data.binance.vision/data/spot/monthly/klines/BTCUSDT/1d/BTCUSDT-1d-2022-10.zip,True
2022-10-29,20809.67,https://data.binance.vision/data/spot/monthly/klines/BTCUSDT/1d/BTCUSDT-1d-2022-10.zip,True
2022-10-30,20627.48,https://data.binance.vision/data/spot/monthly/klines/BTCUSDT/1d/BTCUSDT-1d-2022-10.zip,True
2022-10-31,20490.74,https://data.binance.vision/data/spot/monthly/klines/BTCUSDT/1d/BTCUSDT-1d-2022-10.zip,True
2022-11-01,20483.62,https://data.binance.vision/data/spot/monthly/klines/BTCUSDT/1d/BTCUSDT-1d-2022-11.zip,True
2022-11-02,20151.84,https://data.binance.vision/data/spot/monthly/klines/BTCUSDT/1d/BTCUSDT-1d-2022-11.zip,True
2022-11-03,20207.82,https://data.binance.vision/data/spot/monthly/klines/BTCUSDT/1d/BTCUSDT-1d-2022-11.zip,True
2022-11-04,21148.52,https://data.binance.vision/data/spot/monthly/klines/BTCUSDT/1d/BTCUSDT-1d-2022-11.zip,True
2022-11-05,21299.37,https://data.binance.vision/data/spot/monthly/klines/BTCUSDT/1d/BTCUSDT-1d-2022-11.zip,True
2022-11-06,20905.58,https://data.binance.vision/data/spot/monthly/klines/BTCUSDT/1d/BTCUSDT-1d-2022-11.zip,True
2022-11-07,20591.13,https://data.binance.vision/data/spot/monthly/klines/BTCUSDT/1d/BTCUSDT-1d-2022-11.zip,True
2022-11-08,18547.23,https://data.binance.vision/data/spot/monthly/klines/BTCUSDT/1d/BTCUSDT-1d-2022-11.zip,True
2022-11-09,15922.81,https://data.binance.vision/data/spot/monthly/klines/BTCUSDT/1d/BTCUSDT-1d-2022-11.zip,True
2022-11-10,17601.15,https://data.binance.vision/data/spot/monthly/klines/BTCUSDT/1d/BTCUSDT-1d-2022-11.zip,True
2022-11-11,17070.31,https://data.binance.vision/data/spot/monthly/klines/BTCUSDT/1d/BTCUSDT-1d-2022-11.zip,True
2022-11-12,16812.08,https://data.binance.vision/data/spot/monthly/klines/BTCUSDT/1d/BTCUSDT-1d-2022-11.zip,True
2022-11-13,16329.85,https://data.binance.vision/data/spot/monthly/klines/BTCUSDT/1d/BTCUSDT-1d-2022-11.zip,True
2022-11-14,16619.46,https://data.binance.vision/data/spot/monthly/klines/BTCUSDT/1d/BTCUSDT-1d-2022-11.zip,True
2022-11-15,16900.57,https://data.binance.vision/data/spot/monthly/klines/BTCUSDT/1d/BTCUSDT-1d-2022-11.zip,True
2022-11-16,16662.76,https://data.binance.vision/data/spot/monthly/klines/BTCUSDT/1d/BTCUSDT-1d-2022-11.zip,True
2022-11-17,16692.56,https://data.binance.vision/data/spot/monthly/klines/BTCUSDT/1d/BTCUSDT-1d-2022-11.zip,True
2022-11-18,16700.45,https://data.binance.vision/data/spot/monthly/klines/BTCUSDT/1d/BTCUSDT-1d-2022-11.zip,True
2022-11-19,16700.68,https://data.binance.vision/data/spot/monthly/klines/BTCUSDT/1d/BTCUSDT-1d-2022-11.zip,True
2022-11-20,16280.23,https://data.binance.vision/data/spot/monthly/klines/BTCUSDT/1d/BTCUSDT-1d-2022-11.zip,True
2022-11-21,15781.29,https://data.binance.vision/data/spot/monthly/klines/BTCUSDT/1d/BTCUSDT-1d-2022-11.zip,True
2022-11-22,16226.94,https://data.binance.vision/data/spot/monthly/klines/BTCUSDT/1d/BTCUSDT-1d-2022-11.zip,True
2022-11-23,16603.11,https://data.binance.vision/data/spot/monthly/klines/BTCUSDT/1d/BTCUSDT-1d-2022-11.zip,True
2022-11-24,16598.95,https://data.binance.vision/data/spot/monthly/klines/BTCUSDT/1d/BTCUSDT-1d-2022-11.zip,True
2022-11-25,16522.14,https://data.binance.vision/data/spot/monthly/klines/BTCUSDT/1d/BTCUSDT-1d-2022-11.zip,True
2022-11-26,16458.57,https://data.binance.vision/data/spot/monthly/klines/BTCUSDT/1d/BTCUSDT-1d-2022-11.zip,True
2022-11-27,16428.78,https://data.binance.vision/data/spot/monthly/klines/BTCUSDT/1d/BTCUSDT-1d-2022-11.zip,True
2022-11-28,16212.91,https://data.binance.vision/data/spot/monthly/klines/BTCUSDT/1d/BTCUSDT-1d-2022-11.zip,True
2022-11-29,16442.53,https://data.binance.vision/data/spot/monthly/klines/BTCUSDT/1d/BTCUSDT-1d-2022-11.zip,True
2022-11-30,17163.64,https://data.binance.vision/data/spot/monthly/klines/BTCUSDT/1d/BTCUSDT-1d-2022-11.zip,True
2022-12-01,16977.37,https://data.binance.vision/data/spot/monthly/klines/BTCUSDT/1d/BTCUSDT-1d-2022-12.zip,True
2022-12-02,17092.74,https://data.binance.vision/data/spot/monthly/klines/BTCUSDT/1d/BTCUSDT-1d-2022-12.zip,True
2022-12-03,16885.2,https://data.binance.vision/data/spot/monthly/klines/BTCUSDT/1d/BTCUSDT-1d-2022-12.zip,True
2022-12-04,17105.7,https://data.binance.vision/data/spot/monthly/klines/BTCUSDT/1d/BTCUSDT-1d-2022-12.zip,True
2022-12-05,16966.35,https://data.binance.vision/data/spot/monthly/klines/BTCUSDT/1d/BTCUSDT-1d-2022-12.zip,True
2022-12-06,17088.96,https://data.binance.vision/data/spot/monthly/klines/BTCUSDT/1d/BTCUSDT-1d-2022-12.zip,True
2022-12-07,16836.64,https://data.binance.vision/data/spot/monthly/klines/BTCUSDT/1d/BTCUSDT-1d-2022-12.zip,True
2022-12-08,17224.1,https://data.binance.vision/data/spot/monthly/klines/BTCUSDT/1d/BTCUSDT-1d-2022-12.zip,True
2022-12-09,17128.56,https://data.binance.vision/data/spot/monthly/klines/BTCUSDT/1d/BTCUSDT-1d-2022-12.zip,True
2022-12-10,17127.49,https://data.binance.vision/data/spot/monthly/klines/BTCUSDT/1d/BTCUSDT-1d-2022-12.zip,True
2022-12-11,17085.05,https://data.binance.vision/data/spot/monthly/klines/BTCUSDT/1d/BTCUSDT-1d-2022-12.zip,True
2022-12-12,17209.83,https://data.binance.vision/data/spot/monthly/klines/BTCUSDT/1d/BTCUSDT-1d-2022-12.zip,True
2022-12-13,17774.7,https://data.binance.vision/data/spot/monthly/klines/BTCUSDT/1d/BTCUSDT-1d-2022-12.zip,True
2022-12-14,17803.15,https://data.binance.vision/data/spot/monthly/klines/BTCUSDT/1d/BTCUSDT-1d-2022-12.zip,True
2022-12-15,17356.34,https://data.binance.vision/data/spot/monthly/klines/BTCUSDT/1d/BTCUSDT-1d-2022-12.zip,True
2022-12-16,16632.12,https://data.binance.vision/data/spot/monthly/klines/BTCUSDT/1d/BTCUSDT-1d-2022-12.zip,True
2022-12-17,16776.52,https://data.binance.vision/data/spot/monthly/klines/BTCUSDT/1d/BTCUSDT-1d-2022-12.zip,True
2022-12-18,16738.21,https://data.binance.vision/data/spot/monthly/klines/BTCUSDT/1d/BTCUSDT-1d-2022-12.zip,True
2022-12-19,16438.88,https://data.binance.vision/data/spot/monthly/klines/BTCUSDT/1d/BTCUSDT-1d-2022-12.zip,True
2022-12-20,16895.56,https://data.binance.vision/data/spot/monthly/klines/BTCUSDT/1d/BTCUSDT-1d-2022-12.zip,True
2022-12-21,16824.67,https://data.binance.vision/data/spot/monthly/klines/BTCUSDT/1d/BTCUSDT-1d-2022-12.zip,True
2022-12-22,16821.43,https://data.binance.vision/data/spot/monthly/klines/BTCUSDT/1d/BTCUSDT-1d-2022-12.zip,True
2022-12-23,16778.5,https://data.binance.vision/data/spot/monthly/klines/BTCUSDT/1d/BTCUSDT-1d-2022-12.zip,True
2022-12-24,16836.12,https://data.binance.vision/data/spot/monthly/klines/BTCUSDT/1d/BTCUSDT-1d-2022-12.zip,True
2022-12-25,16832.11,https://data.binance.vision/data/spot/monthly/klines/BTCUSDT/1d/BTCUSDT-1d-2022-12.zip,True
2022-12-26,16919.39,https://data.binance.vision/data/spot/monthly/klines/BTCUSDT/1d/BTCUSDT-1d-2022-12.zip,True
2022-12-27,16706.36,https://data.binance.vision/data/spot/monthly/klines/BTCUSDT/1d/BTCUSDT-1d-2022-12.zip,True
2022-12-28,16547.31,https://data.binance.vision/data/spot/monthly/klines/BTCUSDT/1d/BTCUSDT-1d-2022-12.zip,True
2022-12-29,16633.47,https://data.binance.vision/data/spot/monthly/klines/BTCUSDT/1d/BTCUSDT-1d-2022-12.zip,True
2022-12-30,16607.48,https://data.binance.vision/data/spot/monthly/klines/BTCUSDT/1d/BTCUSDT-1d-2022-12.zip,True
2022-12-31,16542.4,https://data.binance.vision/data/spot/monthly/klines/BTCUSDT/1d/BTCUSDT-1d-2022-12.zip,True
2023-01-01,16616.75,https://data.binance.vision/data/spot/monthly/klines/BTCUSDT/1d/BTCUSDT-1d-2023-01.zip,True
2023-01-02,16672.87,https://data.binance.vision/data/spot/monthly/klines/BTCUSDT/1d/BTCUSDT-1d-2023-01.zip,True
2023-01-03,16675.18,https://data.binance.vision/data/spot/monthly/klines/BTCUSDT/1d/BTCUSDT-1d-2023-01.zip,True
2023-01-04,16850.36,https://data.binance.vision/data/spot/monthly/klines/BTCUSDT/1d/BTCUSDT-1d-2023-01.zip,True
2023-01-05,16831.85,https://data.binance.vision/data/spot/monthly/klines/BTCUSDT/1d/BTCUSDT-1d-2023-01.zip,True
2023-01-06,16950.65,https://data.binance.vision/data/spot/monthly/klines/BTCUSDT/1d/BTCUSDT-1d-2023-01.zip,True
2023-01-07,16943.57,https://data.binance.vision/data/spot/monthly/klines/BTCUSDT/1d/BTCUSDT-1d-2023-01.zip,True
2023-01-08,17127.83,https://data.binance.vision/data/spot/monthly/klines/BTCUSDT/1d/BTCUSDT-1d-2023-01.zip,True
2023-01-09,17178.26,https://data.binance.vision/data/spot/monthly/klines/BTCUSDT/1d/BTCUSDT-1d-2023-01.zip,True
2023-01-10,17440.66,https://data.binance.vision/data/spot/monthly/klines/BTCUSDT/1d/BTCUSDT-1d-2023-01.zip,True
2023-01-11,17943.26,https://data.binance.vision/data/spot/monthly/klines/BTCUSDT/1d/BTCUSDT-1d-2023-01.zip,True
2023-01-12,18846.62,https://data.binance.vision/data/spot/monthly/klines/BTCUSDT/1d/BTCUSDT-1d-2023-01.zip,True
2023-01-13,19930.01,https://data.binance.vision/data/spot/monthly/klines/BTCUSDT/1d/BTCUSDT-1d-2023-01.zip,True
2023-01-14,20954.92,https://data.binance.vision/data/spot/monthly/klines/BTCUSDT/1d/BTCUSDT-1d-2023-01.zip,True
2023-01-15,20871.5,https://data.binance.vision/data/spot/monthly/klines/BTCUSDT/1d/BTCUSDT-1d-2023-01.zip,True
2023-01-16,21185.65,https://data.binance.vision/data/spot/monthly/klines/BTCUSDT/1d/BTCUSDT-1d-2023-01.zip,True
2023-01-17,21134.81,https://data.binance.vision/data/spot/monthly/klines/BTCUSDT/1d/BTCUSDT-1d-2023-01.zip,True
2023-01-18,20677.47,https://data.binance.vision/data/spot/monthly/klines/BTCUSDT/1d/BTCUSDT-1d-2023-01.zip,True
2023-01-19,21071.59,https://data.binance.vision/data/spot/monthly/klines/BTCUSDT/1d/BTCUSDT-1d-2023-01.zip,True
2023-01-20,22667.21,https://data.binance.vision/data/spot/monthly/klines/BTCUSDT/1d/BTCUSDT-1d-2023-01.zip,True
2023-01-21,22783.55,https://data.binance.vision/data/spot/monthly/klines/BTCUSDT/1d/BTCUSDT-1d-2023-01.zip,True
2023-01-22,22707.88,https://data.binance.vision/data/spot/monthly/klines/BTCUSDT/1d/BTCUSDT-1d-2023-01.zip,True
2023-01-23,22916.45,https://data.binance.vision/data/spot/monthly/klines/BTCUSDT/1d/BTCUSDT-1d-2023-01.zip,True
2023-01-24,22632.89,https://data.binance.vision/data/spot/monthly/klines/BTCUSDT/1d/BTCUSDT-1d-2023-01.zip,True
2023-01-25,23060.94,https://data.binance.vision/data/spot/monthly/klines/BTCUSDT/1d/BTCUSDT-1d-2023-01.zip,True
2023-01-26,23009.65,https://data.binance.vision/data/spot/monthly/klines/BTCUSDT/1d/BTCUSDT-1d-2023-01.zip,True
2023-01-27,23074.16,https://data.binance.vision/data/spot/monthly/klines/BTCUSDT/1d/BTCUSDT-1d-2023-01.zip,True
2023-01-28,23022.6,https://data.binance.vision/data/spot/monthly/klines/BTCUSDT/1d/BTCUSDT-1d-2023-01.zip,True
2023-01-29,23742.3,https://data.binance.vision/data/spot/monthly/klines/BTCUSDT/1d/BTCUSDT-1d-2023-01.zip,True
2023-01-30,22826.15,https://data.binance.vision/data/spot/monthly/klines/BTCUSDT/1d/BTCUSDT-1d-2023-01.zip,True
2023-01-31,23125.13,https://data.binance.vision/data/spot/monthly/klines/BTCUSDT/1d/BTCUSDT-1d-2023-01.zip,True
2023-02-01,23732.66,https://data.binance.vision/data/spot/monthly/klines/BTCUSDT/1d/BTCUSDT-1d-2023-02.zip,True
2023-02-02,23488.94,https://data.binance.vision/data/spot/monthly/klines/BTCUSDT/1d/BTCUSDT-1d-2023-02.zip,True
2023-02-03,23431.9,https://data.binance.vision/data/spot/monthly/klines/BTCUSDT/1d/BTCUSDT-1d-2023-02.zip,True
2023-02-04,23326.84,https://data.binance.vision/data/spot/monthly/klines/BTCUSDT/1d/BTCUSDT-1d-2023-02.zip,True
2023-02-05,22932.91,https://data.binance.vision/data/spot/monthly/klines/BTCUSDT/1d/BTCUSDT-1d-2023-02.zip,True
2023-02-06,22762.52,https://data.binance.vision/data/spot/monthly/klines/BTCUSDT/1d/BTCUSDT-1d-2023-02.zip,True
2023-02-07,23240.46,https://data.binance.vision/data/spot/monthly/klines/BTCUSDT/1d/BTCUSDT-1d-2023-02.zip,True
2023-02-08,22963.0,https://data.binance.vision/data/spot/monthly/klines/BTCUSDT/1d/BTCUSDT-1d-2023-02.zip,True
2023-02-09,21796.35,https://data.binance.vision/data/spot/monthly/klines/BTCUSDT/1d/BTCUSDT-1d-2023-02.zip,True
2023-02-10,21625.19,https://data.binance.vision/data/spot/monthly/klines/BTCUSDT/1d/BTCUSDT-1d-2023-02.zip,True
2023-02-11,21862.55,https://data.binance.vision/data/spot/monthly/klines/BTCUSDT/1d/BTCUSDT-1d-2023-02.zip,True
2023-02-12,21783.54,https://data.binance.vision/data/spot/monthly/klines/BTCUSDT/1d/BTCUSDT-1d-2023-02.zip,True
2023-02-13,21773.97,https://data.binance.vision/data/spot/monthly/klines/BTCUSDT/1d/BTCUSDT-1d-2023-02.zip,True
2023-02-14,22199.84,https://data.binance.vision/data/spot/monthly/klines/BTCUSDT/1d/BTCUSDT-1d-2023-02.zip,True
2023-02-15,24324.05,https://data.binance.vision/data/spot/monthly/klines/BTCUSDT/1d/BTCUSDT-1d-2023-02.zip,True
2023-02-16,23517.72,https://data.binance.vision/data/spot/monthly/klines/BTCUSDT/1d/BTCUSDT-1d-2023-02.zip,True
2023-02-17,24569.97,https://data.binance.vision/data/spot/monthly/klines/BTCUSDT/1d/BTCUSDT-1d-2023-02.zip,True
2023-02-18,24631.95,https://data.binance.vision/data/spot/monthly/klines/BTCUSDT/1d/BTCUSDT-1d-2023-02.zip,True
2023-02-19,24271.76,https://data.binance.vision/data/spot/monthly/klines/BTCUSDT/1d/BTCUSDT-1d-2023-02.zip,True
2023-02-20,24842.2,https://data.binance.vision/data/spot/monthly/klines/BTCUSDT/1d/BTCUSDT-1d-2023-02.zip,True
2023-02-21,24452.16,https://data.binance.vision/data/spot/monthly/klines/BTCUSDT/1d/BTCUSDT-1d-2023-02.zip,True
2023-02-22,24182.21,https://data.binance.vision/data/spot/monthly/klines/BTCUSDT/1d/BTCUSDT-1d-2023-02.zip,True
2023-02-23,23940.2,https://data.binance.vision/data/spot/monthly/klines/BTCUSDT/1d/BTCUSDT-1d-2023-02.zip,True
2023-02-24,23185.29,https://data.binance.vision/data/spot/monthly/klines/BTCUSDT/1d/BTCUSDT-1d-2023-02.zip,True
2023-02-25,23157.07,https://data.binance.vision/data/spot/monthly/klines/BTCUSDT/1d/BTCUSDT-1d-2023-02.zip,True
2023-02-26,23554.85,https://data.binance.vision/data/spot/monthly/klines/BTCUSDT/1d/BTCUSDT-1d-2023-02.zip,True
2023-02-27,23492.09,https://data.binance.vision/data/spot/monthly/klines/BTCUSDT/1d/BTCUSDT-1d-2023-02.zip,True
2023-02-28,23141.57,https://data.binance.vision/data/spot/monthly/klines/BTCUSDT/1d/BTCUSDT-1d-2023-02.zip,True
2023-03-01,23628.97,https://data.binance.vision/data/spot/monthly/klines/BTCUSDT/1d/BTCUSDT-1d-2023-03.zip,True
2023-03-02,23465.32,https://data.binance.vision/data/spot/monthly/klines/BTCUSDT/1d/BTCUSDT-1d-2023-03.zip,True
2023-03-03,22354.34,https://data.binance.vision/data/spot/monthly/klines/BTCUSDT/1d/BTCUSDT-1d-2023-03.zip,True
2023-03-04,22346.57,https://data.binance.vision/data/spot/monthly/klines/BTCUSDT/1d/BTCUSDT-1d-2023-03.zip,True
2023-03-05,22430.24,https://data.binance.vision/data/spot/monthly/klines/BTCUSDT/1d/BTCUSDT-1d-2023-03.zip,True
2023-03-06,22410.0,https://data.binance.vision/data/spot/monthly/klines/BTCUSDT/1d/BTCUSDT-1d-2023-03.zip,True
2023-03-07,22197.96,https://data.binance.vision/data/spot/monthly/klines/BTCUSDT/1d/BTCUSDT-1d-2023-03.zip,True
2023-03-08,21705.44,https://data.binance.vision/data/spot/monthly/klines/BTCUSDT/1d/BTCUSDT-1d-2023-03.zip,True
2023-03-09,20362.22,https://data.binance.vision/data/spot/monthly/klines/BTCUSDT/1d/BTCUSDT-1d-2023-03.zip,True
2023-03-10,20150.69,https://data.binance.vision/data/spot/monthly/klines/BTCUSDT/1d/BTCUSDT-1d-2023-03.zip,True
2023-03-11,20455.73,https://data.binance.vision/data/spot/monthly/klines/BTCUSDT/1d/BTCUSDT-1d-2023-03.zip,True
2023-03-12,21997.11,https://data.binance.vision/data/spot/monthly/klines/BTCUSDT/1d/BTCUSDT-1d-2023-03.zip,True
2023-03-13,24113.48,https://data.binance.vision/data/spot/monthly/klines/BTCUSDT/1d/BTCUSDT-1d-2023-03.zip,True
2023-03-14,24670.41,https://data.binance.vision/data/spot/monthly/klines/BTCUSDT/1d/BTCUSDT-1d-2023-03.zip,True
2023-03-15,24285.66,https://data.binance.vision/data/spot/monthly/klines/BTCUSDT/1d/BTCUSDT-1d-2023-03.zip,True
2023-03-16,24998.78,https://data.binance.vision/data/spot/monthly/klines/BTCUSDT/1d/BTCUSDT-1d-2023-03.zip,True
2023-03-17,27395.13,https://data.binance.vision/data/spot/monthly/klines/BTCUSDT/1d/BTCUSDT-1d-2023-03.zip,True
2023-03-18,26907.49,https://data.binance.vision/data/spot/monthly/klines/BTCUSDT/1d/BTCUSDT-1d-2023-03.zip,True
2023-03-19,27972.87,https://data.binance.vision/data/spot/monthly/klines/BTCUSDT/1d/BTCUSDT-1d-2023-03.zip,True
2023-03-20,27717.01,https://data.binance.vision/data/spot/monthly/klines/BTCUSDT/1d/BTCUSDT-1d-2023-03.zip,True
2023-03-21,28105.47,https://data.binance.vision/data/spot/monthly/klines/BTCUSDT/1d/BTCUSDT-1d-2023-03.zip,True
2023-03-22,27250.97,https://data.binance.vision/data/spot/monthly/klines/BTCUSDT/1d/BTCUSDT-1d-2023-03.zip,True
2023-03-23,28295.41,https://data.binance.vision/data/spot/monthly/klines/BTCUSDT/1d/BTCUSDT-1d-2023-03.zip,True
2023-03-24,27454.47,https://data.binance.vision/data/spot/monthly/klines/BTCUSDT/1d/BTCUSDT-1d-2023-03.zip,True
2023-03-25,27462.95,https://data.binance.vision/data/spot/monthly/klines/BTCUSDT/1d/BTCUSDT-1d-2023-03.zip,True
2023-03-26,27968.05,https://data.binance.vision/data/spot/monthly/klines/BTCUSDT/1d/BTCUSDT-1d-2023-03.zip,True
2023-03-27,27124.91,https://data.binance.vision/data/spot/monthly/klines/BTCUSDT/1d/BTCUSDT-1d-2023-03.zip,True
2023-03-28,27261.07,https://data.binance.vision/data/spot/monthly/klines/BTCUSDT/1d/BTCUSDT-1d-2023-03.zip,True
2023-03-29,28348.6,https://data.binance.vision/data/spot/monthly/klines/BTCUSDT/1d/BTCUSDT-1d-2023-03.zip,True
2023-03-30,28028.53,https://data.binance.vision/data/spot/monthly/klines/BTCUSDT/1d/BTCUSDT-1d-2023-03.zip,True
2023-03-31,28465.36,https://data.binance.vision/data/spot/monthly/klines/BTCUSDT/1d/BTCUSDT-1d-2023-03.zip,True
2023-04-01,28452.73,https://data.binance.vision/data/spot/monthly/klines/BTCUSDT/1d/BTCUSDT-1d-2023-04.zip,True
2023-04-02,28171.87,https://data.binance.vision/data/spot/monthly/klines/BTCUSDT/1d/BTCUSDT-1d-2023-04.zip,True
2023-04-03,27800.0,https://data.binance.vision/data/spot/monthly/klines/BTCUSDT/1d/BTCUSDT-1d-2023-04.zip,True
2023-04-04,28165.47,https://data.binance.vision/data/spot/monthly/klines/BTCUSDT/1d/BTCUSDT-1d-2023-04.zip,True
2023-04-05,28170.01,https://data.binance.vision/data/spot/monthly/klines/BTCUSDT/1d/BTCUSDT-1d-2023-04.zip,True
2023-04-06,28033.82,https://data.binance.vision/data/spot/monthly/klines/BTCUSDT/1d/BTCUSDT-1d-2023-04.zip,True
2023-04-07,27906.33,https://data.binance.vision/data/spot/monthly/klines/BTCUSDT/1d/BTCUSDT-1d-2023-04.zip,True
2023-04-08,27938.38,https://data.binance.vision/data/spot/monthly/klines/BTCUSDT/1d/BTCUSDT-1d-2023-04.zip,True
2023-04-09,28323.76,https://data.binance.vision/data/spot/monthly/klines/BTCUSDT/1d/BTCUSDT-1d-2023-04.zip,True
2023-04-10,29637.34,https://data.binance.vision/data/spot/monthly/klines/BTCUSDT/1d/BTCUSDT-1d-2023-04.zip,True
2023-04-11,30200.42,https://data.binance.vision/data/spot/monthly/klines/BTCUSDT/1d/BTCUSDT-1d-2023-04.zip,True
2023-04-12,29888.07,https://data.binance.vision/data/spot/monthly/klines/BTCUSDT/1d/BTCUSDT-1d-2023-04.zip,True
2023-04-13,30373.84,https://data.binance.vision/data/spot/monthly/klines/BTCUSDT/1d/BTCUSDT-1d-2023-04.zip,True
2023-04-14,30466.93,https://data.binance.vision/data/spot/monthly/klines/BTCUSDT/1d/BTCUSDT-1d-2023-04.zip,True
2023-04-15,30295.09,https://data.binance.vision/data/spot/monthly/klines/BTCUSDT/1d/BTCUSDT-1d-2023-04.zip,True
2023-04-16,30304.65,https://data.binance.vision/data/spot/monthly/klines/BTCUSDT/1d/BTCUSDT-1d-2023-04.zip,True
2023-04-17,29430.27,https://data.binance.vision/data/spot/monthly/klines/BTCUSDT/1d/BTCUSDT-1d-2023-04.zip,True
2023-04-18,30380.01,https://data.binance.vision/data/spot/monthly/klines/BTCUSDT/1d/BTCUSDT-1d-2023-04.zip,True
2023-04-19,28797.1,https://data.binance.vision/data/spot/monthly/klines/BTCUSDT/1d/BTCUSDT-1d-2023-04.zip,True
2023-04-20,28243.65,https://data.binance.vision/data/spot/monthly/klines/BTCUSDT/1d/BTCUSDT-1d-2023-04.zip,True
2023-04-21,27262.84,https://data.binance.vision/data/spot/monthly/klines/BTCUSDT/1d/BTCUSDT-1d-2023-04.zip,True
2023-04-22,27816.85,https://data.binance.vision/data/spot/monthly/klines/BTCUSDT/1d/BTCUSDT-1d-2023-04.zip,True
2023-04-23,27590.6,https://data.binance.vision/data/spot/monthly/klines/BTCUSDT/1d/BTCUSDT-1d-2023-04.zip,True
2023-04-24,27510.93,https://data.binance.vision/data/spot/monthly/klines/BTCUSDT/1d/BTCUSDT-1d-2023-04.zip,True
2023-04-25,28300.79,https://data.binance.vision/data/spot/monthly/klines/BTCUSDT/1d/BTCUSDT-1d-2023-04.zip,True
2023-04-26,28415.29,https://data.binance.vision/data/spot/monthly/klines/BTCUSDT/1d/BTCUSDT-1d-2023-04.zip,True
2023-04-27,29472.77,https://data.binance.vision/data/spot/monthly/klines/BTCUSDT/1d/BTCUSDT-1d-2023-04.zip,True
2023-04-28,29311.7,https://data.binance.vision/data/spot/monthly/klines/BTCUSDT/1d/BTCUSDT-1d-2023-04.zip,True
2023-04-29,29230.45,https://data.binance.vision/data/spot/monthly/klines/BTCUSDT/1d/BTCUSDT-1d-2023-04.zip,True
2023-04-30,29233.21,https://data.binance.vision/data/spot/monthly/klines/BTCUSDT/1d/BTCUSDT-1d-2023-04.zip,True
2023-05-01,28068.26,https://data.binance.vision/data/spot/monthly/klines/BTCUSDT/1d/BTCUSDT-1d-2023-05.zip,True
2023-05-02,28669.86,https://data.binance.vision/data/spot/monthly/klines/BTCUSDT/1d/BTCUSDT-1d-2023-05.zip,True
2023-05-03,29026.16,https://data.binance.vision/data/spot/monthly/klines/BTCUSDT/1d/BTCUSDT-1d-2023-05.zip,True
2023-05-04,28838.16,https://data.binance.vision/data/spot/monthly/klines/BTCUSDT/1d/BTCUSDT-1d-2023-05.zip,True
2023-05-05,29505.61,https://data.binance.vision/data/spot/monthly/klines/BTCUSDT/1d/BTCUSDT-1d-2023-05.zip,True
2023-05-06,28848.2,https://data.binance.vision/data/spot/monthly/klines/BTCUSDT/1d/BTCUSDT-1d-2023-05.zip,True
2023-05-07,28430.1,https://data.binance.vision/data/spot/monthly/klines/BTCUSDT/1d/BTCUSDT-1d-2023-05.zip,True
2023-05-08,27668.79,https://data.binance.vision/data/spot/monthly/klines/BTCUSDT/1d/BTCUSDT-1d-2023-05.zip,True
2023-05-09,27628.27,https://data.binance.vision/data/spot/monthly/klines/BTCUSDT/1d/BTCUSDT-1d-2023-05.zip,True
2023-05-10,27598.75,https://data.binance.vision/data/spot/monthly/klines/BTCUSDT/1d/BTCUSDT-1d-2023-05.zip,True
2023-05-11,26968.62,https://data.binance.vision/data/spot/monthly/klines/BTCUSDT/1d/BTCUSDT-1d-2023-05.zip,True
2023-05-12,26795.01,https://data.binance.vision/data/spot/monthly/klines/BTCUSDT/1d/BTCUSDT-1d-2023-05.zip,True
2023-05-13,26775.28,https://data.binance.vision/data/spot/monthly/klines/BTCUSDT/1d/BTCUSDT-1d-2023-05.zip,True
2023-05-14,26917.62,https://data.binance.vision/data/spot/monthly/klines/BTCUSDT/1d/BTCUSDT-1d-2023-05.zip,True
2023-05-15,27162.14,https://data.binance.vision/data/spot/monthly/klines/BTCUSDT/1d/BTCUSDT-1d-2023-05.zip,True
2023-05-16,27033.84,https://data.binance.vision/data/spot/monthly/klines/BTCUSDT/1d/BTCUSDT-1d-2023-05.zip,True
2023-05-17,27405.61,https://data.binance.vision/data/spot/monthly/klines/BTCUSDT/1d/BTCUSDT-1d-2023-05.zip,True
2023-05-18,26821.28,https://data.binance.vision/data/spot/monthly/klines/BTCUSDT/1d/BTCUSDT-1d-2023-05.zip,True
2023-05-19,26880.26,https://data.binance.vision/data/spot/monthly/klines/BTCUSDT/1d/BTCUSDT-1d-2023-05.zip,True
2023-05-20,27102.43,https://data.binance.vision/data/spot/monthly/klines/BTCUSDT/1d/BTCUSDT-1d-2023-05.zip,True
2023-05-21,26747.78,https://data.binance.vision/data/spot/monthly/klines/BTCUSDT/1d/BTCUSDT-1d-2023-05.zip,True
2023-05-22,26849.27,https://data.binance.vision/data/spot/monthly/klines/BTCUSDT/1d/BTCUSDT-1d-2023-05.zip,True
2023-05-23,27219.61,https://data.binance.vision/data/spot/monthly/klines/BTCUSDT/1d/BTCUSDT-1d-2023-05.zip,True
2023-05-24,26329.01,https://data.binance.vision/data/spot/monthly/klines/BTCUSDT/1d/BTCUSDT-1d-2023-05.zip,True
2023-05-25,26473.79,https://data.binance.vision/data/spot/monthly/klines/BTCUSDT/1d/BTCUSDT-1d-2023-05.zip,True
2023-05-26,26705.92,https://data.binance.vision/data/spot/monthly/klines/BTCUSDT/1d/BTCUSDT-1d-2023-05.zip,True
2023-05-27,26854.27,https://data.binance.vision/data/spot/monthly/klines/BTCUSDT/1d/BTCUSDT-1d-2023-05.zip,True
2023-05-28,28065.0,https://data.binance.vision/data/spot/monthly/klines/BTCUSDT/1d/BTCUSDT-1d-2023-05.zip,True
2023-05-29,27736.4,https://data.binance.vision/data/spot/monthly/klines/BTCUSDT/1d/BTCUSDT-1d-2023-05.zip,True
2023-05-30,27694.4,https://data.binance.vision/data/spot/monthly/klines/BTCUSDT/1d/BTCUSDT-1d-2023-05.zip,True
2023-05-31,27210.35,https://data.binance.vision/data/spot/monthly/klines/BTCUSDT/1d/BTCUSDT-1d-2023-05.zip,True
2023-06-01,26817.93,https://data.binance.vision/data/spot/monthly/klines/BTCUSDT/1d/BTCUSDT-1d-2023-06.zip,True
2023-06-02,27242.59,https://data.binance.vision/data/spot/monthly/klines/BTCUSDT/1d/BTCUSDT-1d-2023-06.zip,True
2023-06-03,27069.22,https://data.binance.vision/data/spot/monthly/klines/BTCUSDT/1d/BTCUSDT-1d-2023-06.zip,True
2023-06-04,27115.21,https://data.binance.vision/data/spot/monthly/klines/BTCUSDT/1d/BTCUSDT-1d-2023-06.zip,True
2023-06-05,25728.2,https://data.binance.vision/data/spot/monthly/klines/BTCUSDT/1d/BTCUSDT-1d-2023-06.zip,True
2023-06-06,27230.08,https://data.binance.vision/data/spot/monthly/klines/BTCUSDT/1d/BTCUSDT-1d-2023-06.zip,True
2023-06-07,26339.34,https://data.binance.vision/data/spot/monthly/klines/BTCUSDT/1d/BTCUSDT-1d-2023-06.zip,True
2023-06-08,26498.61,https://data.binance.vision/data/spot/monthly/klines/BTCUSDT/1d/BTCUSDT-1d-2023-06.zip,True
2023-06-09,26477.81,https://data.binance.vision/data/spot/monthly/klines/BTCUSDT/1d/BTCUSDT-1d-2023-06.zip,True
2023-06-10,25841.21,https://data.binance.vision/data/spot/monthly/klines/BTCUSDT/1d/BTCUSDT-1d-2023-06.zip,True
2023-06-11,25925.55,https://data.binance.vision/data/spot/monthly/klines/BTCUSDT/1d/BTCUSDT-1d-2023-06.zip,True
2023-06-12,25905.19,https://data.binance.vision/data/spot/monthly/klines/BTCUSDT/1d/BTCUSDT-1d-2023-06.zip,True
2023-06-13,25934.25,https://data.binance.vision/data/spot/monthly/klines/BTCUSDT/1d/BTCUSDT-1d-2023-06.zip,True
2023-06-14,25128.6,https://data.binance.vision/data/spot/monthly/klines/BTCUSDT/1d/BTCUSDT-1d-2023-06.zip,True
2023-06-15,25598.49,https://data.binance.vision/data/spot/monthly/klines/BTCUSDT/1d/BTCUSDT-1d-2023-06.zip,True
2023-06-16,26345.0,https://data.binance.vision/data/spot/monthly/klines/BTCUSDT/1d/BTCUSDT-1d-2023-06.zip,True
2023-06-17,26516.99,https://data.binance.vision/data/spot/monthly/klines/BTCUSDT/1d/BTCUSDT-1d-2023-06.zip,True
2023-06-18,26339.97,https://data.binance.vision/data/spot/monthly/klines/BTCUSDT/1d/BTCUSDT-1d-2023-06.zip,True
2023-06-19,26844.35,https://data.binance.vision/data/spot/monthly/klines/BTCUSDT/1d/BTCUSDT-1d-2023-06.zip,True
2023-06-20,28307.99,https://data.binance.vision/data/spot/monthly/klines/BTCUSDT/1d/BTCUSDT-1d-2023-06.zip,True
2023-06-21,29993.89,https://data.binance.vision/data/spot/monthly/klines/BTCUSDT/1d/BTCUSDT-1d-2023-06.zip,True
2023-06-22,29884.92,https://data.binance.vision/data/spot/monthly/klines/BTCUSDT/1d/BTCUSDT-1d-2023-06.zip,True
2023-06-23,30688.5,https://data.binance.vision/data/spot/monthly/klines/BTCUSDT/1d/BTCUSDT-1d-2023-06.zip,True
2023-06-24,30527.43,https://data.binance.vision/data/spot/monthly/klines/BTCUSDT/1d/BTCUSDT-1d-2023-06.zip,True
2023-06-25,30462.66,https://data.binance.vision/data/spot/monthly/klines/BTCUSDT/1d/BTCUSDT-1d-2023-06.zip,True
2023-06-26,30267.99,https://data.binance.vision/data/spot/monthly/klines/BTCUSDT/1d/BTCUSDT-1d-2023-06.zip,True
2023-06-27,30692.44,https://data.binance.vision/data/spot/monthly/klines/BTCUSDT/1d/BTCUSDT-1d-2023-06.zip,True
2023-06-28,30077.41,https://data.binance.vision/data/spot/monthly/klines/BTCUSDT/1d/BTCUSDT-1d-2023-06.zip,True
2023-06-29,30447.31,https://data.binance.vision/data/spot/monthly/klines/BTCUSDT/1d/BTCUSDT-1d-2023-06.zip,True
2023-06-30,30472.0,https://data.binance.vision/data/spot/monthly/klines/BTCUSDT/1d/BTCUSDT-1d-2023-06.zip,True
2023-07-01,30585.9,https://data.binance.vision/data/spot/monthly/klines/BTCUSDT/1d/BTCUSDT-1d-2023-07.zip,True
2023-07-02,30617.03,https://data.binance.vision/data/spot/monthly/klines/BTCUSDT/1d/BTCUSDT-1d-2023-07.zip,True
2023-07-03,31156.2,https://data.binance.vision/data/spot/monthly/klines/BTCUSDT/1d/BTCUSDT-1d-2023-07.zip,True
2023-07-04,30766.51,https://data.binance.vision/data/spot/monthly/klines/BTCUSDT/1d/BTCUSDT-1d-2023-07.zip,True
2023-07-05,30504.81,https://data.binance.vision/data/spot/monthly/klines/BTCUSDT/1d/BTCUSDT-1d-2023-07.zip,True
2023-07-06,29895.43,https://data.binance.vision/data/spot/monthly/klines/BTCUSDT/1d/BTCUSDT-1d-2023-07.zip,True
2023-07-07,30344.7,https://data.binance.vision/data/spot/monthly/klines/BTCUSDT/1d/BTCUSDT-1d-2023-07.zip,True
2023-07-08,30284.63,https://data.binance.vision/data/spot/monthly/klines/BTCUSDT/1d/BTCUSDT-1d-2023-07.zip,True
2023-07-09,30160.71,https://data.binance.vision/data/spot/monthly/klines/BTCUSDT/1d/BTCUSDT-1d-2023-07.zip,True
2023-07-10,30411.57,https://data.binance.vision/data/spot/monthly/klines/BTCUSDT/1d/BTCUSDT-1d-2023-07.zip,True
2023-07-11,30622.1,https://data.binance.vision/data/spot/monthly/klines/BTCUSDT/1d/BTCUSDT-1d-2023-07.zip,True
2023-07-12,30380.0,https://data.binance.vision/data/spot/monthly/klines/BTCUSDT/1d/BTCUSDT-1d-2023-07.zip,True
2023-07-13,31454.23,https://data.binance.vision/data/spot/monthly/klines/BTCUSDT/1d/BTCUSDT-1d-2023-07.zip,True
2023-07-14,30312.01,https://data.binance.vision/data/spot/monthly/klines/BTCUSDT/1d/BTCUSDT-1d-2023-07.zip,True
2023-07-15,30289.52,https://data.binance.vision/data/spot/monthly/klines/BTCUSDT/1d/BTCUSDT-1d-2023-07.zip,True
2023-07-16,30231.99,https://data.binance.vision/data/spot/monthly/klines/BTCUSDT/1d/BTCUSDT-1d-2023-07.zip,True
2023-07-17,30138.0,https://data.binance.vision/data/spot/monthly/klines/BTCUSDT/1d/BTCUSDT-1d-2023-07.zip,True
2023-07-18,29859.13,https://data.binance.vision/data/spot/monthly/klines/BTCUSDT/1d/BTCUSDT-1d-2023-07.zip,True
2023-07-19,29909.21,https://data.binance.vision/data/spot/monthly/klines/BTCUSDT/1d/BTCUSDT-1d-2023-07.zip,True
2023-07-20,29800.0,https://data.binance.vision/data/spot/monthly/klines/BTCUSDT/1d/BTCUSDT-1d-2023-07.zip,True
2023-07-21,29901.72,https://data.binance.vision/data/spot/monthly/klines/BTCUSDT/1d/BTCUSDT-1d-2023-07.zip,True
2023-07-22,29794.0,https://data.binance.vision/data/spot/monthly/klines/BTCUSDT/1d/BTCUSDT-1d-2023-07.zip,True
2023-07-23,30083.75,https://data.binance.vision/data/spot/monthly/klines/BTCUSDT/1d/BTCUSDT-1d-2023-07.zip,True
2023-07-24,29176.5,https://data.binance.vision/data/spot/monthly/klines/BTCUSDT/1d/BTCUSDT-1d-2023-07.zip,True
2023-07-25,29228.91,https://data.binance.vision/data/spot/monthly/klines/BTCUSDT/1d/BTCUSDT-1d-2023-07.zip,True
2023-07-26,29351.96,https://data.binance.vision/data/spot/monthly/klines/BTCUSDT/1d/BTCUSDT-1d-2023-07.zip,True
2023-07-27,29222.78,https://data.binance.vision/data/spot/monthly/klines/BTCUSDT/1d/BTCUSDT-1d-2023-07.zip,True
2023-07-28,29314.14,https://data.binance.vision/data/spot/monthly/klines/BTCUSDT/1d/BTCUSDT-1d-2023-07.zip,True
2023-07-29,29352.9,https://data.binance.vision/data/spot/monthly/klines/BTCUSDT/1d/BTCUSDT-1d-2023-07.zip,True
2023-07-30,29281.09,https://data.binance.vision/data/spot/monthly/klines/BTCUSDT/1d/BTCUSDT-1d-2023-07.zip,True
2023-07-31,29232.25,https://data.binance.vision/data/spot/monthly/klines/BTCUSDT/1d/BTCUSDT-1d-2023-07.zip,True
2023-08-01,29705.99,https://data.binance.vision/data/spot/monthly/klines/BTCUSDT/1d/BTCUSDT-1d-2023-08.zip,True
2023-08-02,29186.01,https://data.binance.vision/data/spot/monthly/klines/BTCUSDT/1d/BTCUSDT-1d-2023-08.zip,True
2023-08-03,29193.64,https://data.binance.vision/data/spot/monthly/klines/BTCUSDT/1d/BTCUSDT-1d-2023-08.zip,True
2023-08-04,29113.99,https://data.binance.vision/data/spot/monthly/klines/BTCUSDT/1d/BTCUSDT-1d-2023-08.zip,True
2023-08-05,29072.13,https://data.binance.vision/data/spot/monthly/klines/BTCUSDT/1d/BTCUSDT-1d-2023-08.zip,True
2023-08-06,29088.42,https://data.binance.vision/data/spot/monthly/klines/BTCUSDT/1d/BTCUSDT-1d-2023-08.zip,True
2023-08-07,29211.06,https://data.binance.vision/data/spot/monthly/klines/BTCUSDT/1d/BTCUSDT-1d-2023-08.zip,True
2023-08-08,29770.42,https://data.binance.vision/data/spot/monthly/klines/BTCUSDT/1d/BTCUSDT-1d-2023-08.zip,True
2023-08-09,29581.99,https://data.binance.vision/data/spot/monthly/klines/BTCUSDT/1d/BTCUSDT-1d-2023-08.zip,True
2023-08-10,29455.75,https://data.binance.vision/data/spot/monthly/klines/BTCUSDT/1d/BTCUSDT-1d-2023-08.zip,True
2023-08-11,29426.03,https://data.binance.vision/data/spot/monthly/klines/BTCUSDT/1d/BTCUSDT-1d-2023-08.zip,True
2023-08-12,29430.17,https://data.binance.vision/data/spot/monthly/klines/BTCUSDT/1d/BTCUSDT-1d-2023-08.zip,True
2023-08-13,29303.84,https://data.binance.vision/data/spot/monthly/klines/BTCUSDT/1d/BTCUSDT-1d-2023-08.zip,True
2023-08-14,29430.93,https://data.binance.vision/data/spot/monthly/klines/BTCUSDT/1d/BTCUSDT-1d-2023-08.zip,True
2023-08-15,29200.0,https://data.binance.vision/data/spot/monthly/klines/BTCUSDT/1d/BTCUSDT-1d-2023-08.zip,True
2023-08-16,28730.51,https://data.binance.vision/data/spot/monthly/klines/BTCUSDT/1d/BTCUSDT-1d-2023-08.zip,True
2023-08-17,26623.41,https://data.binance.vision/data/spot/monthly/klines/BTCUSDT/1d/BTCUSDT-1d-2023-08.zip,True
2023-08-18,26054.0,https://data.binance.vision/data/spot/monthly/klines/BTCUSDT/1d/BTCUSDT-1d-2023-08.zip,True
2023-08-19,26100.01,https://data.binance.vision/data/spot/monthly/klines/BTCUSDT/1d/BTCUSDT-1d-2023-08.zip,True
2023-08-20,26189.99,https://data.binance.vision/data/spot/monthly/klines/BTCUSDT/1d/BTCUSDT-1d-2023-08.zip,True
2023-08-21,26126.92,https://data.binance.vision/data/spot/monthly/klines/BTCUSDT/1d/BTCUSDT-1d-2023-08.zip,True
2023-08-22,26056.0,https://data.binance.vision/data/spot/monthly/klines/BTCUSDT/1d/BTCUSDT-1d-2023-08.zip,True
2023-08-23,26432.72,https://data.binance.vision/data/spot/monthly/klines/BTCUSDT/1d/BTCUSDT-1d-2023-08.zip,True
2023-08-24,26180.05,https://data.binance.vision/data/spot/monthly/klines/BTCUSDT/1d/BTCUSDT-1d-2023-08.zip,True
2023-08-25,26060.01,https://data.binance.vision/data/spot/monthly/klines/BTCUSDT/1d/BTCUSDT-1d-2023-08.zip,True
2023-08-26,26017.37,https://data.binance.vision/data/spot/monthly/klines/BTCUSDT/1d/BTCUSDT-1d-2023-08.zip,True
2023-08-27,26101.77,https://data.binance.vision/data/spot/monthly/klines/BTCUSDT/1d/BTCUSDT-1d-2023-08.zip,True
2023-08-28,26120.0,https://data.binance.vision/data/spot/monthly/klines/BTCUSDT/1d/BTCUSDT-1d-2023-08.zip,True
2023-08-29,27716.34,https://data.binance.vision/data/spot/monthly/klines/BTCUSDT/1d/BTCUSDT-1d-2023-08.zip,True
2023-08-30,27299.99,https://data.binance.vision/data/spot/monthly/klines/BTCUSDT/1d/BTCUSDT-1d-2023-08.zip,True
2023-08-31,25940.78,https://data.binance.vision/data/spot/monthly/klines/BTCUSDT/1d/BTCUSDT-1d-2023-08.zip,True
2023-09-01,25805.05,https://data.binance.vision/data/spot/monthly/klines/BTCUSDT/1d/BTCUSDT-1d-2023-09.zip,True
2023-09-02,25869.51,https://data.binance.vision/data/spot/monthly/klines/BTCUSDT/1d/BTCUSDT-1d-2023-09.zip,True
2023-09-03,25971.21,https://data.binance.vision/data/spot/monthly/klines/BTCUSDT/1d/BTCUSDT-1d-2023-09.zip,True
2023-09-04,25826.02,https://data.binance.vision/data/spot/monthly/klines/BTCUSDT/1d/BTCUSDT-1d-2023-09.zip,True
2023-09-05,25792.1,https://data.binance.vision/data/spot/monthly/klines/BTCUSDT/1d/BTCUSDT-1d-2023-09.zip,True
2023-09-06,25759.95,https://data.binance.vision/data/spot/monthly/klines/BTCUSDT/1d/BTCUSDT-1d-2023-09.zip,True
2023-09-07,26255.0,https://data.binance.vision/data/spot/monthly/klines/BTCUSDT/1d/BTCUSDT-1d-2023-09.zip,True
2023-09-08,25910.5,https://data.binance.vision/data/spot/monthly/klines/BTCUSDT/1d/BTCUSDT-1d-2023-09.zip,True
2023-09-09,25901.61,https://data.binance.vision/data/spot/monthly/klines/BTCUSDT/1d/BTCUSDT-1d-2023-09.zip,True
2023-09-10,25841.61,https://data.binance.vision/data/spot/monthly/klines/BTCUSDT/1d/BTCUSDT-1d-2023-09.zip,True
2023-09-11,25162.52,https://data.binance.vision/data/spot/monthly/klines/BTCUSDT/1d/BTCUSDT-1d-2023-09.zip,True
2023-09-12,25840.1,https://data.binance.vision/data/spot/monthly/klines/BTCUSDT/1d/BTCUSDT-1d-2023-09.zip,True
2023-09-13,26222.0,https://data.binance.vision/data/spot/monthly/klines/BTCUSDT/1d/BTCUSDT-1d-2023-09.zip,True
2023-09-14,26522.73,https://data.binance.vision/data/spot/monthly/klines/BTCUSDT/1d/BTCUSDT-1d-2023-09.zip,True
2023-09-15,26600.0,https://data.binance.vision/data/spot/monthly/klines/BTCUSDT/1d/BTCUSDT-1d-2023-09.zip,True
2023-09-16,26559.67,https://data.binance.vision/data/spot/monthly/klines/BTCUSDT/1d/BTCUSDT-1d-2023-09.zip,True
2023-09-17,26527.51,https://data.binance.vision/data/spot/monthly/klines/BTCUSDT/1d/BTCUSDT-1d-2023-09.zip,True
2023-09-18,26762.51,https://data.binance.vision/data/spot/monthly/klines/BTCUSDT/1d/BTCUSDT-1d-2023-09.zip,True
2023-09-19,27210.26,https://data.binance.vision/data/spot/monthly/klines/BTCUSDT/1d/BTCUSDT-1d-2023-09.zip,True
2023-09-20,27125.0,https://data.binance.vision/data/spot/monthly/klines/BTCUSDT/1d/BTCUSDT-1d-2023-09.zip,True
2023-09-21,26568.08,https://data.binance.vision/data/spot/monthly/klines/BTCUSDT/1d/BTCUSDT-1d-2023-09.zip,True
2023-09-22,26580.14,https://data.binance.vision/data/spot/monthly/klines/BTCUSDT/1d/BTCUSDT-1d-2023-09.zip,True
2023-09-23,26575.96,https://data.binance.vision/data/spot/monthly/klines/BTCUSDT/1d/BTCUSDT-1d-2023-09.zip,True
2023-09-24,26248.38,https://data.binance.vision/data/spot/monthly/klines/BTCUSDT/1d/BTCUSDT-1d-2023-09.zip,True
2023-09-25,26304.81,https://data.binance.vision/data/spot/monthly/klines/BTCUSDT/1d/BTCUSDT-1d-2023-09.zip,True
2023-09-26,26221.67,https://data.binance.vision/data/spot/monthly/klines/BTCUSDT/1d/BTCUSDT-1d-2023-09.zip,True
2023-09-27,26372.99,https://data.binance.vision/data/spot/monthly/klines/BTCUSDT/1d/BTCUSDT-1d-2023-09.zip,True
2023-09-28,27021.39,https://data.binance.vision/data/spot/monthly/klines/BTCUSDT/1d/BTCUSDT-1d-2023-09.zip,True
2023-09-29,26906.96,https://data.binance.vision/data/spot/monthly/klines/BTCUSDT/1d/BTCUSDT-1d-2023-09.zip,True
2023-09-30,26962.56,https://data.binance.vision/data/spot/monthly/klines/BTCUSDT/1d/BTCUSDT-1d-2023-09.zip,True
2023-10-01,27992.57,https://data.binance.vision/data/spot/monthly/klines/BTCUSDT/1d/BTCUSDT-1d-2023-10.zip,True
2023-10-02,27494.51,https://data.binance.vision/data/spot/monthly/klines/BTCUSDT/1d/BTCUSDT-1d-2023-10.zip,True
2023-10-03,27426.46,https://data.binance.vision/data/spot/monthly/klines/BTCUSDT/1d/BTCUSDT-1d-2023-10.zip,True
2023-10-04,27778.57,https://data.binance.vision/data/spot/monthly/klines/BTCUSDT/1d/BTCUSDT-1d-2023-10.zip,True
2023-10-05,27410.39,https://data.binance.vision/data/spot/monthly/klines/BTCUSDT/1d/BTCUSDT-1d-2023-10.zip,True
2023-10-06,27931.09,https://data.binance.vision/data/spot/monthly/klines/BTCUSDT/1d/BTCUSDT-1d-2023-10.zip,True
2023-10-07,27956.67,https://data.binance.vision/data/spot/monthly/klines/BTCUSDT/1d/BTCUSDT-1d-2023-10.zip,True
2023-10-08,27917.05,https://data.binance.vision/data/spot/monthly/klines/BTCUSDT/1d/BTCUSDT-1d-2023-10.zip,True
2023-10-09,27590.12,https://data.binance.vision/data/spot/monthly/klines/BTCUSDT/1d/BTCUSDT-1d-2023-10.zip,True
2023-10-10,27390.12,https://data.binance.vision/data/spot/monthly/klines/BTCUSDT/1d/BTCUSDT-1d-2023-10.zip,True
2023-10-11,26875.52,https://data.binance.vision/data/spot/monthly/klines/BTCUSDT/1d/BTCUSDT-1d-2023-10.zip,True
2023-10-12,26759.63,https://data.binance.vision/data/spot/monthly/klines/BTCUSDT/1d/BTCUSDT-1d-2023-10.zip,True
2023-10-13,26862.0,https://data.binance.vision/data/spot/monthly/klines/BTCUSDT/1d/BTCUSDT-1d-2023-10.zip,True
2023-10-14,26852.48,https://data.binance.vision/data/spot/monthly/klines/BTCUSDT/1d/BTCUSDT-1d-2023-10.zip,True
2023-10-15,27154.15,https://data.binance.vision/data/spot/monthly/klines/BTCUSDT/1d/BTCUSDT-1d-2023-10.zip,True
2023-10-16,28500.78,https://data.binance.vision/data/spot/monthly/klines/BTCUSDT/1d/BTCUSDT-1d-2023-10.zip,True
2023-10-17,28395.91,https://data.binance.vision/data/spot/monthly/klines/BTCUSDT/1d/BTCUSDT-1d-2023-10.zip,True
2023-10-18,28320.0,https://data.binance.vision/data/spot/monthly/klines/BTCUSDT/1d/BTCUSDT-1d-2023-10.zip,True
2023-10-19,28713.71,https://data.binance.vision/data/spot/monthly/klines/BTCUSDT/1d/BTCUSDT-1d-2023-10.zip,True
2023-10-20,29669.04,https://data.binance.vision/data/spot/monthly/klines/BTCUSDT/1d/BTCUSDT-1d-2023-10.zip,True
2023-10-21,29909.8,https://data.binance.vision/data/spot/monthly/klines/BTCUSDT/1d/BTCUSDT-1d-2023-10.zip,True
2023-10-22,29992.46,https://data.binance.vision/data/spot/monthly/klines/BTCUSDT/1d/BTCUSDT-1d-2023-10.zip,True
2023-10-23,33069.99,https://data.binance.vision/data/spot/monthly/klines/BTCUSDT/1d/BTCUSDT-1d-2023-10.zip,True
2023-10-24,33922.73,https://data.binance.vision/data/spot/monthly/klines/BTCUSDT/1d/BTCUSDT-1d-2023-10.zip,True
2023-10-25,34496.05,https://data.binance.vision/data/spot/monthly/klines/BTCUSDT/1d/BTCUSDT-1d-2023-10.zip,True
2023-10-26,34151.66,https://data.binance.vision/data/spot/monthly/klines/BTCUSDT/1d/BTCUSDT-1d-2023-10.zip,True
2023-10-27,33892.02,https://data.binance.vision/data/spot/monthly/klines/BTCUSDT/1d/BTCUSDT-1d-2023-10.zip,True
2023-10-28,34081.0,https://data.binance.vision/data/spot/monthly/klines/BTCUSDT/1d/BTCUSDT-1d-2023-10.zip,True
2023-10-29,34525.89,https://data.binance.vision/data/spot/monthly/klines/BTCUSDT/1d/BTCUSDT-1d-2023-10.zip,True
2023-10-30,34474.73,https://data.binance.vision/data/spot/monthly/klines/BTCUSDT/1d/BTCUSDT-1d-2023-10.zip,True
2023-10-31,34639.77,https://data.binance.vision/data/spot/monthly/klines/BTCUSDT/1d/BTCUSDT-1d-2023-10.zip,True
2023-11-01,35421.43,https://data.binance.vision/data/spot/monthly/klines/BTCUSDT/1d/BTCUSDT-1d-2023-11.zip,True
2023-11-02,34941.59,https://data.binance.vision/data/spot/monthly/klines/BTCUSDT/1d/BTCUSDT-1d-2023-11.zip,True
2023-11-03,34716.78,https://data.binance.vision/data/spot/monthly/klines/BTCUSDT/1d/BTCUSDT-1d-2023-11.zip,True
2023-11-04,35062.07,https://data.binance.vision/data/spot/monthly/klines/BTCUSDT/1d/BTCUSDT-1d-2023-11.zip,True
2023-11-05,35011.88,https://data.binance.vision/data/spot/monthly/klines/BTCUSDT/1d/BTCUSDT-1d-2023-11.zip,True
2023-11-06,35046.09,https://data.binance.vision/data/spot/monthly/klines/BTCUSDT/1d/BTCUSDT-1d-2023-11.zip,True
2023-11-07,35399.12,https://data.binance.vision/data/spot/monthly/klines/BTCUSDT/1d/BTCUSDT-1d-2023-11.zip,True
2023-11-08,35624.72,https://data.binance.vision/data/spot/monthly/klines/BTCUSDT/1d/BTCUSDT-1d-2023-11.zip,True
2023-11-09,36701.09,https://data.binance.vision/data/spot/monthly/klines/BTCUSDT/1d/BTCUSDT-1d-2023-11.zip,True
2023-11-10,37301.63,https://data.binance.vision/data/spot/monthly/klines/BTCUSDT/1d/BTCUSDT-1d-2023-11.zip,True
2023-11-11,37130.0,https://data.binance.vision/data/spot/monthly/klines/BTCUSDT/1d/BTCUSDT-1d-2023-11.zip,True
2023-11-12,37064.13,https://data.binance.vision/data/spot/monthly/klines/BTCUSDT/1d/BTCUSDT-1d-2023-11.zip,True
2023-11-13,36462.93,https://data.binance.vision/data/spot/monthly/klines/BTCUSDT/1d/BTCUSDT-1d-2023-11.zip,True
2023-11-14,35551.19,https://data.binance.vision/data/spot/monthly/klines/BTCUSDT/1d/BTCUSDT-1d-2023-11.zip,True
2023-11-15,37858.2,https://data.binance.vision/data/spot/monthly/klines/BTCUSDT/1d/BTCUSDT-1d-2023-11.zip,True
2023-11-16,36163.51,https://data.binance.vision/data/spot/monthly/klines/BTCUSDT/1d/BTCUSDT-1d-2023-11.zip,True
2023-11-17,36613.92,https://data.binance.vision/data/spot/monthly/klines/BTCUSDT/1d/BTCUSDT-1d-2023-11.zip,True
2023-11-18,36568.1,https://data.binance.vision/data/spot/monthly/klines/BTCUSDT/1d/BTCUSDT-1d-2023-11.zip,True
2023-11-19,37359.86,https://data.binance.vision/data/spot/monthly/klines/BTCUSDT/1d/BTCUSDT-1d-2023-11.zip,True
2023-11-20,37448.78,https://data.binance.vision/data/spot/monthly/klines/BTCUSDT/1d/BTCUSDT-1d-2023-11.zip,True
2023-11-21,35741.65,https://data.binance.vision/data/spot/monthly/klines/BTCUSDT/1d/BTCUSDT-1d-2023-11.zip,True
2023-11-22,37408.34,https://data.binance.vision/data/spot/monthly/klines/BTCUSDT/1d/BTCUSDT-1d-2023-11.zip,True
2023-11-23,37294.28,https://data.binance.vision/data/spot/monthly/klines/BTCUSDT/1d/BTCUSDT-1d-2023-11.zip,True
2023-11-24,37713.57,https://data.binance.vision/data/spot/monthly/klines/BTCUSDT/1d/BTCUSDT-1d-2023-11.zip,True
2023-11-25,37780.67,https://data.binance.vision/data/spot/monthly/klines/BTCUSDT/1d/BTCUSDT-1d-2023-11.zip,True
2023-11-26,37447.43,https://data.binance.vision/data/spot/monthly/klines/BTCUSDT/1d/BTCUSDT-1d-2023-11.zip,True
2023-11-27,37242.7,https://data.binance.vision/data/spot/monthly/klines/BTCUSDT/1d/BTCUSDT-1d-2023-11.zip,True
2023-11-28,37818.87,https://data.binance.vision/data/spot/monthly/klines/BTCUSDT/1d/BTCUSDT-1d-2023-11.zip,True
2023-11-29,37854.64,https://data.binance.vision/data/spot/monthly/klines/BTCUSDT/1d/BTCUSDT-1d-2023-11.zip,True
2023-11-30,37723.96,https://data.binance.vision/data/spot/monthly/klines/BTCUSDT/1d/BTCUSDT-1d-2023-11.zip,True
2023-12-01,38682.52,https://data.binance.vision/data/spot/monthly/klines/BTCUSDT/1d/BTCUSDT-1d-2023-12.zip,True
2023-12-02,39450.35,https://data.binance.vision/data/spot/monthly/klines/BTCUSDT/1d/BTCUSDT-1d-2023-12.zip,True
2023-12-03,39972.26,https://data.binance.vision/data/spot/monthly/klines/BTCUSDT/1d/BTCUSDT-1d-2023-12.zip,True
2023-12-04,41991.1,https://data.binance.vision/data/spot/monthly/klines/BTCUSDT/1d/BTCUSDT-1d-2023-12.zip,True
2023-12-05,44073.32,https://data.binance.vision/data/spot/monthly/klines/BTCUSDT/1d/BTCUSDT-1d-2023-12.zip,True
2023-12-06,43762.69,https://data.binance.vision/data/spot/monthly/klines/BTCUSDT/1d/BTCUSDT-1d-2023-12.zip,True
2023-12-07,43273.14,https://data.binance.vision/data/spot/monthly/klines/BTCUSDT/1d/BTCUSDT-1d-2023-12.zip,True
2023-12-08,44170.99,https://data.binance.vision/data/spot/monthly/klines/BTCUSDT/1d/BTCUSDT-1d-2023-12.zip,True
2023-12-09,43713.6,https://data.binance.vision/data/spot/monthly/klines/BTCUSDT/1d/BTCUSDT-1d-2023-12.zip,True
2023-12-10,43789.51,https://data.binance.vision/data/spot/monthly/klines/BTCUSDT/1d/BTCUSDT-1d-2023-12.zip,True
2023-12-11,41253.4,https://data.binance.vision/data/spot/monthly/klines/BTCUSDT/1d/BTCUSDT-1d-2023-12.zip,True
2023-12-12,41492.39,https://data.binance.vision/data/spot/monthly/klines/BTCUSDT/1d/BTCUSDT-1d-2023-12.zip,True
2023-12-13,42869.03,https://data.binance.vision/data/spot/monthly/klines/BTCUSDT/1d/BTCUSDT-1d-2023-12.zip,True
2023-12-14,43022.26,https://data.binance.vision/data/spot/monthly/klines/BTCUSDT/1d/BTCUSDT-1d-2023-12.zip,True
2023-12-15,41940.3,https://data.binance.vision/data/spot/monthly/klines/BTCUSDT/1d/BTCUSDT-1d-2023-12.zip,True
2023-12-16,42278.03,https://data.binance.vision/data/spot/monthly/klines/BTCUSDT/1d/BTCUSDT-1d-2023-12.zip,True
2023-12-17,41374.65,https://data.binance.vision/data/spot/monthly/klines/BTCUSDT/1d/BTCUSDT-1d-2023-12.zip,True
2023-12-18,42657.8,https://data.binance.vision/data/spot/monthly/klines/BTCUSDT/1d/BTCUSDT-1d-2023-12.zip,True
2023-12-19,42275.99,https://data.binance.vision/data/spot/monthly/klines/BTCUSDT/1d/BTCUSDT-1d-2023-12.zip,True
2023-12-20,43668.93,https://data.binance.vision/data/spot/monthly/klines/BTCUSDT/1d/BTCUSDT-1d-2023-12.zip,True
2023-12-21,43861.8,https://data.binance.vision/data/spot/monthly/klines/BTCUSDT/1d/BTCUSDT-1d-2023-12.zip,True
2023-12-22,43969.04,https://data.binance.vision/data/spot/monthly/klines/BTCUSDT/1d/BTCUSDT-1d-2023-12.zip,True
2023-12-23,43702.16,https://data.binance.vision/data/spot/monthly/klines/BTCUSDT/1d/BTCUSDT-1d-2023-12.zip,True
2023-12-24,42991.5,https://data.binance.vision/data/spot/monthly/klines/BTCUSDT/1d/BTCUSDT-1d-2023-12.zip,True
2023-12-25,43576.13,https://data.binance.vision/data/spot/monthly/klines/BTCUSDT/1d/BTCUSDT-1d-2023-12.zip,True
2023-12-26,42508.93,https://data.binance.vision/data/spot/monthly/klines/BTCUSDT/1d/BTCUSDT-1d-2023-12.zip,True
2023-12-27,43428.85,https://data.binance.vision/data/spot/monthly/klines/BTCUSDT/1d/BTCUSDT-1d-2023-12.zip,True
2023-12-28,42563.76,https://data.binance.vision/data/spot/monthly/klines/BTCUSDT/1d/BTCUSDT-1d-2023-12.zip,True
2023-12-29,42066.95,https://data.binance.vision/data/spot/monthly/klines/BTCUSDT/1d/BTCUSDT-1d-2023-12.zip,True
2023-12-30,42140.28,https://data.binance.vision/data/spot/monthly/klines/BTCUSDT/1d/BTCUSDT-1d-2023-12.zip,True
2023-12-31,42283.58,https://data.binance.vision/data/spot/monthly/klines/BTCUSDT/1d/BTCUSDT-1d-2023-12.zip,True
2024-01-01,44179.55,https://data.binance.vision/data/spot/monthly/klines/BTCUSDT/1d/BTCUSDT-1d-2024-01.zip,True
2024-01-02,44946.91,https://data.binance.vision/data/spot/monthly/klines/BTCUSDT/1d/BTCUSDT-1d-2024-01.zip,True
2024-01-03,42845.23,https://data.binance.vision/data/spot/monthly/klines/BTCUSDT/1d/BTCUSDT-1d-2024-01.zip,True
2024-01-04,44151.1,https://data.binance.vision/data/spot/monthly/klines/BTCUSDT/1d/BTCUSDT-1d-2024-01.zip,True
2024-01-05,44145.11,https://data.binance.vision/data/spot/monthly/klines/BTCUSDT/1d/BTCUSDT-1d-2024-01.zip,True
2024-01-06,43968.32,https://data.binance.vision/data/spot/monthly/klines/BTCUSDT/1d/BTCUSDT-1d-2024-01.zip,True
2024-01-07,43929.02,https://data.binance.vision/data/spot/monthly/klines/BTCUSDT/1d/BTCUSDT-1d-2024-01.zip,True
2024-01-08,46951.04,https://data.binance.vision/data/spot/monthly/klines/BTCUSDT/1d/BTCUSDT-1d-2024-01.zip,True
2024-01-09,46110.0,https://data.binance.vision/data/spot/monthly/klines/BTCUSDT/1d/BTCUSDT-1d-2024-01.zip,True
2024-01-10,46653.99,https://data.binance.vision/data/spot/monthly/klines/BTCUSDT/1d/BTCUSDT-1d-2024-01.zip,True
2024-01-11,46339.16,https://data.binance.vision/data/spot/monthly/klines/BTCUSDT/1d/BTCUSDT-1d-2024-01.zip,True
2024-01-12,42782.73,https://data.binance.vision/data/spot/monthly/klines/BTCUSDT/1d/BTCUSDT-1d-2024-01.zip,True
2024-01-13,42847.99,https://data.binance.vision/data/spot/monthly/klines/BTCUSDT/1d/BTCUSDT-1d-2024-01.zip,True
2024-01-14,41732.35,https://data.binance.vision/data/spot/monthly/klines/BTCUSDT/1d/BTCUSDT-1d-2024-01.zip,True
2024-01-15,42511.1,https://data.binance.vision/data/spot/monthly/klines/BTCUSDT/1d/BTCUSDT-1d-2024-01.zip,True
2024-01-16,43137.95,https://data.binance.vision/data/spot/monthly/klines/BTCUSDT/1d/BTCUSDT-1d-2024-01.zip,True
2024-01-17,42776.1,https://data.binance.vision/data/spot/monthly/klines/BTCUSDT/1d/BTCUSDT-1d-2024-01.zip,True
2024-01-18,41327.5,https://data.binance.vision/data/spot/monthly/klines/BTCUSDT/1d/BTCUSDT-1d-2024-01.zip,True
2024-01-19,41659.03,https://data.binance.vision/data/spot/monthly/klines/BTCUSDT/1d/BTCUSDT-1d-2024-01.zip,True
2024-01-20,41696.04,https://data.binance.vision/data/spot/monthly/klines/BTCUSDT/1d/BTCUSDT-1d-2024-01.zip,True
2024-01-21,41580.33,https://data.binance.vision/data/spot/monthly/klines/BTCUSDT/1d/BTCUSDT-1d-2024-01.zip,True
2024-01-22,39568.02,https://data.binance.vision/data/spot/monthly/klines/BTCUSDT/1d/BTCUSDT-1d-2024-01.zip,True
2024-01-23,39897.6,https://data.binance.vision/data/spot/monthly/klines/BTCUSDT/1d/BTCUSDT-1d-2024-01.zip,True
2024-01-24,40084.88,https://data.binance.vision/data/spot/monthly/klines/BTCUSDT/1d/BTCUSDT-1d-2024-01.zip,True
2024-01-25,39961.09,https://data.binance.vision/data/spot/monthly/klines/BTCUSDT/1d/BTCUSDT-1d-2024-01.zip,True
2024-01-26,41823.51,https://data.binance.vision/data/spot/monthly/klines/BTCUSDT/1d/BTCUSDT-1d-2024-01.zip,True
2024-01-27,42120.63,https://data.binance.vision/data/spot/monthly/klines/BTCUSDT/1d/BTCUSDT-1d-2024-01.zip,True
2024-01-28,42031.06,https://data.binance.vision/data/spot/monthly/klines/BTCUSDT/1d/BTCUSDT-1d-2024-01.zip,True
2024-01-29,43302.7,https://data.binance.vision/data/spot/monthly/klines/BTCUSDT/1d/BTCUSDT-1d-2024-01.zip,True
2024-01-30,42941.1,https://data.binance.vision/data/spot/monthly/klines/BTCUSDT/1d/BTCUSDT-1d-2024-01.zip,True
2024-01-31,42580.0,https://data.binance.vision/data/spot/monthly/klines/BTCUSDT/1d/BTCUSDT-1d-2024-01.zip,True
2024-02-01,43082.94,https://data.binance.vision/data/spot/monthly/klines/BTCUSDT/1d/BTCUSDT-1d-2024-02.zip,True
2024-02-02,43200.0,https://data.binance.vision/data/spot/monthly/klines/BTCUSDT/1d/BTCUSDT-1d-2024-02.zip,True
2024-02-03,43011.09,https://data.binance.vision/data/spot/monthly/klines/BTCUSDT/1d/BTCUSDT-1d-2024-02.zip,True
2024-02-04,42582.88,https://data.binance.vision/data/spot/monthly/klines/BTCUSDT/1d/BTCUSDT-1d-2024-02.zip,True
2024-02-05,42708.7,https://data.binance.vision/data/spot/monthly/klines/BTCUSDT/1d/BTCUSDT-1d-2024-02.zip,True
2024-02-06,43098.95,https://data.binance.vision/data/spot/monthly/klines/BTCUSDT/1d/BTCUSDT-1d-2024-02.zip,True
2024-02-07,44349.6,https://data.binance.vision/data/spot/monthly/klines/BTCUSDT/1d/BTCUSDT-1d-2024-02.zip,True
2024-02-08,45288.65,https://data.binance.vision/data/spot/monthly/klines/BTCUSDT/1d/BTCUSDT-1d-2024-02.zip,True
2024-02-09,47132.77,https://data.binance.vision/data/spot/monthly/klines/BTCUSDT/1d/BTCUSDT-1d-2024-02.zip,True
2024-02-10,47751.09,https://data.binance.vision/data/spot/monthly/klines/BTCUSDT/1d/BTCUSDT-1d-2024-02.zip,True
2024-02-11,48299.99,https://data.binance.vision/data/spot/monthly/klines/BTCUSDT/1d/BTCUSDT-1d-2024-02.zip,True
2024-02-12,49917.27,https://data.binance.vision/data/spot/monthly/klines/BTCUSDT/1d/BTCUSDT-1d-2024-02.zip,True
2024-02-13,49699.59,https://data.binance.vision/data/spot/monthly/klines/BTCUSDT/1d/BTCUSDT-1d-2024-02.zip,True
2024-02-14,51795.17,https://data.binance.vision/data/spot/monthly/klines/BTCUSDT/1d/BTCUSDT-1d-2024-02.zip,True
2024-02-15,51880.0,https://data.binance.vision/data/spot/monthly/klines/BTCUSDT/1d/BTCUSDT-1d-2024-02.zip,True
2024-02-16,52124.11,https://data.binance.vision/data/spot/monthly/klines/BTCUSDT/1d/BTCUSDT-1d-2024-02.zip,True
2024-02-17,51642.64,https://data.binance.vision/data/spot/monthly/klines/BTCUSDT/1d/BTCUSDT-1d-2024-02.zip,True
2024-02-18,52137.67,https://data.binance.vision/data/spot/monthly/klines/BTCUSDT/1d/BTCUSDT-1d-2024-02.zip,True
2024-02-19,51774.73,https://data.binance.vision/data/spot/monthly/klines/BTCUSDT/1d/BTCUSDT-1d-2024-02.zip,True
2024-02-20,52258.82,https://data.binance.vision/data/spot/monthly/klines/BTCUSDT/1d/BTCUSDT-1d-2024-02.zip,True
2024-02-21,51849.39,https://data.binance.vision/data/spot/monthly/klines/BTCUSDT/1d/BTCUSDT-1d-2024-02.zip,True
2024-02-22,51288.42,https://data.binance.vision/data/spot/monthly/klines/BTCUSDT/1d/BTCUSDT-1d-2024-02.zip,True
2024-02-23,50744.15,https://data.binance.vision/data/spot/monthly/klines/BTCUSDT/1d/BTCUSDT-1d-2024-02.zip,True
2024-02-24,51568.22,https://data.binance.vision/data/spot/monthly/klines/BTCUSDT/1d/BTCUSDT-1d-2024-02.zip,True
2024-02-25,51728.85,https://data.binance.vision/data/spot/monthly/klines/BTCUSDT/1d/BTCUSDT-1d-2024-02.zip,True
2024-02-26,54476.47,https://data.binance.vision/data/spot/monthly/klines/BTCUSDT/1d/BTCUSDT-1d-2024-02.zip,True
2024-02-27,57037.34,https://data.binance.vision/data/spot/monthly/klines/BTCUSDT/1d/BTCUSDT-1d-2024-02.zip,True
2024-02-28,62432.1,https://data.binance.vision/data/spot/monthly/klines/BTCUSDT/1d/BTCUSDT-1d-2024-02.zip,True
2024-02-29,61130.98,https://data.binance.vision/data/spot/monthly/klines/BTCUSDT/1d/BTCUSDT-1d-2024-02.zip,True
2024-03-01,62387.9,https://data.binance.vision/data/spot/monthly/klines/BTCUSDT/1d/BTCUSDT-1d-2024-03.zip,True
2024-03-02,61987.28,https://data.binance.vision/data/spot/monthly/klines/BTCUSDT/1d/BTCUSDT-1d-2024-03.zip,True
2024-03-03,63113.97,https://data.binance.vision/data/spot/monthly/klines/BTCUSDT/1d/BTCUSDT-1d-2024-03.zip,True
2024-03-04,68245.71,https://data.binance.vision/data/spot/monthly/klines/BTCUSDT/1d/BTCUSDT-1d-2024-03.zip,True
2024-03-05,63724.01,https://data.binance.vision/data/spot/monthly/klines/BTCUSDT/1d/BTCUSDT-1d-2024-03.zip,True
2024-03-06,66074.04,https://data.binance.vision/data/spot/monthly/klines/BTCUSDT/1d/BTCUSDT-1d-2024-03.zip,True
2024-03-07,66823.17,https://data.binance.vision/data/spot/monthly/klines/BTCUSDT/1d/BTCUSDT-1d-2024-03.zip,True
2024-03-08,68124.19,https://data.binance.vision/data/spot/monthly/klines/BTCUSDT/1d/BTCUSDT-1d-2024-03.zip,True
2024-03-09,68313.27,https://data.binance.vision/data/spot/monthly/klines/BTCUSDT/1d/BTCUSDT-1d-2024-03.zip,True
2024-03-10,68955.88,https://data.binance.vision/data/spot/monthly/klines/BTCUSDT/1d/BTCUSDT-1d-2024-03.zip,True
2024-03-11,72078.1,https://data.binance.vision/data/spot/monthly/klines/BTCUSDT/1d/BTCUSDT-1d-2024-03.zip,True
2024-03-12,71452.01,https://data.binance.vision/data/spot/monthly/klines/BTCUSDT/1d/BTCUSDT-1d-2024-03.zip,True
2024-03-13,73072.41,https://data.binance.vision/data/spot/monthly/klines/BTCUSDT/1d/BTCUSDT-1d-2024-03.zip,True
2024-03-14,71388.94,https://data.binance.vision/data/spot/monthly/klines/BTCUSDT/1d/BTCUSDT-1d-2024-03.zip,True
2024-03-15,69499.85,https://data.binance.vision/data/spot/monthly/klines/BTCUSDT/1d/BTCUSDT-1d-2024-03.zip,True
2024-03-16,65300.63,https://data.binance.vision/data/spot/monthly/klines/BTCUSDT/1d/BTCUSDT-1d-2024-03.zip,True
2024-03-17,68393.48,https://data.binance.vision/data/spot/monthly/klines/BTCUSDT/1d/BTCUSDT-1d-2024-03.zip,True
2024-03-18,67609.99,https://data.binance.vision/data/spot/monthly/klines/BTCUSDT/1d/BTCUSDT-1d-2024-03.zip,True
2024-03-19,61937.4,https://data.binance.vision/data/spot/monthly/klines/BTCUSDT/1d/BTCUSDT-1d-2024-03.zip,True
2024-03-20,67840.51,https://data.binance.vision/data/spot/monthly/klines/BTCUSDT/1d/BTCUSDT-1d-2024-03.zip,True
2024-03-21,65501.27,https://data.binance.vision/data/spot/monthly/klines/BTCUSDT/1d/BTCUSDT-1d-2024-03.zip,True
2024-03-22,63796.64,https://data.binance.vision/data/spot/monthly/klines/BTCUSDT/1d/BTCUSDT-1d-2024-03.zip,True
2024-03-23,63990.01,https://data.binance.vision/data/spot/monthly/klines/BTCUSDT/1d/BTCUSDT-1d-2024-03.zip,True
2024-03-24,67209.99,https://data.binance.vision/data/spot/monthly/klines/BTCUSDT/1d/BTCUSDT-1d-2024-03.zip,True
2024-03-25,69880.01,https://data.binance.vision/data/spot/monthly/klines/BTCUSDT/1d/BTCUSDT-1d-2024-03.zip,True
2024-03-26,69988.0,https://data.binance.vision/data/spot/monthly/klines/BTCUSDT/1d/BTCUSDT-1d-2024-03.zip,True
2024-03-27,69469.99,https://data.binance.vision/data/spot/monthly/klines/BTCUSDT/1d/BTCUSDT-1d-2024-03.zip,True
2024-03-28,70780.6,https://data.binance.vision/data/spot/monthly/klines/BTCUSDT/1d/BTCUSDT-1d-2024-03.zip,True
2024-03-29,69850.54,https://data.binance.vision/data/spot/monthly/klines/BTCUSDT/1d/BTCUSDT-1d-2024-03.zip,True
2024-03-30,69582.18,https://data.binance.vision/data/spot/monthly/klines/BTCUSDT/1d/BTCUSDT-1d-2024-03.zip,True
2024-03-31,71280.01,https://data.binance.vision/data/spot/monthly/klines/BTCUSDT/1d/BTCUSDT-1d-2024-03.zip,True
2024-04-01,69649.8,https://data.binance.vision/data/spot/monthly/klines/BTCUSDT/1d/BTCUSDT-1d-2024-04.zip,True
2024-04-02,65463.99,https://data.binance.vision/data/spot/monthly/klines/BTCUSDT/1d/BTCUSDT-1d-2024-04.zip,True
2024-04-03,65963.28,https://data.binance.vision/data/spot/monthly/klines/BTCUSDT/1d/BTCUSDT-1d-2024-04.zip,True
2024-04-04,68487.79,https://data.binance.vision/data/spot/monthly/klines/BTCUSDT/1d/BTCUSDT-1d-2024-04.zip,True
2024-04-05,67820.62,https://data.binance.vision/data/spot/monthly/klines/BTCUSDT/1d/BTCUSDT-1d-2024-04.zip,True
2024-04-06,68896.0,https://data.binance.vision/data/spot/monthly/klines/BTCUSDT/1d/BTCUSDT-1d-2024-04.zip,True
2024-04-07,69360.39,https://data.binance.vision/data/spot/monthly/klines/BTCUSDT/1d/BTCUSDT-1d-2024-04.zip,True
2024-04-08,71620.0,https://data.binance.vision/data/spot/monthly/klines/BTCUSDT/1d/BTCUSDT-1d-2024-04.zip,True
2024-04-09,69146.0,https://data.binance.vision/data/spot/monthly/klines/BTCUSDT/1d/BTCUSDT-1d-2024-04.zip,True
2024-04-10,70631.08,https://data.binance.vision/data/spot/monthly/klines/BTCUSDT/1d/BTCUSDT-1d-2024-04.zip,True
2024-04-11,70006.23,https://data.binance.vision/data/spot/monthly/klines/BTCUSDT/1d/BTCUSDT-1d-2024-04.zip,True
2024-04-12,67116.52,https://data.binance.vision/data/spot/monthly/klines/BTCUSDT/1d/BTCUSDT-1d-2024-04.zip,True
2024-04-13,63924.51,https://data.binance.vision/data/spot/monthly/klines/BTCUSDT/1d/BTCUSDT-1d-2024-04.zip,True
2024-04-14,65661.84,https://data.binance.vision/data/spot/monthly/klines/BTCUSDT/1d/BTCUSDT-1d-2024-04.zip,True
2024-04-15,63419.99,https://data.binance.vision/data/spot/monthly/klines/BTCUSDT/1d/BTCUSDT-1d-2024-04.zip,True
2024-04-16,63793.39,https://data.binance.vision/data/spot/monthly/klines/BTCUSDT/1d/BTCUSDT-1d-2024-04.zip,True
2024-04-17,61277.37,https://data.binance.vision/data/spot/monthly/klines/BTCUSDT/1d/BTCUSDT-1d-2024-04.zip,True
2024-04-18,63470.08,https://data.binance.vision/data/spot/monthly/klines/BTCUSDT/1d/BTCUSDT-1d-2024-04.zip,True
2024-04-19,63818.01,https://data.binance.vision/data/spot/monthly/klines/BTCUSDT/1d/BTCUSDT-1d-2024-04.zip,True
2024-04-20,64940.59,https://data.binance.vision/data/spot/monthly/klines/BTCUSDT/1d/BTCUSDT-1d-2024-04.zip,True
2024-04-21,64941.15,https://data.binance.vision/data/spot/monthly/klines/BTCUSDT/1d/BTCUSDT-1d-2024-04.zip,True
2024-04-22,66819.32,https://data.binance.vision/data/spot/monthly/klines/BTCUSDT/1d/BTCUSDT-1d-2024-04.zip,True
2024-04-23,66414.0,https://data.binance.vision/data/spot/monthly/klines/BTCUSDT/1d/BTCUSDT-1d-2024-04.zip,True
2024-04-24,64289.59,https://data.binance.vision/data/spot/monthly/klines/BTCUSDT/1d/BTCUSDT-1d-2024-04.zip,True
2024-04-25,64498.34,https://data.binance.vision/data/spot/monthly/klines/BTCUSDT/1d/BTCUSDT-1d-2024-04.zip,True
2024-04-26,63770.01,https://data.binance.vision/data/spot/monthly/klines/BTCUSDT/1d/BTCUSDT-1d-2024-04.zip,True
2024-04-27,63461.98,https://data.binance.vision/data/spot/monthly/klines/BTCUSDT/1d/BTCUSDT-1d-2024-04.zip,True
2024-04-28,63118.62,https://data.binance.vision/data/spot/monthly/klines/BTCUSDT/1d/BTCUSDT-1d-2024-04.zip,True
2024-04-29,63866.0,https://data.binance.vision/data/spot/monthly/klines/BTCUSDT/1d/BTCUSDT-1d-2024-04.zip,True
2024-04-30,60672.0,https://data.binance.vision/data/spot/monthly/klines/BTCUSDT/1d/BTCUSDT-1d-2024-04.zip,True
2024-05-01,58364.97,https://data.binance.vision/data/spot/monthly/klines/BTCUSDT/1d/BTCUSDT-1d-2024-05.zip,True
2024-05-02,59060.61,https://data.binance.vision/data/spot/monthly/klines/BTCUSDT/1d/BTCUSDT-1d-2024-05.zip,True
2024-05-03,62882.01,https://data.binance.vision/data/spot/monthly/klines/BTCUSDT/1d/BTCUSDT-1d-2024-05.zip,True
2024-05-04,63892.04,https://data.binance.vision/data/spot/monthly/klines/BTCUSDT/1d/BTCUSDT-1d-2024-05.zip,True
2024-05-05,64012.0,https://data.binance.vision/data/spot/monthly/klines/BTCUSDT/1d/BTCUSDT-1d-2024-05.zip,True
2024-05-06,63165.19,https://data.binance.vision/data/spot/monthly/klines/BTCUSDT/1d/BTCUSDT-1d-2024-05.zip,True
2024-05-07,62312.08,https://data.binance.vision/data/spot/monthly/klines/BTCUSDT/1d/BTCUSDT-1d-2024-05.zip,True
2024-05-08,61193.03,https://data.binance.vision/data/spot/monthly/klines/BTCUSDT/1d/BTCUSDT-1d-2024-05.zip,True
2024-05-09,63074.01,https://data.binance.vision/data/spot/monthly/klines/BTCUSDT/1d/BTCUSDT-1d-2024-05.zip,True
2024-05-10,60799.99,https://data.binance.vision/data/spot/monthly/klines/BTCUSDT/1d/BTCUSDT-1d-2024-05.zip,True
2024-05-11,60825.99,https://data.binance.vision/data/spot/monthly/klines/BTCUSDT/1d/BTCUSDT-1d-2024-05.zip,True
2024-05-12,61483.99,https://data.binance.vision/data/spot/monthly/klines/BTCUSDT/1d/BTCUSDT-1d-2024-05.zip,True
2024-05-13,62940.08,https://data.binance.vision/data/spot/monthly/klines/BTCUSDT/1d/BTCUSDT-1d-2024-05.zip,True
2024-05-14,61577.49,https://data.binance.vision/data/spot/monthly/klines/BTCUSDT/1d/BTCUSDT-1d-2024-05.zip,True
2024-05-15,66206.5,https://data.binance.vision/data/spot/monthly/klines/BTCUSDT/1d/BTCUSDT-1d-2024-05.zip,True
2024-05-16,65235.21,https://data.binance.vision/data/spot/monthly/klines/BTCUSDT/1d/BTCUSDT-1d-2024-05.zip,True
2024-05-17,67024.0,https://data.binance.vision/data/spot/monthly/klines/BTCUSDT/1d/BTCUSDT-1d-2024-05.zip,True
2024-05-18,66915.2,https://data.binance.vision/data/spot/monthly/klines/BTCUSDT/1d/BTCUSDT-1d-2024-05.zip,True
2024-05-19,66274.01,https://data.binance.vision/data/spot/monthly/klines/BTCUSDT/1d/BTCUSDT-1d-2024-05.zip,True
2024-05-20,71446.62,https://data.binance.vision/data/spot/monthly/klines/BTCUSDT/1d/BTCUSDT-1d-2024-05.zip,True
2024-05-21,70148.34,https://data.binance.vision/data/spot/monthly/klines/BTCUSDT/1d/BTCUSDT-1d-2024-05.zip,True
2024-05-22,69166.62,https://data.binance.vision/data/spot/monthly/klines/BTCUSDT/1d/BTCUSDT-1d-2024-05.zip,True
2024-05-23,67969.65,https://data.binance.vision/data/spot/monthly/klines/BTCUSDT/1d/BTCUSDT-1d-2024-05.zip,True
2024-05-24,68549.99,https://data.binance.vision/data/spot/monthly/klines/BTCUSDT/1d/BTCUSDT-1d-2024-05.zip,True
2024-05-25,69290.57,https://data.binance.vision/data/spot/monthly/klines/BTCUSDT/1d/BTCUSDT-1d-2024-05.zip,True
2024-05-26,68507.67,https://data.binance.vision/data/spot/monthly/klines/BTCUSDT/1d/BTCUSDT-1d-2024-05.zip,True
2024-05-27,69436.43,https://data.binance.vision/data/spot/monthly/klines/BTCUSDT/1d/BTCUSDT-1d-2024-05.zip,True
2024-05-28,68398.39,https://data.binance.vision/data/spot/monthly/klines/BTCUSDT/1d/BTCUSDT-1d-2024-05.zip,True
2024-05-29,67652.42,https://data.binance.vision/data/spot/monthly/klines/BTCUSDT/1d/BTCUSDT-1d-2024-05.zip,True
2024-05-30,68352.17,https://data.binance.vision/data/spot/monthly/klines/BTCUSDT/1d/BTCUSDT-1d-2024-05.zip,True
2024-05-31,67540.01,https://data.binance.vision/data/spot/monthly/klines/BTCUSDT/1d/BTCUSDT-1d-2024-05.zip,True
2024-06-01,67766.85,https://data.binance.vision/data/spot/monthly/klines/BTCUSDT/1d/BTCUSDT-1d-2024-06.zip,True
2024-06-02,67765.63,https://data.binance.vision/data/spot/monthly/klines/BTCUSDT/1d/BTCUSDT-1d-2024-06.zip,True
2024-06-03,68809.9,https://data.binance.vision/data/spot/monthly/klines/BTCUSDT/1d/BTCUSDT-1d-2024-06.zip,True
2024-06-04,70537.84,https://data.binance.vision/data/spot/monthly/klines/BTCUSDT/1d/BTCUSDT-1d-2024-06.zip,True
2024-06-05,71108.0,https://data.binance.vision/data/spot/monthly/klines/BTCUSDT/1d/BTCUSDT-1d-2024-06.zip,True
2024-06-06,70799.06,https://data.binance.vision/data/spot/monthly/klines/BTCUSDT/1d/BTCUSDT-1d-2024-06.zip,True
2024-06-07,69355.6,https://data.binance.vision/data/spot/monthly/klines/BTCUSDT/1d/BTCUSDT-1d-2024-06.zip,True
2024-06-08,69310.46,https://data.binance.vision/data/spot/monthly/klines/BTCUSDT/1d/BTCUSDT-1d-2024-06.zip,True
2024-06-09,69648.14,https://data.binance.vision/data/spot/monthly/klines/BTCUSDT/1d/BTCUSDT-1d-2024-06.zip,True
2024-06-10,69540.0,https://data.binance.vision/data/spot/monthly/klines/BTCUSDT/1d/BTCUSDT-1d-2024-06.zip,True
2024-06-11,67314.24,https://data.binance.vision/data/spot/monthly/klines/BTCUSDT/1d/BTCUSDT-1d-2024-06.zip,True
2024-06-12,68263.99,https://data.binance.vision/data/spot/monthly/klines/BTCUSDT/1d/BTCUSDT-1d-2024-06.zip,True
2024-06-13,66773.01,https://data.binance.vision/data/spot/monthly/klines/BTCUSDT/1d/BTCUSDT-1d-2024-06.zip,True
2024-06-14,66043.99,https://data.binance.vision/data/spot/monthly/klines/BTCUSDT/1d/BTCUSDT-1d-2024-06.zip,True
2024-06-15,66228.25,https://data.binance.vision/data/spot/monthly/klines/BTCUSDT/1d/BTCUSDT-1d-2024-06.zip,True
2024-06-16,66676.87,https://data.binance.vision/data/spot/monthly/klines/BTCUSDT/1d/BTCUSDT-1d-2024-06.zip,True
2024-06-17,66504.33,https://data.binance.vision/data/spot/monthly/klines/BTCUSDT/1d/BTCUSDT-1d-2024-06.zip,True
2024-06-18,65175.32,https://data.binance.vision/data/spot/monthly/klines/BTCUSDT/1d/BTCUSDT-1d-2024-06.zip,True
2024-06-19,64974.37,https://data.binance.vision/data/spot/monthly/klines/BTCUSDT/1d/BTCUSDT-1d-2024-06.zip,True
2024-06-20,64869.99,https://data.binance.vision/data/spot/monthly/klines/BTCUSDT/1d/BTCUSDT-1d-2024-06.zip,True
2024-06-21,64143.56,https://data.binance.vision/data/spot/monthly/klines/BTCUSDT/1d/BTCUSDT-1d-2024-06.zip,True
2024-06-22,64262.01,https://data.binance.vision/data/spot/monthly/klines/BTCUSDT/1d/BTCUSDT-1d-2024-06.zip,True
2024-06-23,63210.01,https://data.binance.vision/data/spot/monthly/klines/BTCUSDT/1d/BTCUSDT-1d-2024-06.zip,True
2024-06-24,60293.3,https://data.binance.vision/data/spot/monthly/klines/BTCUSDT/1d/BTCUSDT-1d-2024-06.zip,True
2024-06-25,61806.01,https://data.binance.vision/data/spot/monthly/klines/BTCUSDT/1d/BTCUSDT-1d-2024-06.zip,True
2024-06-26,60864.99,https://data.binance.vision/data/spot/monthly/klines/BTCUSDT/1d/BTCUSDT-1d-2024-06.zip,True
2024-06-27,61706.47,https://data.binance.vision/data/spot/monthly/klines/BTCUSDT/1d/BTCUSDT-1d-2024-06.zip,True
2024-06-28,60427.84,https://data.binance.vision/data/spot/monthly/klines/BTCUSDT/1d/BTCUSDT-1d-2024-06.zip,True
2024-06-29,60986.68,https://data.binance.vision/data/spot/monthly/klines/BTCUSDT/1d/BTCUSDT-1d-2024-06.zip,True
2024-06-30,62772.01,https://data.binance.vision/data/spot/monthly/klines/BTCUSDT/1d/BTCUSDT-1d-2024-06.zip,True
2024-07-01,62899.99,https://data.binance.vision/data/spot/monthly/klines/BTCUSDT/1d/BTCUSDT-1d-2024-07.zip,True
2024-07-02,62135.47,https://data.binance.vision/data/spot/monthly/klines/BTCUSDT/1d/BTCUSDT-1d-2024-07.zip,True
2024-07-03,60208.58,https://data.binance.vision/data/spot/monthly/klines/BTCUSDT/1d/BTCUSDT-1d-2024-07.zip,True
2024-07-04,57050.01,https://data.binance.vision/data/spot/monthly/klines/BTCUSDT/1d/BTCUSDT-1d-2024-07.zip,True
2024-07-05,56628.79,https://data.binance.vision/data/spot/monthly/klines/BTCUSDT/1d/BTCUSDT-1d-2024-07.zip,True
2024-07-06,58230.13,https://data.binance.vision/data/spot/monthly/klines/BTCUSDT/1d/BTCUSDT-1d-2024-07.zip,True
2024-07-07,55857.81,https://data.binance.vision/data/spot/monthly/klines/BTCUSDT/1d/BTCUSDT-1d-2024-07.zip,True
2024-07-08,56714.62,https://data.binance.vision/data/spot/monthly/klines/BTCUSDT/1d/BTCUSDT-1d-2024-07.zip,True
2024-07-09,58050.0,https://data.binance.vision/data/spot/monthly/klines/BTCUSDT/1d/BTCUSDT-1d-2024-07.zip,True
2024-07-10,57725.85,https://data.binance.vision/data/spot/monthly/klines/BTCUSDT/1d/BTCUSDT-1d-2024-07.zip,True
2024-07-11,57339.89,https://data.binance.vision/data/spot/monthly/klines/BTCUSDT/1d/BTCUSDT-1d-2024-07.zip,True
2024-07-12,57889.1,https://data.binance.vision/data/spot/monthly/klines/BTCUSDT/1d/BTCUSDT-1d-2024-07.zip,True
2024-07-13,59204.02,https://data.binance.vision/data/spot/monthly/klines/BTCUSDT/1d/BTCUSDT-1d-2024-07.zip,True
2024-07-14,60797.91,https://data.binance.vision/data/spot/monthly/klines/BTCUSDT/1d/BTCUSDT-1d-2024-07.zip,True
2024-07-15,64724.14,https://data.binance.vision/data/spot/monthly/klines/BTCUSDT/1d/BTCUSDT-1d-2024-07.zip,True
2024-07-16,65043.99,https://data.binance.vision/data/spot/monthly/klines/BTCUSDT/1d/BTCUSDT-1d-2024-07.zip,True
2024-07-17,64087.99,https://data.binance.vision/data/spot/monthly/klines/BTCUSDT/1d/BTCUSDT-1d-2024-07.zip,True
2024-07-18,63987.92,https://data.binance.vision/data/spot/monthly/klines/BTCUSDT/1d/BTCUSDT-1d-2024-07.zip,True
2024-07-19,66660.0,https://data.binance.vision/data/spot/monthly/klines/BTCUSDT/1d/BTCUSDT-1d-2024-07.zip,True
2024-07-20,67139.96,https://data.binance.vision/data/spot/monthly/klines/BTCUSDT/1d/BTCUSDT-1d-2024-07.zip,True
2024-07-21,68165.34,https://data.binance.vision/data/spot/monthly/klines/BTCUSDT/1d/BTCUSDT-1d-2024-07.zip,True
2024-07-22,67532.01,https://data.binance.vision/data/spot/monthly/klines/BTCUSDT/1d/BTCUSDT-1d-2024-07.zip,True
2024-07-23,65936.01,https://data.binance.vision/data/spot/monthly/klines/BTCUSDT/1d/BTCUSDT-1d-2024-07.zip,True
2024-07-24,65376.0,https://data.binance.vision/data/spot/monthly/klines/BTCUSDT/1d/BTCUSDT-1d-2024-07.zip,True
2024-07-25,65799.95,https://data.binance.vision/data/spot/monthly/klines/BTCUSDT/1d/BTCUSDT-1d-2024-07.zip,True
2024-07-26,67907.99,https://data.binance.vision/data/spot/monthly/klines/BTCUSDT/1d/BTCUSDT-1d-2024-07.zip,True
2024-07-27,67896.5,https://data.binance.vision/data/spot/monthly/klines/BTCUSDT/1d/BTCUSDT-1d-2024-07.zip,True
2024-07-28,68249.88,https://data.binance.vision/data/spot/monthly/klines/BTCUSDT/1d/BTCUSDT-1d-2024-07.zip,True
2024-07-29,66784.69,https://data.binance.vision/data/spot/monthly/klines/BTCUSDT/1d/BTCUSDT-1d-2024-07.zip,True
2024-07-30,66188.0,https://data.binance.vision/data/spot/monthly/klines/BTCUSDT/1d/BTCUSDT-1d-2024-07.zip,True
2024-07-31,64628.0,https://data.binance.vision/data/spot/monthly/klines/BTCUSDT/1d/BTCUSDT-1d-2024-07.zip,True
2024-08-01,65354.02,https://data.binance.vision/data/spot/monthly/klines/BTCUSDT/1d/BTCUSDT-1d-2024-08.zip,True
2024-08-02,61498.33,https://data.binance.vision/data/spot/monthly/klines/BTCUSDT/1d/BTCUSDT-1d-2024-08.zip,True
2024-08-03,60697.99,https://data.binance.vision/data/spot/monthly/klines/BTCUSDT/1d/BTCUSDT-1d-2024-08.zip,True
2024-08-04,58161.0,https://data.binance.vision/data/spot/monthly/klines/BTCUSDT/1d/BTCUSDT-1d-2024-08.zip,True
2024-08-05,54018.81,https://data.binance.vision/data/spot/monthly/klines/BTCUSDT/1d/BTCUSDT-1d-2024-08.zip,True
2024-08-06,56022.01,https://data.binance.vision/data/spot/monthly/klines/BTCUSDT/1d/BTCUSDT-1d-2024-08.zip,True
2024-08-07,55134.16,https://data.binance.vision/data/spot/monthly/klines/BTCUSDT/1d/BTCUSDT-1d-2024-08.zip,True
2024-08-08,61685.99,https://data.binance.vision/data/spot/monthly/klines/BTCUSDT/1d/BTCUSDT-1d-2024-08.zip,True
2024-08-09,60837.99,https://data.binance.vision/data/spot/monthly/klines/BTCUSDT/1d/BTCUSDT-1d-2024-08.zip,True
2024-08-10,60923.51,https://data.binance.vision/data/spot/monthly/klines/BTCUSDT/1d/BTCUSDT-1d-2024-08.zip,True
2024-08-11,58712.59,https://data.binance.vision/data/spot/monthly/klines/BTCUSDT/1d/BTCUSDT-1d-2024-08.zip,True
2024-08-12,59346.64,https://data.binance.vision/data/spot/monthly/klines/BTCUSDT/1d/BTCUSDT-1d-2024-08.zip,True
2024-08-13,60587.15,https://data.binance.vision/data/spot/monthly/klines/BTCUSDT/1d/BTCUSDT-1d-2024-08.zip,True
2024-08-14,58683.39,https://data.binance.vision/data/spot/monthly/klines/BTCUSDT/1d/BTCUSDT-1d-2024-08.zip,True
2024-08-15,57541.06,https://data.binance.vision/data/spot/monthly/klines/BTCUSDT/1d/BTCUSDT-1d-2024-08.zip,True
2024-08-16,58874.6,https://data.binance.vision/data/spot/monthly/klines/BTCUSDT/1d/BTCUSDT-1d-2024-08.zip,True
2024-08-17,59491.99,https://data.binance.vision/data/spot/monthly/klines/BTCUSDT/1d/BTCUSDT-1d-2024-08.zip,True
2024-08-18,58427.35,https://data.binance.vision/data/spot/monthly/klines/BTCUSDT/1d/BTCUSDT-1d-2024-08.zip,True
2024-08-19,59438.5,https://data.binance.vision/data/spot/monthly/klines/BTCUSDT/1d/BTCUSDT-1d-2024-08.zip,True
2024-08-20,59013.8,https://data.binance.vision/data/spot/monthly/klines/BTCUSDT/1d/BTCUSDT-1d-2024-08.zip,True
2024-08-21,61156.03,https://data.binance.vision/data/spot/monthly/klines/BTCUSDT/1d/BTCUSDT-1d-2024-08.zip,True
2024-08-22,60375.84,https://data.binance.vision/data/spot/monthly/klines/BTCUSDT/1d/BTCUSDT-1d-2024-08.zip,True
2024-08-23,64037.24,https://data.binance.vision/data/spot/monthly/klines/BTCUSDT/1d/BTCUSDT-1d-2024-08.zip,True
2024-08-24,64157.01,https://data.binance.vision/data/spot/monthly/klines/BTCUSDT/1d/BTCUSDT-1d-2024-08.zip,True
2024-08-25,64220.0,https://data.binance.vision/data/spot/monthly/klines/BTCUSDT/1d/BTCUSDT-1d-2024-08.zip,True
2024-08-26,62834.0,https://data.binance.vision/data/spot/monthly/klines/BTCUSDT/1d/BTCUSDT-1d-2024-08.zip,True
2024-08-27,59415.0,https://data.binance.vision/data/spot/monthly/klines/BTCUSDT/1d/BTCUSDT-1d-2024-08.zip,True
2024-08-28,59034.9,https://data.binance.vision/data/spot/monthly/klines/BTCUSDT/1d/BTCUSDT-1d-2024-08.zip,True
2024-08-29,59359.01,https://data.binance.vision/data/spot/monthly/klines/BTCUSDT/1d/BTCUSDT-1d-2024-08.zip,True
2024-08-30,59123.99,https://data.binance.vision/data/spot/monthly/klines/BTCUSDT/1d/BTCUSDT-1d-2024-08.zip,True
2024-08-31,58973.99,https://data.binance.vision/data/spot/monthly/klines/BTCUSDT/1d/BTCUSDT-1d-2024-08.zip,True
2024-09-01,57301.86,https://data.binance.vision/data/spot/monthly/klines/BTCUSDT/1d/BTCUSDT-1d-2024-09.zip,True
2024-09-02,59132.13,https://data.binance.vision/data/spot/monthly/klines/BTCUSDT/1d/BTCUSDT-1d-2024-09.zip,True
2024-09-03,57487.73,https://data.binance.vision/data/spot/monthly/klines/BTCUSDT/1d/BTCUSDT-1d-2024-09.zip,True
2024-09-04,57970.9,https://data.binance.vision/data/spot/monthly/klines/BTCUSDT/1d/BTCUSDT-1d-2024-09.zip,True
2024-09-05,56180.0,https://data.binance.vision/data/spot/monthly/klines/BTCUSDT/1d/BTCUSDT-1d-2024-09.zip,True
2024-09-06,53962.97,https://data.binance.vision/data/spot/monthly/klines/BTCUSDT/1d/BTCUSDT-1d-2024-09.zip,True
2024-09-07,54160.86,https://data.binance.vision/data/spot/monthly/klines/BTCUSDT/1d/BTCUSDT-1d-2024-09.zip,True
2024-09-08,54869.95,https://data.binance.vision/data/spot/monthly/klines/BTCUSDT/1d/BTCUSDT-1d-2024-09.zip,True
2024-09-09,57042.0,https://data.binance.vision/data/spot/monthly/klines/BTCUSDT/1d/BTCUSDT-1d-2024-09.zip,True
2024-09-10,57635.99,https://data.binance.vision/data/spot/monthly/klines/BTCUSDT/1d/BTCUSDT-1d-2024-09.zip,True
2024-09-11,57338.0,https://data.binance.vision/data/spot/monthly/klines/BTCUSDT/1d/BTCUSDT-1d-2024-09.zip,True
2024-09-12,58132.32,https://data.binance.vision/data/spot/monthly/klines/BTCUSDT/1d/BTCUSDT-1d-2024-09.zip,True
2024-09-13,60498.0,https://data.binance.vision/data/spot/monthly/klines/BTCUSDT/1d/BTCUSDT-1d-2024-09.zip,True
2024-09-14,59993.03,https://data.binance.vision/data/spot/monthly/klines/BTCUSDT/1d/BTCUSDT-1d-2024-09.zip,True
2024-09-15,59132.0,https://data.binance.vision/data/spot/monthly/klines/BTCUSDT/1d/BTCUSDT-1d-2024-09.zip,True
2024-09-16,58213.99,https://data.binance.vision/data/spot/monthly/klines/BTCUSDT/1d/BTCUSDT-1d-2024-09.zip,True
2024-09-17,60313.99,https://data.binance.vision/data/spot/monthly/klines/BTCUSDT/1d/BTCUSDT-1d-2024-09.zip,True
2024-09-18,61759.99,https://data.binance.vision/data/spot/monthly/klines/BTCUSDT/1d/BTCUSDT-1d-2024-09.zip,True
2024-09-19,62947.99,https://data.binance.vision/data/spot/monthly/klines/BTCUSDT/1d/BTCUSDT-1d-2024-09.zip,True
2024-09-20,63201.05,https://data.binance.vision/data/spot/monthly/klines/BTCUSDT/1d/BTCUSDT-1d-2024-09.zip,True
2024-09-21,63348.96,https://data.binance.vision/data/spot/monthly/klines/BTCUSDT/1d/BTCUSDT-1d-2024-09.zip,True
2024-09-22,63578.76,https://data.binance.vision/data/spot/monthly/klines/BTCUSDT/1d/BTCUSDT-1d-2024-09.zip,True
2024-09-23,63339.99,https://data.binance.vision/data/spot/monthly/klines/BTCUSDT/1d/BTCUSDT-1d-2024-09.zip,True
2024-09-24,64262.7,https://data.binance.vision/data/spot/monthly/klines/BTCUSDT/1d/BTCUSDT-1d-2024-09.zip,True
2024-09-25,63152.01,https://data.binance.vision/data/spot/monthly/klines/BTCUSDT/1d/BTCUSDT-1d-2024-09.zip,True
2024-09-26,65173.99,https://data.binance.vision/data/spot/monthly/klines/BTCUSDT/1d/BTCUSDT-1d-2024-09.zip,True
2024-09-27,65769.95,https://data.binance.vision/data/spot/monthly/klines/BTCUSDT/1d/BTCUSDT-1d-2024-09.zip,True
2024-09-28,65858.0,https://data.binance.vision/data/spot/monthly/klines/BTCUSDT/1d/BTCUSDT-1d-2024-09.zip,True
2024-09-29,65602.01,https://data.binance.vision/data/spot/monthly/klines/BTCUSDT/1d/BTCUSDT-1d-2024-09.zip,True
2024-09-30,63327.59,https://data.binance.vision/data/spot/monthly/klines/BTCUSDT/1d/BTCUSDT-1d-2024-09.zip,True
2024-10-01,60805.78,https://data.binance.vision/data/spot/monthly/klines/BTCUSDT/1d/BTCUSDT-1d-2024-10.zip,True
2024-10-02,60649.28,https://data.binance.vision/data/spot/monthly/klines/BTCUSDT/1d/BTCUSDT-1d-2024-10.zip,True
2024-10-03,60752.71,https://data.binance.vision/data/spot/monthly/klines/BTCUSDT/1d/BTCUSDT-1d-2024-10.zip,True
2024-10-04,62086.0,https://data.binance.vision/data/spot/monthly/klines/BTCUSDT/1d/BTCUSDT-1d-2024-10.zip,True
2024-10-05,62058.0,https://data.binance.vision/data/spot/monthly/klines/BTCUSDT/1d/BTCUSDT-1d-2024-10.zip,True
2024-10-06,62819.91,https://data.binance.vision/data/spot/monthly/klines/BTCUSDT/1d/BTCUSDT-1d-2024-10.zip,True
2024-10-07,62224.0,https://data.binance.vision/data/spot/monthly/klines/BTCUSDT/1d/BTCUSDT-1d-2024-10.zip,True
2024-10-08,62160.49,https://data.binance.vision/data/spot/monthly/klines/BTCUSDT/1d/BTCUSDT-1d-2024-10.zip,True
2024-10-09,60636.02,https://data.binance.vision/data/spot/monthly/klines/BTCUSDT/1d/BTCUSDT-1d-2024-10.zip,True
2024-10-10,60326.39,https://data.binance.vision/data/spot/monthly/klines/BTCUSDT/1d/BTCUSDT-1d-2024-10.zip,True
2024-10-11,62540.0,https://data.binance.vision/data/spot/monthly/klines/BTCUSDT/1d/BTCUSDT-1d-2024-10.zip,True
2024-10-12,63206.22,https://data.binance.vision/data/spot/monthly/klines/BTCUSDT/1d/BTCUSDT-1d-2024-10.zip,True
2024-10-13,62870.02,https://data.binance.vision/data/spot/monthly/klines/BTCUSDT/1d/BTCUSDT-1d-2024-10.zip,True
2024-10-14,66083.99,https://data.binance.vision/data/spot/monthly/klines/BTCUSDT/1d/BTCUSDT-1d-2024-10.zip,True
2024-10-15,67074.14,https://data.binance.vision/data/spot/monthly/klines/BTCUSDT/1d/BTCUSDT-1d-2024-10.zip,True
2024-10-16,67620.01,https://data.binance.vision/data/spot/monthly/klines/BTCUSDT/1d/BTCUSDT-1d-2024-10.zip,True
2024-10-17,67421.78,https://data.binance.vision/data/spot/monthly/klines/BTCUSDT/1d/BTCUSDT-1d-2024-10.zip,True
2024-10-18,68428.0,https://data.binance.vision/data/spot/monthly/klines/BTCUSDT/1d/BTCUSDT-1d-2024-10.zip,True
2024-10-19,68378.0,https://data.binance.vision/data/spot/monthly/klines/BTCUSDT/1d/BTCUSDT-1d-2024-10.zip,True
2024-10-20,69031.99,https://data.binance.vision/data/spot/monthly/klines/BTCUSDT/1d/BTCUSDT-1d-2024-10.zip,True
2024-10-21,67377.5,https://data.binance.vision/data/spot/monthly/klines/BTCUSDT/1d/BTCUSDT-1d-2024-10.zip,True
2024-10-22,67426.0,https://data.binance.vision/data/spot/monthly/klines/BTCUSDT/1d/BTCUSDT-1d-2024-10.zip,True
2024-10-23,66668.65,https://data.binance.vision/data/spot/monthly/klines/BTCUSDT/1d/BTCUSDT-1d-2024-10.zip,True
2024-10-24,68198.28,https://data.binance.vision/data/spot/monthly/klines/BTCUSDT/1d/BTCUSDT-1d-2024-10.zip,True
2024-10-25,66698.33,https://data.binance.vision/data/spot/monthly/klines/BTCUSDT/1d/BTCUSDT-1d-2024-10.zip,True
2024-10-26,67092.76,https://data.binance.vision/data/spot/monthly/klines/BTCUSDT/1d/BTCUSDT-1d-2024-10.zip,True
2024-10-27,68021.7,https://data.binance.vision/data/spot/monthly/klines/BTCUSDT/1d/BTCUSDT-1d-2024-10.zip,True
2024-10-28,69962.21,https://data.binance.vision/data/spot/monthly/klines/BTCUSDT/1d/BTCUSDT-1d-2024-10.zip,True
2024-10-29,72736.42,https://data.binance.vision/data/spot/monthly/klines/BTCUSDT/1d/BTCUSDT-1d-2024-10.zip,True
2024-10-30,72344.74,https://data.binance.vision/data/spot/monthly/klines/BTCUSDT/1d/BTCUSDT-1d-2024-10.zip,True
2024-10-31,70292.01,https://data.binance.vision/data/spot/monthly/klines/BTCUSDT/1d/BTCUSDT-1d-2024-10.zip,True
2024-11-01,69496.01,https://data.binance.vision/data/spot/monthly/klines/BTCUSDT/1d/BTCUSDT-1d-2024-11.zip,True
2024-11-02,69374.74,https://data.binance.vision/data/spot/monthly/klines/BTCUSDT/1d/BTCUSDT-1d-2024-11.zip,True
2024-11-03,68775.99,https://data.binance.vision/data/spot/monthly/klines/BTCUSDT/1d/BTCUSDT-1d-2024-11.zip,True
2024-11-04,67850.01,https://data.binance.vision/data/spot/monthly/klines/BTCUSDT/1d/BTCUSDT-1d-2024-11.zip,True
2024-11-05,69372.01,https://data.binance.vision/data/spot/monthly/klines/BTCUSDT/1d/BTCUSDT-1d-2024-11.zip,True
2024-11-06,75571.99,https://data.binance.vision/data/spot/monthly/klines/BTCUSDT/1d/BTCUSDT-1d-2024-11.zip,True
2024-11-07,75857.89,https://data.binance.vision/data/spot/monthly/klines/BTCUSDT/1d/BTCUSDT-1d-2024-11.zip,True
2024-11-08,76509.78,https://data.binance.vision/data/spot/monthly/klines/BTCUSDT/1d/BTCUSDT-1d-2024-11.zip,True
2024-11-09,76677.46,https://data.binance.vision/data/spot/monthly/klines/BTCUSDT/1d/BTCUSDT-1d-2024-11.zip,True
2024-11-10,80370.01,https://data.binance.vision/data/spot/monthly/klines/BTCUSDT/1d/BTCUSDT-1d-2024-11.zip,True
2024-11-11,88647.99,https://data.binance.vision/data/spot/monthly/klines/BTCUSDT/1d/BTCUSDT-1d-2024-11.zip,True
2024-11-12,87952.01,https://data.binance.vision/data/spot/monthly/klines/BTCUSDT/1d/BTCUSDT-1d-2024-11.zip,True
2024-11-13,90375.2,https://data.binance.vision/data/spot/monthly/klines/BTCUSDT/1d/BTCUSDT-1d-2024-11.zip,True
2024-11-14,87325.59,https://data.binance.vision/data/spot/monthly/klines/BTCUSDT/1d/BTCUSDT-1d-2024-11.zip,True
2024-11-15,91032.07,https://data.binance.vision/data/spot/monthly/klines/BTCUSDT/1d/BTCUSDT-1d-2024-11.zip,True
2024-11-16,90586.92,https://data.binance.vision/data/spot/monthly/klines/BTCUSDT/1d/BTCUSDT-1d-2024-11.zip,True
2024-11-17,89855.99,https://data.binance.vision/data/spot/monthly/klines/BTCUSDT/1d/BTCUSDT-1d-2024-11.zip,True
2024-11-18,90464.08,https://data.binance.vision/data/spot/monthly/klines/BTCUSDT/1d/BTCUSDT-1d-2024-11.zip,True
2024-11-19,92310.79,https://data.binance.vision/data/spot/monthly/klines/BTCUSDT/1d/BTCUSDT-1d-2024-11.zip,True
2024-11-20,94286.56,https://data.binance.vision/data/spot/monthly/klines/BTCUSDT/1d/BTCUSDT-1d-2024-11.zip,True
2024-11-21,98317.12,https://data.binance.vision/data/spot/monthly/klines/BTCUSDT/1d/BTCUSDT-1d-2024-11.zip,True
2024-11-22,98892.0,https://data.binance.vision/data/spot/monthly/klines/BTCUSDT/1d/BTCUSDT-1d-2024-11.zip,True
2024-11-23,97672.4,https://data.binance.vision/data/spot/monthly/klines/BTCUSDT/1d/BTCUSDT-1d-2024-11.zip,True
2024-11-24,97900.04,https://data.binance.vision/data/spot/monthly/klines/BTCUSDT/1d/BTCUSDT-1d-2024-11.zip,True
2024-11-25,93010.01,https://data.binance.vision/data/spot/monthly/klines/BTCUSDT/1d/BTCUSDT-1d-2024-11.zip,True
2024-11-26,91965.16,https://data.binance.vision/data/spot/monthly/klines/BTCUSDT/1d/BTCUSDT-1d-2024-11.zip,True
2024-11-27,95863.11,https://data.binance.vision/data/spot/monthly/klines/BTCUSDT/1d/BTCUSDT-1d-2024-11.zip,True
2024-11-28,95643.98,https://data.binance.vision/data/spot/monthly/klines/BTCUSDT/1d/BTCUSDT-1d-2024-11.zip,True
2024-11-29,97460.0,https://data.binance.vision/data/spot/monthly/klines/BTCUSDT/1d/BTCUSDT-1d-2024-11.zip,True
2024-11-30,96407.99,https://data.binance.vision/data/spot/monthly/klines/BTCUSDT/1d/BTCUSDT-1d-2024-11.zip,True
2024-12-01,97185.18,https://data.binance.vision/data/spot/monthly/klines/BTCUSDT/1d/BTCUSDT-1d-2024-12.zip,True
2024-12-02,95840.62,https://data.binance.vision/data/spot/monthly/klines/BTCUSDT/1d/BTCUSDT-1d-2024-12.zip,True
2024-12-03,95849.69,https://data.binance.vision/data/spot/monthly/klines/BTCUSDT/1d/BTCUSDT-1d-2024-12.zip,True
2024-12-04,98587.32,https://data.binance.vision/data/spot/monthly/klines/BTCUSDT/1d/BTCUSDT-1d-2024-12.zip,True
2024-12-05,96945.63,https://data.binance.vision/data/spot/monthly/klines/BTCUSDT/1d/BTCUSDT-1d-2024-12.zip,True
2024-12-06,99740.84,https://data.binance.vision/data/spot/monthly/klines/BTCUSDT/1d/BTCUSDT-1d-2024-12.zip,True
2024-12-07,99831.99,https://data.binance.vision/data/spot/monthly/klines/BTCUSDT/1d/BTCUSDT-1d-2024-12.zip,True
2024-12-08,101109.59,https://data.binance.vision/data/spot/monthly/klines/BTCUSDT/1d/BTCUSDT-1d-2024-12.zip,True
2024-12-09,97276.47,https://data.binance.vision/data/spot/monthly/klines/BTCUSDT/1d/BTCUSDT-1d-2024-12.zip,True
2024-12-10,96593.0,https://data.binance.vision/data/spot/monthly/klines/BTCUSDT/1d/BTCUSDT-1d-2024-12.zip,True
2024-12-11,101125.0,https://data.binance.vision/data/spot/monthly/klines/BTCUSDT/1d/BTCUSDT-1d-2024-12.zip,True
2024-12-12,100004.29,https://data.binance.vision/data/spot/monthly/klines/BTCUSDT/1d/BTCUSDT-1d-2024-12.zip,True
2024-12-13,101424.25,https://data.binance.vision/data/spot/monthly/klines/BTCUSDT/1d/BTCUSDT-1d-2024-12.zip,True
2024-12-14,101420.0,https://data.binance.vision/data/spot/monthly/klines/BTCUSDT/1d/BTCUSDT-1d-2024-12.zip,True
2024-12-15,104463.99,https://data.binance.vision/data/spot/monthly/klines/BTCUSDT/1d/BTCUSDT-1d-2024-12.zip,True
2024-12-16,106058.66,https://data.binance.vision/data/spot/monthly/klines/BTCUSDT/1d/BTCUSDT-1d-2024-12.zip,True
2024-12-17,106133.74,https://data.binance.vision/data/spot/monthly/klines/BTCUSDT/1d/BTCUSDT-1d-2024-12.zip,True
2024-12-18,100204.01,https://data.binance.vision/data/spot/monthly/klines/BTCUSDT/1d/BTCUSDT-1d-2024-12.zip,True
2024-12-19,97461.86,https://data.binance.vision/data/spot/monthly/klines/BTCUSDT/1d/BTCUSDT-1d-2024-12.zip,True
2024-12-20,97805.44,https://data.binance.vision/data/spot/monthly/klines/BTCUSDT/1d/BTCUSDT-1d-2024-12.zip,True
2024-12-21,97291.99,https://data.binance.vision/data/spot/monthly/klines/BTCUSDT/1d/BTCUSDT-1d-2024-12.zip,True
2024-12-22,95186.27,https://data.binance.vision/data/spot/monthly/klines/BTCUSDT/1d/BTCUSDT-1d-2024-12.zip,True
2024-12-23,94881.47,https://data.binance.vision/data/spot/monthly/klines/BTCUSDT/1d/BTCUSDT-1d-2024-12.zip,True
2024-12-24,98663.58,https://data.binance.vision/data/spot/monthly/klines/BTCUSDT/1d/BTCUSDT-1d-2024-12.zip,True
2024-12-25,99429.6,https://data.binance.vision/data/spot/monthly/klines/BTCUSDT/1d/BTCUSDT-1d-2024-12.zip,True
2024-12-26,95791.6,https://data.binance.vision/data/spot/monthly/klines/BTCUSDT/1d/BTCUSDT-1d-2024-12.zip,True
2024-12-27,94299.03,https://data.binance.vision/data/spot/monthly/klines/BTCUSDT/1d/BTCUSDT-1d-2024-12.zip,True
2024-12-28,95300.0,https://data.binance.vision/data/spot/monthly/klines/BTCUSDT/1d/BTCUSDT-1d-2024-12.zip,True
2024-12-29,93738.2,https://data.binance.vision/data/spot/monthly/klines/BTCUSDT/1d/BTCUSDT-1d-2024-12.zip,True
2024-12-30,92792.05,https://data.binance.vision/data/spot/monthly/klines/BTCUSDT/1d/BTCUSDT-1d-2024-12.zip,True
2024-12-31,93576.0,https://data.binance.vision/data/spot/monthly/klines/BTCUSDT/1d/BTCUSDT-1d-2024-12.zip,True
2025-01-01,94591.79,https://data.binance.vision/data/spot/monthly/klines/BTCUSDT/1d/BTCUSDT-1d-2025-01.zip,True
2025-01-02,96984.79,https://data.binance.vision/data/spot/monthly/klines/BTCUSDT/1d/BTCUSDT-1d-2025-01.zip,True
2025-01-03,98174.18,https://data.binance.vision/data/spot/monthly/klines/BTCUSDT/1d/BTCUSDT-1d-2025-01.zip,True
2025-01-04,98220.5,https://data.binance.vision/data/spot/monthly/klines/BTCUSDT/1d/BTCUSDT-1d-2025-01.zip,True
2025-01-05,98363.61,https://data.binance.vision/data/spot/monthly/klines/BTCUSDT/1d/BTCUSDT-1d-2025-01.zip,True
2025-01-06,102235.6,https://data.binance.vision/data/spot/monthly/klines/BTCUSDT/1d/BTCUSDT-1d-2025-01.zip,True
2025-01-07,96954.61,https://data.binance.vision/data/spot/monthly/klines/BTCUSDT/1d/BTCUSDT-1d-2025-01.zip,True
2025-01-08,95060.61,https://data.binance.vision/data/spot/monthly/klines/BTCUSDT/1d/BTCUSDT-1d-2025-01.zip,True
2025-01-09,92552.49,https://data.binance.vision/data/spot/monthly/klines/BTCUSDT/1d/BTCUSDT-1d-2025-01.zip,True
2025-01-10,94726.11,https://data.binance.vision/data/spot/monthly/klines/BTCUSDT/1d/BTCUSDT-1d-2025-01.zip,True
2025-01-11,94599.99,https://data.binance.vision/data/spot/monthly/klines/BTCUSDT/1d/BTCUSDT-1d-2025-01.zip,True
2025-01-12,94545.06,https://data.binance.vision/data/spot/monthly/klines/BTCUSDT/1d/BTCUSDT-1d-2025-01.zip,True
2025-01-13,94536.1,https://data.binance.vision/data/spot/monthly/klines/BTCUSDT/1d/BTCUSDT-1d-2025-01.zip,True
2025-01-14,96560.86,https://data.binance.vision/data/spot/monthly/klines/BTCUSDT/1d/BTCUSDT-1d-2025-01.zip,True
2025-01-15,100497.35,https://data.binance.vision/data/spot/monthly/klines/BTCUSDT/1d/BTCUSDT-1d-2025-01.zip,True
2025-01-16,99987.3,https://data.binance.vision/data/spot/monthly/klines/BTCUSDT/1d/BTCUSDT-1d-2025-01.zip,True
2025-01-17,104077.48,https://data.binance.vision/data/spot/monthly/klines/BTCUSDT/1d/BTCUSDT-1d-2025-01.zip,True
2025-01-18,104556.23,https://data.binance.vision/data/spot/monthly/klines/BTCUSDT/1d/BTCUSDT-1d-2025-01.zip,True
2025-01-19,101331.57,https://data.binance.vision/data/spot/monthly/klines/BTCUSDT/1d/BTCUSDT-1d-2025-01.zip,True
2025-01-20,102260.01,https://data.binance.vision/data/spot/monthly/klines/BTCUSDT/1d/BTCUSDT-1d-2025-01.zip,True
2025-01-21,106143.82,https://data.binance.vision/data/spot/monthly/klines/BTCUSDT/1d/BTCUSDT-1d-2025-01.zip,True
2025-01-22,103706.66,https://data.binance.vision/data/spot/monthly/klines/BTCUSDT/1d/BTCUSDT-1d-2025-01.zip,True
2025-01-23,103910.34,https://data.binance.vision/data/spot/monthly/klines/BTCUSDT/1d/BTCUSDT-1d-2025-01.zip,True
2025-01-24,104870.5,https://data.binance.vision/data/spot/monthly/klines/BTCUSDT/1d/BTCUSDT-1d-2025-01.zip,True
2025-01-25,104746.85,https://data.binance.vision/data/spot/monthly/klines/BTCUSDT/1d/BTCUSDT-1d-2025-01.zip,True
2025-01-26,102620.0,https://data.binance.vision/data/spot/monthly/klines/BTCUSDT/1d/BTCUSDT-1d-2025-01.zip,True
2025-01-27,102082.83,https://data.binance.vision/data/spot/monthly/klines/BTCUSDT/1d/BTCUSDT-1d-2025-01.zip,True
2025-01-28,101335.52,https://data.binance.vision/data/spot/monthly/klines/BTCUSDT/1d/BTCUSDT-1d-2025-01.zip,True
2025-01-29,103733.24,https://data.binance.vision/data/spot/monthly/klines/BTCUSDT/1d/BTCUSDT-1d-2025-01.zip,True
2025-01-30,104722.94,https://data.binance.vision/data/spot/monthly/klines/BTCUSDT/1d/BTCUSDT-1d-2025-01.zip,True
2025-01-31,102429.56,https://data.binance.vision/data/spot/monthly/klines/BTCUSDT/1d/BTCUSDT-1d-2025-01.zip,True
2025-02-01,100635.65,https://data.binance.vision/data/spot/monthly/klines/BTCUSDT/1d/BTCUSDT-1d-2025-02.zip,True
2025-02-02,97700.59,https://data.binance.vision/data/spot/monthly/klines/BTCUSDT/1d/BTCUSDT-1d-2025-02.zip,True
2025-02-03,101328.52,https://data.binance.vision/data/spot/monthly/klines/BTCUSDT/1d/BTCUSDT-1d-2025-02.zip,True
2025-02-04,97763.13,https://data.binance.vision/data/spot/monthly/klines/BTCUSDT/1d/BTCUSDT-1d-2025-02.zip,True
2025-02-05,96612.43,https://data.binance.vision/data/spot/monthly/klines/BTCUSDT/1d/BTCUSDT-1d-2025-02.zip,True
2025-02-06,96554.35,https://data.binance.vision/data/spot/monthly/klines/BTCUSDT/1d/BTCUSDT-1d-2025-02.zip,True
2025-02-07,96506.8,https://data.binance.vision/data/spot/monthly/klines/BTCUSDT/1d/BTCUSDT-1d-2025-02.zip,True
2025-02-08,96444.74,https://data.binance.vision/data/spot/monthly/klines/BTCUSDT/1d/BTCUSDT-1d-2025-02.zip,True
2025-02-09,96462.75,https://data.binance.vision/data/spot/monthly/klines/BTCUSDT/1d/BTCUSDT-1d-2025-02.zip,True
2025-02-10,97430.82,https://data.binance.vision/data/spot/monthly/klines/BTCUSDT/1d/BTCUSDT-1d-2025-02.zip,True
2025-02-11,95778.2,https://data.binance.vision/data/spot/monthly/klines/BTCUSDT/1d/BTCUSDT-1d-2025-02.zip,True
2025-02-12,97869.99,https://data.binance.vision/data/spot/monthly/klines/BTCUSDT/1d/BTCUSDT-1d-2025-02.zip,True
2025-02-13,96608.14,https://data.binance.vision/data/spot/monthly/klines/BTCUSDT/1d/BTCUSDT-1d-2025-02.zip,True
2025-02-14,97500.48,https://data.binance.vision/data/spot/monthly/klines/BTCUSDT/1d/BTCUSDT-1d-2025-02.zip,True
2025-02-15,97569.66,https://data.binance.vision/data/spot/monthly/klines/BTCUSDT/1d/BTCUSDT-1d-2025-02.zip,True
2025-02-16,96118.12,https://data.binance.vision/data/spot/monthly/klines/BTCUSDT/1d/BTCUSDT-1d-2025-02.zip,True
2025-02-17,95780.0,https://data.binance.vision/data/spot/monthly/klines/BTCUSDT/1d/BTCUSDT-1d-2025-02.zip,True
2025-02-18,95671.74,https://data.binance.vision/data/spot/monthly/klines/BTCUSDT/1d/BTCUSDT-1d-2025-02.zip,True
2025-02-19,96644.37,https://data.binance.vision/data/spot/monthly/klines/BTCUSDT/1d/BTCUSDT-1d-2025-02.zip,True
2025-02-20,98305.0,https://data.binance.vision/data/spot/monthly/klines/BTCUSDT/1d/BTCUSDT-1d-2025-02.zip,True
2025-02-21,96181.98,https://data.binance.vision/data/spot/monthly/klines/BTCUSDT/1d/BTCUSDT-1d-2025-02.zip,True
2025-02-22,96551.01,https://data.binance.vision/data/spot/monthly/klines/BTCUSDT/1d/BTCUSDT-1d-2025-02.zip,True
2025-02-23,96258.0,https://data.binance.vision/data/spot/monthly/klines/BTCUSDT/1d/BTCUSDT-1d-2025-02.zip,True
2025-02-24,91552.88,https://data.binance.vision/data/spot/monthly/klines/BTCUSDT/1d/BTCUSDT-1d-2025-02.zip,True
2025-02-25,88680.4,https://data.binance.vision/data/spot/monthly/klines/BTCUSDT/1d/BTCUSDT-1d-2025-02.zip,True
2025-02-26,84250.09,https://data.binance.vision/data/spot/monthly/klines/BTCUSDT/1d/BTCUSDT-1d-2025-02.zip,True
2025-02-27,84708.58,https://data.binance.vision/data/spot/monthly/klines/BTCUSDT/1d/BTCUSDT-1d-2025-02.zip,True
2025-02-28,84349.94,https://data.binance.vision/data/spot/monthly/klines/BTCUSDT/1d/BTCUSDT-1d-2025-02.zip,True
2025-03-01,86064.53,https://data.binance.vision/data/spot/monthly/klines/BTCUSDT/1d/BTCUSDT-1d-2025-03.zip,True
2025-03-02,94270.0,https://data.binance.vision/data/spot/monthly/klines/BTCUSDT/1d/BTCUSDT-1d-2025-03.zip,True
2025-03-03,86220.61,https://data.binance.vision/data/spot/monthly/klines/BTCUSDT/1d/BTCUSDT-1d-2025-03.zip,True
2025-03-04,87281.98,https://data.binance.vision/data/spot/monthly/klines/BTCUSDT/1d/BTCUSDT-1d-2025-03.zip,True
2025-03-05,90606.01,https://data.binance.vision/data/spot/monthly/klines/BTCUSDT/1d/BTCUSDT-1d-2025-03.zip,True
2025-03-06,89931.89,https://data.binance.vision/data/spot/monthly/klines/BTCUSDT/1d/BTCUSDT-1d-2025-03.zip,True
2025-03-07,86801.75,https://data.binance.vision/data/spot/monthly/klines/BTCUSDT/1d/BTCUSDT-1d-2025-03.zip,True
2025-03-08,86222.45,https://data.binance.vision/data/spot/monthly/klines/BTCUSDT/1d/BTCUSDT-1d-2025-03.zip,True
2025-03-09,80734.37,https://data.binance.vision/data/spot/monthly/klines/BTCUSDT/1d/BTCUSDT-1d-2025-03.zip,True
2025-03-10,78595.86,https://data.binance.vision/data/spot/monthly/klines/BTCUSDT/1d/BTCUSDT-1d-2025-03.zip,True
2025-03-11,82932.99,https://data.binance.vision/data/spot/monthly/klines/BTCUSDT/1d/BTCUSDT-1d-2025-03.zip,True
2025-03-12,83680.12,https://data.binance.vision/data/spot/monthly/klines/BTCUSDT/1d/BTCUSDT-1d-2025-03.zip,True
2025-03-13,81115.78,https://data.binance.vision/data/spot/monthly/klines/BTCUSDT/1d/BTCUSDT-1d-2025-03.zip,True
2025-03-14,83983.2,https://data.binance.vision/data/spot/monthly/klines/BTCUSDT/1d/BTCUSDT-1d-2025-03.zip,True
2025-03-15,84338.44,https://data.binance.vision/data/spot/monthly/klines/BTCUSDT/1d/BTCUSDT-1d-2025-03.zip,True
2025-03-16,82574.53,https://data.binance.vision/data/spot/monthly/klines/BTCUSDT/1d/BTCUSDT-1d-2025-03.zip,True
2025-03-17,84010.03,https://data.binance.vision/data/spot/monthly/klines/BTCUSDT/1d/BTCUSDT-1d-2025-03.zip,True
2025-03-18,82715.03,https://data.binance.vision/data/spot/monthly/klines/BTCUSDT/1d/BTCUSDT-1d-2025-03.zip,True
2025-03-19,86845.94,https://data.binance.vision/data/spot/monthly/klines/BTCUSDT/1d/BTCUSDT-1d-2025-03.zip,True
2025-03-20,84223.39,https://data.binance.vision/data/spot/monthly/klines/BTCUSDT/1d/BTCUSDT-1d-2025-03.zip,True
2025-03-21,84088.79,https://data.binance.vision/data/spot/monthly/klines/BTCUSDT/1d/BTCUSDT-1d-2025-03.zip,True
2025-03-22,83840.59,https://data.binance.vision/data/spot/monthly/klines/BTCUSDT/1d/BTCUSDT-1d-2025-03.zip,True
2025-03-23,86082.5,https://data.binance.vision/data/spot/monthly/klines/BTCUSDT/1d/BTCUSDT-1d-2025-03.zip,True
2025-03-24,87498.16,https://data.binance.vision/data/spot/monthly/klines/BTCUSDT/1d/BTCUSDT-1d-2025-03.zip,True
2025-03-25,87392.87,https://data.binance.vision/data/spot/monthly/klines/BTCUSDT/1d/BTCUSDT-1d-2025-03.zip,True
2025-03-26,86909.17,https://data.binance.vision/data/spot/monthly/klines/BTCUSDT/1d/BTCUSDT-1d-2025-03.zip,True
2025-03-27,87232.01,https://data.binance.vision/data/spot/monthly/klines/BTCUSDT/1d/BTCUSDT-1d-2025-03.zip,True
2025-03-28,84424.38,https://data.binance.vision/data/spot/monthly/klines/BTCUSDT/1d/BTCUSDT-1d-2025-03.zip,True
2025-03-29,82648.54,https://data.binance.vision/data/spot/monthly/klines/BTCUSDT/1d/BTCUSDT-1d-2025-03.zip,True
2025-03-30,82389.99,https://data.binance.vision/data/spot/monthly/klines/BTCUSDT/1d/BTCUSDT-1d-2025-03.zip,True
2025-03-31,82550.01,https://data.binance.vision/data/spot/monthly/klines/BTCUSDT/1d/BTCUSDT-1d-2025-03.zip,True
2025-04-01,85158.34,https://data.binance.vision/data/spot/monthly/klines/BTCUSDT/1d/BTCUSDT-1d-2025-04.zip,True
2025-04-02,82516.29,https://data.binance.vision/data/spot/monthly/klines/BTCUSDT/1d/BTCUSDT-1d-2025-04.zip,True
2025-04-03,83213.09,https://data.binance.vision/data/spot/monthly/klines/BTCUSDT/1d/BTCUSDT-1d-2025-04.zip,True
2025-04-04,83889.87,https://data.binance.vision/data/spot/monthly/klines/BTCUSDT/1d/BTCUSDT-1d-2025-04.zip,True
2025-04-05,83537.99,https://data.binance.vision/data/spot/monthly/klines/BTCUSDT/1d/BTCUSDT-1d-2025-04.zip,True
2025-04-06,78430.0,https://data.binance.vision/data/spot/monthly/klines/BTCUSDT/1d/BTCUSDT-1d-2025-04.zip,True
2025-04-07,79163.24,https://data.binance.vision/data/spot/monthly/klines/BTCUSDT/1d/BTCUSDT-1d-2025-04.zip,True
2025-04-08,76322.42,https://data.binance.vision/data/spot/monthly/klines/BTCUSDT/1d/BTCUSDT-1d-2025-04.zip,True
2025-04-09,82615.22,https://data.binance.vision/data/spot/monthly/klines/BTCUSDT/1d/BTCUSDT-1d-2025-04.zip,True
2025-04-10,79607.3,https://data.binance.vision/data/spot/monthly/klines/BTCUSDT/1d/BTCUSDT-1d-2025-04.zip,True
2025-04-11,83423.84,https://data.binance.vision/data/spot/monthly/klines/BTCUSDT/1d/BTCUSDT-1d-2025-04.zip,True
2025-04-12,85276.9,https://data.binance.vision/data/spot/monthly/klines/BTCUSDT/1d/BTCUSDT-1d-2025-04.zip,True
2025-04-13,83760.0,https://data.binance.vision/data/spot/monthly/klines/BTCUSDT/1d/BTCUSDT-1d-2025-04.zip,True
2025-04-14,84591.58,https://data.binance.vision/data/spot/monthly/klines/BTCUSDT/1d/BTCUSDT-1d-2025-04.zip,True
2025-04-15,83643.99,https://data.binance.vision/data/spot/monthly/klines/BTCUSDT/1d/BTCUSDT-1d-2025-04.zip,True
2025-04-16,84030.38,https://data.binance.vision/data/spot/monthly/klines/BTCUSDT/1d/BTCUSDT-1d-2025-04.zip,True
2025-04-17,84947.91,https://data.binance.vision/data/spot/monthly/klines/BTCUSDT/1d/BTCUSDT-1d-2025-04.zip,True
2025-04-18,84474.69,https://data.binance.vision/data/spot/monthly/klines/BTCUSDT/1d/BTCUSDT-1d-2025-04.zip,True
2025-04-19,85077.01,https://data.binance.vision/data/spot/monthly/klines/BTCUSDT/1d/BTCUSDT-1d-2025-04.zip,True
2025-04-20,85179.24,https://data.binance.vision/data/spot/monthly/klines/BTCUSDT/1d/BTCUSDT-1d-2025-04.zip,True
2025-04-21,87516.23,https://data.binance.vision/data/spot/monthly/klines/BTCUSDT/1d/BTCUSDT-1d-2025-04.zip,True
2025-04-22,93442.99,https://data.binance.vision/data/spot/monthly/klines/BTCUSDT/1d/BTCUSDT-1d-2025-04.zip,True
2025-04-23,93691.08,https://data.binance.vision/data/spot/monthly/klines/BTCUSDT/1d/BTCUSDT-1d-2025-04.zip,True
2025-04-24,93980.47,https://data.binance.vision/data/spot/monthly/klines/BTCUSDT/1d/BTCUSDT-1d-2025-04.zip,True
2025-04-25,94638.68,https://data.binance.vision/data/spot/monthly/klines/BTCUSDT/1d/BTCUSDT-1d-2025-04.zip,True
2025-04-26,94628.0,https://data.binance.vision/data/spot/monthly/klines/BTCUSDT/1d/BTCUSDT-1d-2025-04.zip,True
2025-04-27,93749.3,https://data.binance.vision/data/spot/monthly/klines/BTCUSDT/1d/BTCUSDT-1d-2025-04.zip,True
2025-04-28,95011.18,https://data.binance.vision/data/spot/monthly/klines/BTCUSDT/1d/BTCUSDT-1d-2025-04.zip,True
2025-04-29,94256.82,https://data.binance.vision/data/spot/monthly/klines/BTCUSDT/1d/BTCUSDT-1d-2025-04.zip,True
2025-04-30,94172.0,https://data.binance.vision/data/spot/monthly/klines/BTCUSDT/1d/BTCUSDT-1d-2025-04.zip,True
2025-05-01,96489.91,https://data.binance.vision/data/spot/monthly/klines/BTCUSDT/1d/BTCUSDT-1d-2025-05.zip,True
2025-05-02,96887.14,https://data.binance.vision/data/spot/monthly/klines/BTCUSDT/1d/BTCUSDT-1d-2025-05.zip,True
2025-05-03,95856.42,https://data.binance.vision/data/spot/monthly/klines/BTCUSDT/1d/BTCUSDT-1d-2025-05.zip,True
2025-05-04,94277.62,https://data.binance.vision/data/spot/monthly/klines/BTCUSDT/1d/BTCUSDT-1d-2025-05.zip,True
2025-05-05,94733.68,https://data.binance.vision/data/spot/monthly/klines/BTCUSDT/1d/BTCUSDT-1d-2025-05.zip,True
2025-05-06,96834.02,https://data.binance.vision/data/spot/monthly/klines/BTCUSDT/1d/BTCUSDT-1d-2025-05.zip,True
2025-05-07,97030.5,https://data.binance.vision/data/spot/monthly/klines/BTCUSDT/1d/BTCUSDT-1d-2025-05.zip,True
2025-05-08,103261.6,https://data.binance.vision/data/spot/monthly/klines/BTCUSDT/1d/BTCUSDT-1d-2025-05.zip,True
2025-05-09,102971.99,https://data.binance.vision/data/spot/monthly/klines/BTCUSDT/1d/BTCUSDT-1d-2025-05.zip,True
2025-05-10,104809.53,https://data.binance.vision/data/spot/monthly/klines/BTCUSDT/1d/BTCUSDT-1d-2025-05.zip,True
2025-05-11,104118.0,https://data.binance.vision/data/spot/monthly/klines/BTCUSDT/1d/BTCUSDT-1d-2025-05.zip,True
2025-05-12,102791.32,https://data.binance.vision/data/spot/monthly/klines/BTCUSDT/1d/BTCUSDT-1d-2025-05.zip,True
2025-05-13,104103.72,https://data.binance.vision/data/spot/monthly/klines/BTCUSDT/1d/BTCUSDT-1d-2025-05.zip,True
2025-05-14,103507.82,https://data.binance.vision/data/spot/monthly/klines/BTCUSDT/1d/BTCUSDT-1d-2025-05.zip,True
2025-05-15,103763.71,https://data.binance.vision/data/spot/monthly/klines/BTCUSDT/1d/BTCUSDT-1d-2025-05.zip,True
2025-05-16,103463.9,https://data.binance.vision/data/spot/monthly/klines/BTCUSDT/1d/BTCUSDT-1d-2025-05.zip,True
2025-05-17,103126.65,https://data.binance.vision/data/spot/monthly/klines/BTCUSDT/1d/BTCUSDT-1d-2025-05.zip,True
2025-05-18,106454.26,https://data.binance.vision/data/spot/monthly/klines/BTCUSDT/1d/BTCUSDT-1d-2025-05.zip,True
2025-05-19,105573.74,https://data.binance.vision/data/spot/monthly/klines/BTCUSDT/1d/BTCUSDT-1d-2025-05.zip,True
2025-05-20,106849.99,https://data.binance.vision/data/spot/monthly/klines/BTCUSDT/1d/BTCUSDT-1d-2025-05.zip,True
2025-05-21,109643.99,https://data.binance.vision/data/spot/monthly/klines/BTCUSDT/1d/BTCUSDT-1d-2025-05.zip,True
2025-05-22,111696.21,https://data.binance.vision/data/spot/monthly/klines/BTCUSDT/1d/BTCUSDT-1d-2025-05.zip,True
2025-05-23,107318.3,https://data.binance.vision/data/spot/monthly/klines/BTCUSDT/1d/BTCUSDT-1d-2025-05.zip,True
2025-05-24,107761.91,https://data.binance.vision/data/spot/monthly/klines/BTCUSDT/1d/BTCUSDT-1d-2025-05.zip,True
2025-05-25,109004.19,https://data.binance.vision/data/spot/monthly/klines/BTCUSDT/1d/BTCUSDT-1d-2025-05.zip,True
2025-05-26,109434.79,https://data.binance.vision/data/spot/monthly/klines/BTCUSDT/1d/BTCUSDT-1d-2025-05.zip,True
2025-05-27,108938.17,https://data.binance.vision/data/spot/monthly/klines/BTCUSDT/1d/BTCUSDT-1d-2025-05.zip,True
2025-05-28,107781.78,https://data.binance.vision/data/spot/monthly/klines/BTCUSDT/1d/BTCUSDT-1d-2025-05.zip,True
2025-05-29,105589.75,https://data.binance.vision/data/spot/monthly/klines/BTCUSDT/1d/BTCUSDT-1d-2025-05.zip,True
2025-05-30,103985.48,https://data.binance.vision/data/spot/monthly/klines/BTCUSDT/1d/BTCUSDT-1d-2025-05.zip,True
2025-05-31,104591.88,https://data.binance.vision/data/spot/monthly/klines/BTCUSDT/1d/BTCUSDT-1d-2025-05.zip,True
2025-06-01,105642.93,https://data.binance.vision/data/spot/monthly/klines/BTCUSDT/1d/BTCUSDT-1d-2025-06.zip,True
2025-06-02,105857.99,https://data.binance.vision/data/spot/monthly/klines/BTCUSDT/1d/BTCUSDT-1d-2025-06.zip,True
2025-06-03,105376.89,https://data.binance.vision/data/spot/monthly/klines/BTCUSDT/1d/BTCUSDT-1d-2025-06.zip,True
2025-06-04,104696.86,https://data.binance.vision/data/spot/monthly/klines/BTCUSDT/1d/BTCUSDT-1d-2025-06.zip,True
2025-06-05,101508.68,https://data.binance.vision/data/spot/monthly/klines/BTCUSDT/1d/BTCUSDT-1d-2025-06.zip,True
2025-06-06,104288.44,https://data.binance.vision/data/spot/monthly/klines/BTCUSDT/1d/BTCUSDT-1d-2025-06.zip,True
2025-06-07,105552.15,https://data.binance.vision/data/spot/monthly/klines/BTCUSDT/1d/BTCUSDT-1d-2025-06.zip,True
2025-06-08,105734.0,https://data.binance.vision/data/spot/monthly/klines/BTCUSDT/1d/BTCUSDT-1d-2025-06.zip,True
2025-06-09,110263.02,https://data.binance.vision/data/spot/monthly/klines/BTCUSDT/1d/BTCUSDT-1d-2025-06.zip,True
2025-06-10,110274.39,https://data.binance.vision/data/spot/monthly/klines/BTCUSDT/1d/BTCUSDT-1d-2025-06.zip,True
2025-06-11,108645.12,https://data.binance.vision/data/spot/monthly/klines/BTCUSDT/1d/BTCUSDT-1d-2025-06.zip,True
2025-06-12,105671.73,https://data.binance.vision/data/spot/monthly/klines/BTCUSDT/1d/BTCUSDT-1d-2025-06.zip,True
2025-06-13,106066.59,https://data.binance.vision/data/spot/monthly/klines/BTCUSDT/1d/BTCUSDT-1d-2025-06.zip,True
2025-06-14,105414.64,https://data.binance.vision/data/spot/monthly/klines/BTCUSDT/1d/BTCUSDT-1d-2025-06.zip,True
2025-06-15,105594.01,https://data.binance.vision/data/spot/monthly/klines/BTCUSDT/1d/BTCUSDT-1d-2025-06.zip,True
2025-06-16,106794.53,https://data.binance.vision/data/spot/monthly/klines/BTCUSDT/1d/BTCUSDT-1d-2025-06.zip,True
2025-06-17,104551.17,https://data.binance.vision/data/spot/monthly/klines/BTCUSDT/1d/BTCUSDT-1d-2025-06.zip,True
2025-06-18,104886.78,https://data.binance.vision/data/spot/monthly/klines/BTCUSDT/1d/BTCUSDT-1d-2025-06.zip,True
2025-06-19,104658.59,https://data.binance.vision/data/spot/monthly/klines/BTCUSDT/1d/BTCUSDT-1d-2025-06.zip,True
2025-06-20,103297.99,https://data.binance.vision/data/spot/monthly/klines/BTCUSDT/1d/BTCUSDT-1d-2025-06.zip,True
2025-06-21,102120.01,https://data.binance.vision/data/spot/monthly/klines/BTCUSDT/1d/BTCUSDT-1d-2025-06.zip,True
2025-06-22,100963.87,https://data.binance.vision/data/spot/monthly/klines/BTCUSDT/1d/BTCUSDT-1d-2025-06.zip,True
2025-06-23,105333.93,https://data.binance.vision/data/spot/monthly/klines/BTCUSDT/1d/BTCUSDT-1d-2025-06.zip,True
2025-06-24,106083.0,https://data.binance.vision/data/spot/monthly/klines/BTCUSDT/1d/BTCUSDT-1d-2025-06.zip,True
2025-06-25,107340.58,https://data.binance.vision/data/spot/monthly/klines/BTCUSDT/1d/BTCUSDT-1d-2025-06.zip,True
2025-06-26,106947.06,https://data.binance.vision/data/spot/monthly/klines/BTCUSDT/1d/BTCUSDT-1d-2025-06.zip,True
2025-06-27,107047.59,https://data.binance.vision/data/spot/monthly/klines/BTCUSDT/1d/BTCUSDT-1d-2025-06.zip,True
2025-06-28,107296.79,https://data.binance.vision/data/spot/monthly/klines/BTCUSDT/1d/BTCUSDT-1d-2025-06.zip,True
2025-06-29,108356.93,https://data.binance.vision/data/spot/monthly/klines/BTCUSDT/1d/BTCUSDT-1d-2025-06.zip,True
2025-06-30,107146.5,https://data.binance.vision/data/spot/monthly/klines/BTCUSDT/1d/BTCUSDT-1d-2025-06.zip,True
2025-07-01,105681.14,https://data.binance.vision/data/spot/monthly/klines/BTCUSDT/1d/BTCUSDT-1d-2025-07.zip,True
2025-07-02,108849.6,https://data.binance.vision/data/spot/monthly/klines/BTCUSDT/1d/BTCUSDT-1d-2025-07.zip,True
2025-07-03,109584.78,https://data.binance.vision/data/spot/monthly/klines/BTCUSDT/1d/BTCUSDT-1d-2025-07.zip,True
2025-07-04,107984.24,https://data.binance.vision/data/spot/monthly/klines/BTCUSDT/1d/BTCUSDT-1d-2025-07.zip,True
2025-07-05,108198.12,https://data.binance.vision/data/spot/monthly/klines/BTCUSDT/1d/BTCUSDT-1d-2025-07.zip,True
2025-07-06,109203.84,https://data.binance.vision/data/spot/monthly/klines/BTCUSDT/1d/BTCUSDT-1d-2025-07.zip,True
2025-07-07,108262.94,https://data.binance.vision/data/spot/monthly/klines/BTCUSDT/1d/BTCUSDT-1d-2025-07.zip,True
2025-07-08,108922.98,https://data.binance.vision/data/spot/monthly/klines/BTCUSDT/1d/BTCUSDT-1d-2025-07.zip,True
2025-07-09,111233.99,https://data.binance.vision/data/spot/monthly/klines/BTCUSDT/1d/BTCUSDT-1d-2025-07.zip,True
2025-07-10,116010.0,https://data.binance.vision/data/spot/monthly/klines/BTCUSDT/1d/BTCUSDT-1d-2025-07.zip,True
2025-07-11,117527.66,https://data.binance.vision/data/spot/monthly/klines/BTCUSDT/1d/BTCUSDT-1d-2025-07.zip,True
2025-07-12,117420.0,https://data.binance.vision/data/spot/monthly/klines/BTCUSDT/1d/BTCUSDT-1d-2025-07.zip,True
2025-07-13,119086.64,https://data.binance.vision/data/spot/monthly/klines/BTCUSDT/1d/BTCUSDT-1d-2025-07.zip,True
2025-07-14,119841.18,https://data.binance.vision/data/spot/monthly/klines/BTCUSDT/1d/BTCUSDT-1d-2025-07.zip,True
2025-07-15,117758.09,https://data.binance.vision/data/spot/monthly/klines/BTCUSDT/1d/BTCUSDT-1d-2025-07.zip,True
2025-07-16,118630.43,https://data.binance.vision/data/spot/monthly/klines/BTCUSDT/1d/BTCUSDT-1d-2025-07.zip,True
2025-07-17,119177.56,https://data.binance.vision/data/spot/monthly/klines/BTCUSDT/1d/BTCUSDT-1d-2025-07.zip,True
2025-07-18,117924.84,https://data.binance.vision/data/spot/monthly/klines/BTCUSDT/1d/BTCUSDT-1d-2025-07.zip,True
2025-07-19,117840.0,https://data.binance.vision/data/spot/monthly/klines/BTCUSDT/1d/BTCUSDT-1d-2025-07.zip,True
2025-07-20,117265.12,https://data.binance.vision/data/spot/monthly/klines/BTCUSDT/1d/BTCUSDT-1d-2025-07.zip,True
2025-07-21,117380.36,https://data.binance.vision/data/spot/monthly/klines/BTCUSDT/1d/BTCUSDT-1d-2025-07.zip,True
2025-07-22,119954.42,https://data.binance.vision/data/spot/monthly/klines/BTCUSDT/1d/BTCUSDT-1d-2025-07.zip,True
2025-07-23,118755.99,https://data.binance.vision/data/spot/monthly/klines/BTCUSDT/1d/BTCUSDT-1d-2025-07.zip,True
2025-07-24,118340.99,https://data.binance.vision/data/spot/monthly/klines/BTCUSDT/1d/BTCUSDT-1d-2025-07.zip,True
2025-07-25,117614.31,https://data.binance.vision/data/spot/monthly/klines/BTCUSDT/1d/BTCUSDT-1d-2025-07.zip,True
2025-07-26,117919.99,https://data.binance.vision/data/spot/monthly/klines/BTCUSDT/1d/BTCUSDT-1d-2025-07.zip,True
2025-07-27,119415.55,https://data.binance.vision/data/spot/monthly/klines/BTCUSDT/1d/BTCUSDT-1d-2025-07.zip,True
2025-07-28,118062.32,https://data.binance.vision/data/spot/monthly/klines/BTCUSDT/1d/BTCUSDT-1d-2025-07.zip,True
2025-07-29,117950.76,https://data.binance.vision/data/spot/monthly/klines/BTCUSDT/1d/BTCUSDT-1d-2025-07.zip,True
2025-07-30,117840.3,https://data.binance.vision/data/spot/monthly/klines/BTCUSDT/1d/BTCUSDT-1d-2025-07.zip,True
2025-07-31,115764.08,https://data.binance.vision/data/spot/monthly/klines/BTCUSDT/1d/BTCUSDT-1d-2025-07.zip,True
2025-08-01,113297.93,https://data.binance.vision/data/spot/monthly/klines/BTCUSDT/1d/BTCUSDT-1d-2025-08.zip,True
2025-08-02,112546.35,https://data.binance.vision/data/spot/monthly/klines/BTCUSDT/1d/BTCUSDT-1d-2025-08.zip,True
2025-08-03,114208.8,https://data.binance.vision/data/spot/monthly/klines/BTCUSDT/1d/BTCUSDT-1d-2025-08.zip,True
2025-08-04,115055.03,https://data.binance.vision/data/spot/monthly/klines/BTCUSDT/1d/BTCUSDT-1d-2025-08.zip,True
2025-08-05,114129.75,https://data.binance.vision/data/spot/monthly/klines/BTCUSDT/1d/BTCUSDT-1d-2025-08.zip,True
2025-08-06,114992.27,https://data.binance.vision/data/spot/monthly/klines/BTCUSDT/1d/BTCUSDT-1d-2025-08.zip,True
2025-08-07,117472.01,https://data.binance.vision/data/spot/monthly/klines/BTCUSDT/1d/BTCUSDT-1d-2025-08.zip,True
2025-08-08,116674.74,https://data.binance.vision/data/spot/monthly/klines/BTCUSDT/1d/BTCUSDT-1d-2025-08.zip,True
2025-08-09,116462.25,https://data.binance.vision/data/spot/monthly/klines/BTCUSDT/1d/BTCUSDT-1d-2025-08.zip,True
2025-08-10,119294.01,https://data.binance.vision/data/spot/monthly/klines/BTCUSDT/1d/BTCUSDT-1d-2025-08.zip,True
2025-08-11,118686.0,https://data.binance.vision/data/spot/monthly/klines/BTCUSDT/1d/BTCUSDT-1d-2025-08.zip,True
2025-08-12,120134.08,https://data.binance.vision/data/spot/monthly/klines/BTCUSDT/1d/BTCUSDT-1d-2025-08.zip,True
2025-08-13,123306.43,https://data.binance.vision/data/spot/monthly/klines/BTCUSDT/1d/BTCUSDT-1d-2025-08.zip,True
2025-08-14,118295.09,https://data.binance.vision/data/spot/monthly/klines/BTCUSDT/1d/BTCUSDT-1d-2025-08.zip,True
2025-08-15,117342.05,https://data.binance.vision/data/spot/monthly/klines/BTCUSDT/1d/BTCUSDT-1d-2025-08.zip,True
2025-08-16,117380.66,https://data.binance.vision/data/spot/monthly/klines/BTCUSDT/1d/BTCUSDT-1d-2025-08.zip,True
2025-08-17,117405.01,https://data.binance.vision/data/spot/monthly/klines/BTCUSDT/1d/BTCUSDT-1d-2025-08.zip,True
2025-08-18,116227.05,https://data.binance.vision/data/spot/monthly/klines/BTCUSDT/1d/BTCUSDT-1d-2025-08.zip,True
2025-08-19,112872.94,https://data.binance.vision/data/spot/monthly/klines/BTCUSDT/1d/BTCUSDT-1d-2025-08.zip,True
2025-08-20,114271.24,https://data.binance.vision/data/spot/monthly/klines/BTCUSDT/1d/BTCUSDT-1d-2025-08.zip,True
2025-08-21,112500.0,https://data.binance.vision/data/spot/monthly/klines/BTCUSDT/1d/BTCUSDT-1d-2025-08.zip,True
2025-08-22,116935.99,https://data.binance.vision/data/spot/monthly/klines/BTCUSDT/1d/BTCUSDT-1d-2025-08.zip,True
2025-08-23,115438.05,https://data.binance.vision/data/spot/monthly/klines/BTCUSDT/1d/BTCUSDT-1d-2025-08.zip,True
2025-08-24,113493.59,https://data.binance.vision/data/spot/monthly/klines/BTCUSDT/1d/BTCUSDT-1d-2025-08.zip,True
2025-08-25,110111.98,https://data.binance.vision/data/spot/monthly/klines/BTCUSDT/1d/BTCUSDT-1d-2025-08.zip,True
2025-08-26,111763.22,https://data.binance.vision/data/spot/monthly/klines/BTCUSDT/1d/BTCUSDT-1d-2025-08.zip,True
2025-08-27,111262.01,https://data.binance.vision/data/spot/monthly/klines/BTCUSDT/1d/BTCUSDT-1d-2025-08.zip,True
2025-08-28,112566.9,https://data.binance.vision/data/spot/monthly/klines/BTCUSDT/1d/BTCUSDT-1d-2025-08.zip,True
2025-08-29,108377.4,https://data.binance.vision/data/spot/monthly/klines/BTCUSDT/1d/BTCUSDT-1d-2025-08.zip,True
2025-08-30,108816.33,https://data.binance.vision/data/spot/monthly/klines/BTCUSDT/1d/BTCUSDT-1d-2025-08.zip,True
2025-08-31,108246.35,https://data.binance.vision/data/spot/monthly/klines/BTCUSDT/1d/BTCUSDT-1d-2025-08.zip,True
2025-09-01,109237.42,https://data.binance.vision/data/spot/monthly/klines/BTCUSDT/1d/BTCUSDT-1d-2025-09.zip,True
2025-09-02,111240.01,https://data.binance.vision/data/spot/monthly/klines/BTCUSDT/1d/BTCUSDT-1d-2025-09.zip,True
2025-09-03,111705.71,https://data.binance.vision/data/spot/monthly/klines/BTCUSDT/1d/BTCUSDT-1d-2025-09.zip,True
2025-09-04,110730.87,https://data.binance.vision/data/spot/monthly/klines/BTCUSDT/1d/BTCUSDT-1d-2025-09.zip,True
2025-09-05,110659.99,https://data.binance.vision/data/spot/monthly/klines/BTCUSDT/1d/BTCUSDT-1d-2025-09.zip,True
2025-09-06,110187.97,https://data.binance.vision/data/spot/monthly/klines/BTCUSDT/1d/BTCUSDT-1d-2025-09.zip,True
2025-09-07,111137.34,https://data.binance.vision/data/spot/monthly/klines/BTCUSDT/1d/BTCUSDT-1d-2025-09.zip,True
2025-09-08,112065.23,https://data.binance.vision/data/spot/monthly/klines/BTCUSDT/1d/BTCUSDT-1d-2025-09.zip,True
2025-09-09,111546.39,https://data.binance.vision/data/spot/monthly/klines/BTCUSDT/1d/BTCUSDT-1d-2025-09.zip,True
2025-09-10,113960.0,https://data.binance.vision/data/spot/monthly/klines/BTCUSDT/1d/BTCUSDT-1d-2025-09.zip,True
2025-09-11,115482.69,https://data.binance.vision/data/spot/monthly/klines/BTCUSDT/1d/BTCUSDT-1d-2025-09.zip,True
2025-09-12,116029.42,https://data.binance.vision/data/spot/monthly/klines/BTCUSDT/1d/BTCUSDT-1d-2025-09.zip,True
2025-09-13,115918.29,https://data.binance.vision/data/spot/monthly/klines/BTCUSDT/1d/BTCUSDT-1d-2025-09.zip,True
2025-09-14,115268.01,https://data.binance.vision/data/spot/monthly/klines/BTCUSDT/1d/BTCUSDT-1d-2025-09.zip,True
2025-09-15,115349.71,https://data.binance.vision/data/spot/monthly/klines/BTCUSDT/1d/BTCUSDT-1d-2025-09.zip,True
2025-09-16,116788.96,https://data.binance.vision/data/spot/monthly/klines/BTCUSDT/1d/BTCUSDT-1d-2025-09.zip,True
2025-09-17,116447.59,https://data.binance.vision/data/spot/monthly/klines/BTCUSDT/1d/BTCUSDT-1d-2025-09.zip,True
2025-09-18,117073.53,https://data.binance.vision/data/spot/monthly/klines/BTCUSDT/1d/BTCUSDT-1d-2025-09.zip,True
2025-09-19,115632.38,https://data.binance.vision/data/spot/monthly/klines/BTCUSDT/1d/BTCUSDT-1d-2025-09.zip,True
2025-09-20,115685.63,https://data.binance.vision/data/spot/monthly/klines/BTCUSDT/1d/BTCUSDT-1d-2025-09.zip,True
2025-09-21,115232.29,https://data.binance.vision/data/spot/monthly/klines/BTCUSDT/1d/BTCUSDT-1d-2025-09.zip,True
2025-09-22,112650.99,https://data.binance.vision/data/spot/monthly/klines/BTCUSDT/1d/BTCUSDT-1d-2025-09.zip,True
2025-09-23,111998.8,https://data.binance.vision/data/spot/monthly/klines/BTCUSDT/1d/BTCUSDT-1d-2025-09.zip,True
2025-09-24,113307.0,https://data.binance.vision/data/spot/monthly/klines/BTCUSDT/1d/BTCUSDT-1d-2025-09.zip,True
2025-09-25,108994.49,https://data.binance.vision/data/spot/monthly/klines/BTCUSDT/1d/BTCUSDT-1d-2025-09.zip,True
2025-09-26,109643.46,https://data.binance.vision/data/spot/monthly/klines/BTCUSDT/1d/BTCUSDT-1d-2025-09.zip,True
2025-09-27,109635.85,https://data.binance.vision/data/spot/monthly/klines/BTCUSDT/1d/BTCUSDT-1d-2025-09.zip,True
2025-09-28,112163.95,https://data.binance.vision/data/spot/monthly/klines/BTCUSDT/1d/BTCUSDT-1d-2025-09.zip,True
2025-09-29,114311.96,https://data.binance.vision/data/spot/monthly/klines/BTCUSDT/1d/BTCUSDT-1d-2025-09.zip,True
2025-09-30,114048.93,https://data.binance.vision/data/spot/monthly/klines/BTCUSDT/1d/BTCUSDT-1d-2025-09.zip,True
2025-10-01,118594.99,https://data.binance.vision/data/spot/monthly/klines/BTCUSDT/1d/BTCUSDT-1d-2025-10.zip,True
2025-10-02,120529.35,https://data.binance.vision/data/spot/monthly/klines/BTCUSDT/1d/BTCUSDT-1d-2025-10.zip,True
2025-10-03,122232.0,https://data.binance.vision/data/spot/monthly/klines/BTCUSDT/1d/BTCUSDT-1d-2025-10.zip,True
2025-10-04,122391.0,https://data.binance.vision/data/spot/monthly/klines/BTCUSDT/1d/BTCUSDT-1d-2025-10.zip,True
2025-10-05,123482.31,https://data.binance.vision/data/spot/monthly/klines/BTCUSDT/1d/BTCUSDT-1d-2025-10.zip,True
2025-10-06,124658.54,https://data.binance.vision/data/spot/monthly/klines/BTCUSDT/1d/BTCUSDT-1d-2025-10.zip,True
2025-10-07,121332.95,https://data.binance.vision/data/spot/monthly/klines/BTCUSDT/1d/BTCUSDT-1d-2025-10.zip,True
2025-10-08,123306.0,https://data.binance.vision/data/spot/monthly/klines/BTCUSDT/1d/BTCUSDT-1d-2025-10.zip,True
2025-10-09,121662.4,https://data.binance.vision/data/spot/monthly/klines/BTCUSDT/1d/BTCUSDT-1d-2025-10.zip,True
2025-10-10,112774.5,https://data.binance.vision/data/spot/monthly/klines/BTCUSDT/1d/BTCUSDT-1d-2025-10.zip,True
2025-10-11,110644.4,https://data.binance.vision/data/spot/monthly/klines/BTCUSDT/1d/BTCUSDT-1d-2025-10.zip,True
2025-10-12,114958.8,https://data.binance.vision/data/spot/monthly/klines/BTCUSDT/1d/BTCUSDT-1d-2025-10.zip,True
2025-10-13,115166.0,https://data.binance.vision/data/spot/monthly/klines/BTCUSDT/1d/BTCUSDT-1d-2025-10.zip,True
2025-10-14,113028.14,https://data.binance.vision/data/spot/monthly/klines/BTCUSDT/1d/BTCUSDT-1d-2025-10.zip,True
2025-10-15,110763.28,https://data.binance.vision/data/spot/monthly/klines/BTCUSDT/1d/BTCUSDT-1d-2025-10.zip,True
2025-10-16,108194.28,https://data.binance.vision/data/spot/monthly/klines/BTCUSDT/1d/BTCUSDT-1d-2025-10.zip,True
2025-10-17,106431.68,https://data.binance.vision/data/spot/monthly/klines/BTCUSDT/1d/BTCUSDT-1d-2025-10.zip,True
2025-10-18,107185.01,https://data.binance.vision/data/spot/monthly/klines/BTCUSDT/1d/BTCUSDT-1d-2025-10.zip,True
2025-10-19,108642.78,https://data.binance.vision/data/spot/monthly/klines/BTCUSDT/1d/BTCUSDT-1d-2025-10.zip,True
2025-10-20,110532.09,https://data.binance.vision/data/spot/monthly/klines/BTCUSDT/1d/BTCUSDT-1d-2025-10.zip,True
2025-10-21,108297.67,https://data.binance.vision/data/spot/monthly/klines/BTCUSDT/1d/BTCUSDT-1d-2025-10.zip,True
2025-10-22,107567.44,https://data.binance.vision/data/spot/monthly/klines/BTCUSDT/1d/BTCUSDT-1d-2025-10.zip,True
2025-10-23,110078.18,https://data.binance.vision/data/spot/monthly/klines/BTCUSDT/1d/BTCUSDT-1d-2025-10.zip,True
2025-10-24,111004.89,https://data.binance.vision/data/spot/monthly/klines/BTCUSDT/1d/BTCUSDT-1d-2025-10.zip,True
2025-10-25,111646.27,https://data.binance.vision/data/spot/monthly/klines/BTCUSDT/1d/BTCUSDT-1d-2025-10.zip,True
2025-10-26,114559.4,https://data.binance.vision/data/spot/monthly/klines/BTCUSDT/1d/BTCUSDT-1d-2025-10.zip,True
2025-10-27,114107.65,https://data.binance.vision/data/spot/monthly/klines/BTCUSDT/1d/BTCUSDT-1d-2025-10.zip,True
2025-10-28,112898.45,https://data.binance.vision/data/spot/monthly/klines/BTCUSDT/1d/BTCUSDT-1d-2025-10.zip,True
2025-10-29,110021.29,https://data.binance.vision/data/spot/monthly/klines/BTCUSDT/1d/BTCUSDT-1d-2025-10.zip,True
2025-10-30,108322.88,https://data.binance.vision/data/spot/monthly/klines/BTCUSDT/1d/BTCUSDT-1d-2025-10.zip,True
2025-10-31,109608.01,https://data.binance.vision/data/spot/monthly/klines/BTCUSDT/1d/BTCUSDT-1d-2025-10.zip,True
2025-11-01,110098.1,https://data.binance.vision/data/spot/monthly/klines/BTCUSDT/1d/BTCUSDT-1d-2025-11.zip,True
2025-11-02,110540.68,https://data.binance.vision/data/spot/monthly/klines/BTCUSDT/1d/BTCUSDT-1d-2025-11.zip,True
2025-11-03,106583.04,https://data.binance.vision/data/spot/monthly/klines/BTCUSDT/1d/BTCUSDT-1d-2025-11.zip,True
2025-11-04,101497.22,https://data.binance.vision/data/spot/monthly/klines/BTCUSDT/1d/BTCUSDT-1d-2025-11.zip,True
2025-11-05,103885.16,https://data.binance.vision/data/spot/monthly/klines/BTCUSDT/1d/BTCUSDT-1d-2025-11.zip,True
2025-11-06,101346.04,https://data.binance.vision/data/spot/monthly/klines/BTCUSDT/1d/BTCUSDT-1d-2025-11.zip,True
2025-11-07,103339.08,https://data.binance.vision/data/spot/monthly/klines/BTCUSDT/1d/BTCUSDT-1d-2025-11.zip,True
2025-11-08,102312.94,https://data.binance.vision/data/spot/monthly/klines/BTCUSDT/1d/BTCUSDT-1d-2025-11.zip,True
2025-11-09,104722.96,https://data.binance.vision/data/spot/monthly/klines/BTCUSDT/1d/BTCUSDT-1d-2025-11.zip,True
2025-11-10,106011.13,https://data.binance.vision/data/spot/monthly/klines/BTCUSDT/1d/BTCUSDT-1d-2025-11.zip,True
2025-11-11,103058.99,https://data.binance.vision/data/spot/monthly/klines/BTCUSDT/1d/BTCUSDT-1d-2025-11.zip,True
2025-11-12,101654.37,https://data.binance.vision/data/spot/monthly/klines/BTCUSDT/1d/BTCUSDT-1d-2025-11.zip,True
2025-11-13,99692.02,https://data.binance.vision/data/spot/monthly/klines/BTCUSDT/1d/BTCUSDT-1d-2025-11.zip,True
2025-11-14,94594.0,https://data.binance.vision/data/spot/monthly/klines/BTCUSDT/1d/BTCUSDT-1d-2025-11.zip,True
2025-11-15,95596.24,https://data.binance.vision/data/spot/monthly/klines/BTCUSDT/1d/BTCUSDT-1d-2025-11.zip,True
2025-11-16,94261.44,https://data.binance.vision/data/spot/monthly/klines/BTCUSDT/1d/BTCUSDT-1d-2025-11.zip,True
2025-11-17,92215.14,https://data.binance.vision/data/spot/monthly/klines/BTCUSDT/1d/BTCUSDT-1d-2025-11.zip,True
2025-11-18,92960.83,https://data.binance.vision/data/spot/monthly/klines/BTCUSDT/1d/BTCUSDT-1d-2025-11.zip,True
2025-11-19,91554.96,https://data.binance.vision/data/spot/monthly/klines/BTCUSDT/1d/BTCUSDT-1d-2025-11.zip,True
2025-11-20,86637.23,https://data.binance.vision/data/spot/monthly/klines/BTCUSDT/1d/BTCUSDT-1d-2025-11.zip,True
2025-11-21,85129.43,https://data.binance.vision/data/spot/monthly/klines/BTCUSDT/1d/BTCUSDT-1d-2025-11.zip,True
2025-11-22,84739.74,https://data.binance.vision/data/spot/monthly/klines/BTCUSDT/1d/BTCUSDT-1d-2025-11.zip,True
2025-11-23,86830.0,https://data.binance.vision/data/spot/monthly/klines/BTCUSDT/1d/BTCUSDT-1d-2025-11.zip,True
2025-11-24,88300.01,https://data.binance.vision/data/spot/monthly/klines/BTCUSDT/1d/BTCUSDT-1d-2025-11.zip,True
2025-11-25,87369.96,https://data.binance.vision/data/spot/monthly/klines/BTCUSDT/1d/BTCUSDT-1d-2025-11.zip,True
2025-11-26,90484.02,https://data.binance.vision/data/spot/monthly/klines/BTCUSDT/1d/BTCUSDT-1d-2025-11.zip,True
2025-11-27,91333.95,https://data.binance.vision/data/spot/monthly/klines/BTCUSDT/1d/BTCUSDT-1d-2025-11.zip,True
2025-11-28,90890.7,https://data.binance.vision/data/spot/monthly/klines/BTCUSDT/1d/BTCUSDT-1d-2025-11.zip,True
2025-11-29,90802.44,https://data.binance.vision/data/spot/monthly/klines/BTCUSDT/1d/BTCUSDT-1d-2025-11.zip,True
2025-11-30,90360.0,https://data.binance.vision/data/spot/monthly/klines/BTCUSDT/1d/BTCUSDT-1d-2025-11.zip,True
2025-12-01,86286.01,https://data.binance.vision/data/spot/monthly/klines/BTCUSDT/1d/BTCUSDT-1d-2025-12.zip,True
2025-12-02,91277.88,https://data.binance.vision/data/spot/monthly/klines/BTCUSDT/1d/BTCUSDT-1d-2025-12.zip,True
2025-12-03,93429.95,https://data.binance.vision/data/spot/monthly/klines/BTCUSDT/1d/BTCUSDT-1d-2025-12.zip,True
2025-12-04,92078.06,https://data.binance.vision/data/spot/monthly/klines/BTCUSDT/1d/BTCUSDT-1d-2025-12.zip,True
2025-12-05,89330.04,https://data.binance.vision/data/spot/monthly/klines/BTCUSDT/1d/BTCUSDT-1d-2025-12.zip,True
2025-12-06,89236.79,https://data.binance.vision/data/spot/monthly/klines/BTCUSDT/1d/BTCUSDT-1d-2025-12.zip,True
2025-12-07,90395.31,https://data.binance.vision/data/spot/monthly/klines/BTCUSDT/1d/BTCUSDT-1d-2025-12.zip,True
2025-12-08,90634.34,https://data.binance.vision/data/spot/monthly/klines/BTCUSDT/1d/BTCUSDT-1d-2025-12.zip,True
2025-12-09,92678.8,https://data.binance.vision/data/spot/monthly/klines/BTCUSDT/1d/BTCUSDT-1d-2025-12.zip,True
2025-12-10,92015.37,https://data.binance.vision/data/spot/monthly/klines/BTCUSDT/1d/BTCUSDT-1d-2025-12.zip,True
2025-12-11,92513.38,https://data.binance.vision/data/spot/monthly/klines/BTCUSDT/1d/BTCUSDT-1d-2025-12.zip,True
2025-12-12,90268.42,https://data.binance.vision/data/spot/monthly/klines/BTCUSDT/1d/BTCUSDT-1d-2025-12.zip,True
2025-12-13,90240.01,https://data.binance.vision/data/spot/monthly/klines/BTCUSDT/1d/BTCUSDT-1d-2025-12.zip,True
2025-12-14,88172.17,https://data.binance.vision/data/spot/monthly/klines/BTCUSDT/1d/BTCUSDT-1d-2025-12.zip,True
2025-12-15,86432.08,https://data.binance.vision/data/spot/monthly/klines/BTCUSDT/1d/BTCUSDT-1d-2025-12.zip,True
2025-12-16,87863.42,https://data.binance.vision/data/spot/monthly/klines/BTCUSDT/1d/BTCUSDT-1d-2025-12.zip,True
2025-12-17,86243.22,https://data.binance.vision/data/spot/monthly/klines/BTCUSDT/1d/BTCUSDT-1d-2025-12.zip,True
2025-12-18,85516.41,https://data.binance.vision/data/spot/monthly/klines/BTCUSDT/1d/BTCUSDT-1d-2025-12.zip,True
2025-12-19,88136.94,https://data.binance.vision/data/spot/monthly/klines/BTCUSDT/1d/BTCUSDT-1d-2025-12.zip,True
2025-12-20,88360.9,https://data.binance.vision/data/spot/monthly/klines/BTCUSDT/1d/BTCUSDT-1d-2025-12.zip,True
2025-12-21,88658.86,https://data.binance.vision/data/spot/monthly/klines/BTCUSDT/1d/BTCUSDT-1d-2025-12.zip,True
2025-12-22,88620.79,https://data.binance.vision/data/spot/monthly/klines/BTCUSDT/1d/BTCUSDT-1d-2025-12.zip,True
2025-12-23,87486.0,https://data.binance.vision/data/spot/monthly/klines/BTCUSDT/1d/BTCUSDT-1d-2025-12.zip,True
2025-12-24,87669.45,https://data.binance.vision/data/spot/monthly/klines/BTCUSDT/1d/BTCUSDT-1d-2025-12.zip,True
2025-12-25,87225.27,https://data.binance.vision/data/spot/monthly/klines/BTCUSDT/1d/BTCUSDT-1d-2025-12.zip,True
2025-12-26,87369.56,https://data.binance.vision/data/spot/monthly/klines/BTCUSDT/1d/BTCUSDT-1d-2025-12.zip,True
2025-12-27,87877.01,https://data.binance.vision/data/spot/monthly/klines/BTCUSDT/1d/BTCUSDT-1d-2025-12.zip,True
2025-12-28,87952.71,https://data.binance.vision/data/spot/monthly/klines/BTCUSDT/1d/BTCUSDT-1d-2025-12.zip,True
2025-12-29,87237.13,https://data.binance.vision/data/spot/monthly/klines/BTCUSDT/1d/BTCUSDT-1d-2025-12.zip,True
2025-12-30,88485.49,https://data.binance.vision/data/spot/monthly/klines/BTCUSDT/1d/BTCUSDT-1d-2025-12.zip,True
2025-12-31,87648.22,https://data.binance.vision/data/spot/monthly/klines/BTCUSDT/1d/BTCUSDT-1d-2025-12.zip,True
2026-01-01,88839.04,https://data.binance.vision/data/spot/monthly/klines/BTCUSDT/1d/BTCUSDT-1d-2026-01.zip,True
2026-01-02,89995.13,https://data.binance.vision/data/spot/monthly/klines/BTCUSDT/1d/BTCUSDT-1d-2026-01.zip,True
2026-01-03,90628.01,https://data.binance.vision/data/spot/monthly/klines/BTCUSDT/1d/BTCUSDT-1d-2026-01.zip,True
2026-01-04,91529.73,https://data.binance.vision/data/spot/monthly/klines/BTCUSDT/1d/BTCUSDT-1d-2026-01.zip,True
2026-01-05,93859.71,https://data.binance.vision/data/spot/monthly/klines/BTCUSDT/1d/BTCUSDT-1d-2026-01.zip,True
2026-01-06,93747.97,https://data.binance.vision/data/spot/monthly/klines/BTCUSDT/1d/BTCUSDT-1d-2026-01.zip,True
2026-01-07,91364.16,https://data.binance.vision/data/spot/monthly/klines/BTCUSDT/1d/BTCUSDT-1d-2026-01.zip,True
2026-01-08,91099.99,https://data.binance.vision/data/spot/monthly/klines/BTCUSDT/1d/BTCUSDT-1d-2026-01.zip,True
2026-01-09,90641.28,https://data.binance.vision/data/spot/monthly/klines/BTCUSDT/1d/BTCUSDT-1d-2026-01.zip,True
2026-01-10,90504.7,https://data.binance.vision/data/spot/monthly/klines/BTCUSDT/1d/BTCUSDT-1d-2026-01.zip,True
2026-01-11,91013.65,https://data.binance.vision/data/spot/monthly/klines/BTCUSDT/1d/BTCUSDT-1d-2026-01.zip,True
2026-01-12,91296.2,https://data.binance.vision/data/spot/monthly/klines/BTCUSDT/1d/BTCUSDT-1d-2026-01.zip,True
2026-01-13,95414.0,https://data.binance.vision/data/spot/monthly/klines/BTCUSDT/1d/BTCUSDT-1d-2026-01.zip,True
2026-01-14,96951.78,https://data.binance.vision/data/spot/monthly/klines/BTCUSDT/1d/BTCUSDT-1d-2026-01.zip,True
2026-01-15,95604.8,https://data.binance.vision/data/spot/monthly/klines/BTCUSDT/1d/BTCUSDT-1d-2026-01.zip,True
2026-01-16,95550.94,https://data.binance.vision/data/spot/monthly/klines/BTCUSDT/1d/BTCUSDT-1d-2026-01.zip,True
2026-01-17,95147.77,https://data.binance.vision/data/spot/monthly/klines/BTCUSDT/1d/BTCUSDT-1d-2026-01.zip,True
2026-01-18,93673.14,https://data.binance.vision/data/spot/monthly/klines/BTCUSDT/1d/BTCUSDT-1d-2026-01.zip,True
2026-01-19,92631.0,https://data.binance.vision/data/spot/monthly/klines/BTCUSDT/1d/BTCUSDT-1d-2026-01.zip,True
2026-01-20,88427.66,https://data.binance.vision/data/spot/monthly/klines/BTCUSDT/1d/BTCUSDT-1d-2026-01.zip,True
2026-01-21,89454.73,https://data.binance.vision/data/spot/monthly/klines/BTCUSDT/1d/BTCUSDT-1d-2026-01.zip,True
2026-01-22,89559.67,https://data.binance.vision/data/spot/monthly/klines/BTCUSDT/1d/BTCUSDT-1d-2026-01.zip,True
2026-01-23,89600.26,https://data.binance.vision/data/spot/monthly/klines/BTCUSDT/1d/BTCUSDT-1d-2026-01.zip,True
2026-01-24,89225.34,https://data.binance.vision/data/spot/monthly/klines/BTCUSDT/1d/BTCUSDT-1d-2026-01.zip,True
2026-01-25,86670.36,https://data.binance.vision/data/spot/monthly/klines/BTCUSDT/1d/BTCUSDT-1d-2026-01.zip,True
2026-01-26,88347.08,https://data.binance.vision/data/spot/monthly/klines/BTCUSDT/1d/BTCUSDT-1d-2026-01.zip,True
2026-01-27,89250.0,https://data.binance.vision/data/spot/monthly/klines/BTCUSDT/1d/BTCUSDT-1d-2026-01.zip,True
2026-01-28,89299.99,https://data.binance.vision/data/spot/monthly/klines/BTCUSDT/1d/BTCUSDT-1d-2026-01.zip,True
2026-01-29,84650.16,https://data.binance.vision/data/spot/monthly/klines/BTCUSDT/1d/BTCUSDT-1d-2026-01.zip,True
2026-01-30,84260.49,https://data.binance.vision/data/spot/monthly/klines/BTCUSDT/1d/BTCUSDT-1d-2026-01.zip,True
2026-01-31,78741.09,https://data.binance.vision/data/spot/monthly/klines/BTCUSDT/1d/BTCUSDT-1d-2026-01.zip,True
2026-02-01,76968.21,https://data.binance.vision/data/spot/monthly/klines/BTCUSDT/1d/BTCUSDT-1d-2026-02.zip,True
2026-02-02,78738.61,https://data.binance.vision/data/spot/monthly/klines/BTCUSDT/1d/BTCUSDT-1d-2026-02.zip,True
2026-02-03,75770.21,https://data.binance.vision/data/spot/monthly/klines/BTCUSDT/1d/BTCUSDT-1d-2026-02.zip,True
2026-02-04,73165.83,https://data.binance.vision/data/spot/monthly/klines/BTCUSDT/1d/BTCUSDT-1d-2026-02.zip,True
2026-02-05,62909.86,https://data.binance.vision/data/spot/monthly/klines/BTCUSDT/1d/BTCUSDT-1d-2026-02.zip,True
2026-02-06,70580.26,https://data.binance.vision/data/spot/monthly/klines/BTCUSDT/1d/BTCUSDT-1d-2026-02.zip,True
2026-02-07,69289.38,https://data.binance.vision/data/spot/monthly/klines/BTCUSDT/1d/BTCUSDT-1d-2026-02.zip,True
2026-02-08,70330.38,https://data.binance.vision/data/spot/monthly/klines/BTCUSDT/1d/BTCUSDT-1d-2026-02.zip,True
2026-02-09,70138.0,https://data.binance.vision/data/spot/monthly/klines/BTCUSDT/1d/BTCUSDT-1d-2026-02.zip,True
2026-02-10,68841.29,https://data.binance.vision/data/spot/monthly/klines/BTCUSDT/1d/BTCUSDT-1d-2026-02.zip,True
2026-02-11,67082.52,https://data.binance.vision/data/spot/monthly/klines/BTCUSDT/1d/BTCUSDT-1d-2026-02.zip,True
2026-02-12,66272.17,https://data.binance.vision/data/spot/monthly/klines/BTCUSDT/1d/BTCUSDT-1d-2026-02.zip,True
2026-02-13,68853.96,https://data.binance.vision/data/spot/monthly/klines/BTCUSDT/1d/BTCUSDT-1d-2026-02.zip,True
2026-02-14,69822.95,https://data.binance.vision/data/spot/monthly/klines/BTCUSDT/1d/BTCUSDT-1d-2026-02.zip,True
2026-02-15,68832.58,https://data.binance.vision/data/spot/monthly/klines/BTCUSDT/1d/BTCUSDT-1d-2026-02.zip,True
2026-02-16,68892.43,https://data.binance.vision/data/spot/monthly/klines/BTCUSDT/1d/BTCUSDT-1d-2026-02.zip,True
2026-02-17,67503.52,https://data.binance.vision/data/spot/monthly/klines/BTCUSDT/1d/BTCUSDT-1d-2026-02.zip,True
2026-02-18,66461.0,https://data.binance.vision/data/spot/monthly/klines/BTCUSDT/1d/BTCUSDT-1d-2026-02.zip,True
2026-02-19,67003.73,https://data.binance.vision/data/spot/monthly/klines/BTCUSDT/1d/BTCUSDT-1d-2026-02.zip,True
2026-02-20,68020.01,https://data.binance.vision/data/spot/monthly/klines/BTCUSDT/1d/BTCUSDT-1d-2026-02.zip,True
2026-02-21,67975.93,https://data.binance.vision/data/spot/monthly/klines/BTCUSDT/1d/BTCUSDT-1d-2026-02.zip,True
2026-02-22,67643.4,https://data.binance.vision/data/spot/monthly/klines/BTCUSDT/1d/BTCUSDT-1d-2026-02.zip,True
2026-02-23,64656.02,https://data.binance.vision/data/spot/monthly/klines/BTCUSDT/1d/BTCUSDT-1d-2026-02.zip,True
2026-02-24,64058.15,https://data.binance.vision/data/spot/monthly/klines/BTCUSDT/1d/BTCUSDT-1d-2026-02.zip,True
2026-02-25,67988.04,https://data.binance.vision/data/spot/monthly/klines/BTCUSDT/1d/BTCUSDT-1d-2026-02.zip,True
2026-02-26,67485.18,https://data.binance.vision/data/spot/monthly/klines/BTCUSDT/1d/BTCUSDT-1d-2026-02.zip,True
2026-02-27,65872.1,https://data.binance.vision/data/spot/monthly/klines/BTCUSDT/1d/BTCUSDT-1d-2026-02.zip,True
2026-02-28,66973.26,https://data.binance.vision/data/spot/monthly/klines/BTCUSDT/1d/BTCUSDT-1d-2026-02.zip,True
2026-03-01,65776.47,https://data.binance.vision/data/spot/monthly/klines/BTCUSDT/1d/BTCUSDT-1d-2026-03.zip,True
2026-03-02,68830.06,https://data.binance.vision/data/spot/monthly/klines/BTCUSDT/1d/BTCUSDT-1d-2026-03.zip,True
2026-03-03,68338.0,https://data.binance.vision/data/spot/monthly/klines/BTCUSDT/1d/BTCUSDT-1d-2026-03.zip,True
2026-03-04,72666.77,https://data.binance.vision/data/spot/monthly/klines/BTCUSDT/1d/BTCUSDT-1d-2026-03.zip,True
2026-03-05,70890.72,https://data.binance.vision/data/spot/monthly/klines/BTCUSDT/1d/BTCUSDT-1d-2026-03.zip,True
2026-03-06,68114.02,https://data.binance.vision/data/spot/monthly/klines/BTCUSDT/1d/BTCUSDT-1d-2026-03.zip,True
2026-03-07,67262.91,https://data.binance.vision/data/spot/monthly/klines/BTCUSDT/1d/BTCUSDT-1d-2026-03.zip,True
2026-03-08,65971.2,https://data.binance.vision/data/spot/monthly/klines/BTCUSDT/1d/BTCUSDT-1d-2026-03.zip,True
2026-03-09,68432.16,https://data.binance.vision/data/spot/monthly/klines/BTCUSDT/1d/BTCUSDT-1d-2026-03.zip,True
2026-03-10,69948.63,https://data.binance.vision/data/spot/monthly/klines/BTCUSDT/1d/BTCUSDT-1d-2026-03.zip,True
2026-03-11,70191.86,https://data.binance.vision/data/spot/monthly/klines/BTCUSDT/1d/BTCUSDT-1d-2026-03.zip,True
2026-03-12,70541.34,https://data.binance.vision/data/spot/monthly/klines/BTCUSDT/1d/BTCUSDT-1d-2026-03.zip,True
2026-03-13,70930.0,https://data.binance.vision/data/spot/monthly/klines/BTCUSDT/1d/BTCUSDT-1d-2026-03.zip,True
2026-03-14,71211.95,https://data.binance.vision/data/spot/monthly/klines/BTCUSDT/1d/BTCUSDT-1d-2026-03.zip,True
2026-03-15,72815.24,https://data.binance.vision/data/spot/monthly/klines/BTCUSDT/1d/BTCUSDT-1d-2026-03.zip,True
2026-03-16,74884.67,https://data.binance.vision/data/spot/monthly/klines/BTCUSDT/1d/BTCUSDT-1d-2026-03.zip,True
2026-03-17,73909.36,https://data.binance.vision/data/spot/monthly/klines/BTCUSDT/1d/BTCUSDT-1d-2026-03.zip,True
2026-03-18,71246.54,https://data.binance.vision/data/spot/monthly/klines/BTCUSDT/1d/BTCUSDT-1d-2026-03.zip,True
2026-03-19,69930.0,https://data.binance.vision/data/spot/monthly/klines/BTCUSDT/1d/BTCUSDT-1d-2026-03.zip,True
2026-03-20,70510.73,https://data.binance.vision/data/spot/monthly/klines/BTCUSDT/1d/BTCUSDT-1d-2026-03.zip,True
2026-03-21,68918.12,https://data.binance.vision/data/spot/monthly/klines/BTCUSDT/1d/BTCUSDT-1d-2026-03.zip,True
2026-03-22,67859.0,https://data.binance.vision/data/spot/monthly/klines/BTCUSDT/1d/BTCUSDT-1d-2026-03.zip,True
2026-03-23,70906.45,https://data.binance.vision/data/spot/monthly/klines/BTCUSDT/1d/BTCUSDT-1d-2026-03.zip,True
2026-03-24,70556.74,https://data.binance.vision/data/spot/monthly/klines/BTCUSDT/1d/BTCUSDT-1d-2026-03.zip,True
2026-03-25,71336.53,https://data.binance.vision/data/spot/monthly/klines/BTCUSDT/1d/BTCUSDT-1d-2026-03.zip,True
2026-03-26,68820.31,https://data.binance.vision/data/spot/monthly/klines/BTCUSDT/1d/BTCUSDT-1d-2026-03.zip,True
2026-03-27,66407.28,https://data.binance.vision/data/spot/monthly/klines/BTCUSDT/1d/BTCUSDT-1d-2026-03.zip,True
2026-03-28,66377.03,https://data.binance.vision/data/spot/monthly/klines/BTCUSDT/1d/BTCUSDT-1d-2026-03.zip,True
2026-03-29,66010.93,https://data.binance.vision/data/spot/monthly/klines/BTCUSDT/1d/BTCUSDT-1d-2026-03.zip,True
2026-03-30,66797.37,https://data.binance.vision/data/spot/monthly/klines/BTCUSDT/1d/BTCUSDT-1d-2026-03.zip,True
2026-03-31,68284.48,https://data.binance.vision/data/spot/monthly/klines/BTCUSDT/1d/BTCUSDT-1d-2026-03.zip,True
2026-04-01,68113.92,https://data.binance.vision/data/spot/monthly/klines/BTCUSDT/1d/BTCUSDT-1d-2026-04.zip,True
2026-04-02,66901.99,https://data.binance.vision/data/spot/monthly/klines/BTCUSDT/1d/BTCUSDT-1d-2026-04.zip,True
2026-04-03,66964.3,https://data.binance.vision/data/spot/monthly/klines/BTCUSDT/1d/BTCUSDT-1d-2026-04.zip,True
2026-04-04,67300.42,https://data.binance.vision/data/spot/monthly/klines/BTCUSDT/1d/BTCUSDT-1d-2026-04.zip,True
2026-04-05,69034.18,https://data.binance.vision/data/spot/monthly/klines/BTCUSDT/1d/BTCUSDT-1d-2026-04.zip,True
2026-04-06,68853.66,https://data.binance.vision/data/spot/monthly/klines/BTCUSDT/1d/BTCUSDT-1d-2026-04.zip,True
2026-04-07,71924.22,https://data.binance.vision/data/spot/monthly/klines/BTCUSDT/1d/BTCUSDT-1d-2026-04.zip,True
2026-04-08,71069.93,https://data.binance.vision/data/spot/monthly/klines/BTCUSDT/1d/BTCUSDT-1d-2026-04.zip,True
2026-04-09,71787.97,https://data.binance.vision/data/spot/monthly/klines/BTCUSDT/1d/BTCUSDT-1d-2026-04.zip,True
2026-04-10,72962.7,https://data.binance.vision/data/spot/monthly/klines/BTCUSDT/1d/BTCUSDT-1d-2026-04.zip,True
2026-04-11,73043.16,https://data.binance.vision/data/spot/monthly/klines/BTCUSDT/1d/BTCUSDT-1d-2026-04.zip,True
2026-04-12,70740.98,https://data.binance.vision/data/spot/monthly/klines/BTCUSDT/1d/BTCUSDT-1d-2026-04.zip,True
2026-04-13,74417.99,https://data.binance.vision/data/spot/monthly/klines/BTCUSDT/1d/BTCUSDT-1d-2026-04.zip,True
2026-04-14,74131.55,https://data.binance.vision/data/spot/monthly/klines/BTCUSDT/1d/BTCUSDT-1d-2026-04.zip,True
2026-04-15,74809.99,https://data.binance.vision/data/spot/monthly/klines/BTCUSDT/1d/BTCUSDT-1d-2026-04.zip,True
2026-04-16,75154.29,https://data.binance.vision/data/spot/monthly/klines/BTCUSDT/1d/BTCUSDT-1d-2026-04.zip,True
2026-04-17,77072.0,https://data.binance.vision/data/spot/monthly/klines/BTCUSDT/1d/BTCUSDT-1d-2026-04.zip,True
2026-04-18,75691.76,https://data.binance.vision/data/spot/monthly/klines/BTCUSDT/1d/BTCUSDT-1d-2026-04.zip,True
2026-04-19,73801.79,https://data.binance.vision/data/spot/monthly/klines/BTCUSDT/1d/BTCUSDT-1d-2026-04.zip,True
2026-04-20,75840.97,https://data.binance.vision/data/spot/monthly/klines/BTCUSDT/1d/BTCUSDT-1d-2026-04.zip,True
2026-04-21,76336.15,https://data.binance.vision/data/spot/monthly/klines/BTCUSDT/1d/BTCUSDT-1d-2026-04.zip,True
2026-04-22,78178.23,https://data.binance.vision/data/spot/monthly/klines/BTCUSDT/1d/BTCUSDT-1d-2026-04.zip,True
2026-04-23,78257.48,https://data.binance.vision/data/spot/monthly/klines/BTCUSDT/1d/BTCUSDT-1d-2026-04.zip,True
2026-04-24,77437.13,https://data.binance.vision/data/spot/monthly/klines/BTCUSDT/1d/BTCUSDT-1d-2026-04.zip,True
2026-04-25,77625.0,https://data.binance.vision/data/spot/monthly/klines/BTCUSDT/1d/BTCUSDT-1d-2026-04.zip,True
2026-04-26,78657.55,https://data.binance.vision/data/spot/monthly/klines/BTCUSDT/1d/BTCUSDT-1d-2026-04.zip,True
2026-04-27,77371.32,https://data.binance.vision/data/spot/monthly/klines/BTCUSDT/1d/BTCUSDT-1d-2026-04.zip,True
2026-04-28,76342.77,https://data.binance.vision/data/spot/monthly/klines/BTCUSDT/1d/BTCUSDT-1d-2026-04.zip,True
2026-04-29,75780.0,https://data.binance.vision/data/spot/monthly/klines/BTCUSDT/1d/BTCUSDT-1d-2026-04.zip,True
2026-04-30,76346.57,https://data.binance.vision/data/spot/monthly/klines/BTCUSDT/1d/BTCUSDT-1d-2026-04.zip,True
2026-05-01,78231.13,https://data.binance.vision/data/spot/monthly/klines/BTCUSDT/1d/BTCUSDT-1d-2026-05.zip,True
2026-05-02,78686.85,https://data.binance.vision/data/spot/monthly/klines/BTCUSDT/1d/BTCUSDT-1d-2026-05.zip,True
2026-05-03,78568.57,https://data.binance.vision/data/spot/monthly/klines/BTCUSDT/1d/BTCUSDT-1d-2026-05.zip,True
2026-05-04,79861.01,https://data.binance.vision/data/spot/monthly/klines/BTCUSDT/1d/BTCUSDT-1d-2026-05.zip,True
2026-05-05,80905.52,https://data.binance.vision/data/spot/monthly/klines/BTCUSDT/1d/BTCUSDT-1d-2026-05.zip,True
2026-05-06,81447.01,https://data.binance.vision/data/spot/monthly/klines/BTCUSDT/1d/BTCUSDT-1d-2026-05.zip,True
2026-05-07,80006.0,https://data.binance.vision/data/spot/monthly/klines/BTCUSDT/1d/BTCUSDT-1d-2026-05.zip,True
2026-05-08,80193.17,https://data.binance.vision/data/spot/monthly/klines/BTCUSDT/1d/BTCUSDT-1d-2026-05.zip,True
2026-05-09,80678.4,https://data.binance.vision/data/spot/monthly/klines/BTCUSDT/1d/BTCUSDT-1d-2026-05.zip,True
2026-05-10,82210.07,https://data.binance.vision/data/spot/monthly/klines/BTCUSDT/1d/BTCUSDT-1d-2026-05.zip,True
2026-05-11,81745.65,https://data.binance.vision/data/spot/monthly/klines/BTCUSDT/1d/BTCUSDT-1d-2026-05.zip,True
2026-05-12,80504.47,https://data.binance.vision/data/spot/monthly/klines/BTCUSDT/1d/BTCUSDT-1d-2026-05.zip,True
2026-05-13,79313.61,https://data.binance.vision/data/spot/monthly/klines/BTCUSDT/1d/BTCUSDT-1d-2026-05.zip,True
2026-05-14,81089.99,https://data.binance.vision/data/spot/monthly/klines/BTCUSDT/1d/BTCUSDT-1d-2026-05.zip,True
2026-05-15,79113.21,https://data.binance.vision/data/spot/monthly/klines/BTCUSDT/1d/BTCUSDT-1d-2026-05.zip,True
2026-05-16,78148.05,https://data.binance.vision/data/spot/monthly/klines/BTCUSDT/1d/BTCUSDT-1d-2026-05.zip,True
2026-05-17,77457.67,https://data.binance.vision/data/spot/monthly/klines/BTCUSDT/1d/BTCUSDT-1d-2026-05.zip,True
2026-05-18,77001.87,https://data.binance.vision/data/spot/monthly/klines/BTCUSDT/1d/BTCUSDT-1d-2026-05.zip,True
2026-05-19,76834.36,https://data.binance.vision/data/spot/monthly/klines/BTCUSDT/1d/BTCUSDT-1d-2026-05.zip,True
2026-05-20,77552.23,https://data.binance.vision/data/spot/monthly/klines/BTCUSDT/1d/BTCUSDT-1d-2026-05.zip,True
2026-05-21,77615.52,https://data.binance.vision/data/spot/monthly/klines/BTCUSDT/1d/BTCUSDT-1d-2026-05.zip,True
2026-05-22,75539.5,https://data.binance.vision/data/spot/monthly/klines/BTCUSDT/1d/BTCUSDT-1d-2026-05.zip,True
2026-05-23,76752.01,https://data.binance.vision/data/spot/monthly/klines/BTCUSDT/1d/BTCUSDT-1d-2026-05.zip,True
2026-05-24,77064.96,https://data.binance.vision/data/spot/monthly/klines/BTCUSDT/1d/BTCUSDT-1d-2026-05.zip,True
2026-05-25,77322.01,https://data.binance.vision/data/spot/monthly/klines/BTCUSDT/1d/BTCUSDT-1d-2026-05.zip,True
2026-05-26,75930.01,https://data.binance.vision/data/spot/monthly/klines/BTCUSDT/1d/BTCUSDT-1d-2026-05.zip,True
2026-05-27,74449.3,https://data.binance.vision/data/spot/monthly/klines/BTCUSDT/1d/BTCUSDT-1d-2026-05.zip,True
2026-05-28,73617.51,https://data.binance.vision/data/spot/monthly/klines/BTCUSDT/1d/BTCUSDT-1d-2026-05.zip,True
2026-05-29,73460.78,https://data.binance.vision/data/spot/monthly/klines/BTCUSDT/1d/BTCUSDT-1d-2026-05.zip,True
2026-05-30,73884.38,https://data.binance.vision/data/spot/monthly/klines/BTCUSDT/1d/BTCUSDT-1d-2026-05.zip,True
2026-05-31,73674.39,https://data.binance.vision/data/spot/monthly/klines/BTCUSDT/1d/BTCUSDT-1d-2026-05.zip,True
2026-06-01,71408.9,https://data.binance.vision/data/spot/monthly/klines/BTCUSDT/1d/BTCUSDT-1d-2026-06.zip,True
2026-06-02,66760.83,https://data.binance.vision/data/spot/monthly/klines/BTCUSDT/1d/BTCUSDT-1d-2026-06.zip,True
2026-06-03,64142.75,https://data.binance.vision/data/spot/monthly/klines/BTCUSDT/1d/BTCUSDT-1d-2026-06.zip,True
2026-06-04,63885.99,https://data.binance.vision/data/spot/monthly/klines/BTCUSDT/1d/BTCUSDT-1d-2026-06.zip,True
2026-06-05,61056.47,https://data.binance.vision/data/spot/monthly/klines/BTCUSDT/1d/BTCUSDT-1d-2026-06.zip,True
2026-06-06,60884.62,https://data.binance.vision/data/spot/monthly/klines/BTCUSDT/1d/BTCUSDT-1d-2026-06.zip,True
2026-06-07,63332.01,https://data.binance.vision/data/spot/monthly/klines/BTCUSDT/1d/BTCUSDT-1d-2026-06.zip,True
2026-06-08,63085.99,https://data.binance.vision/data/spot/monthly/klines/BTCUSDT/1d/BTCUSDT-1d-2026-06.zip,True
2026-06-09,61730.0,https://data.binance.vision/data/spot/monthly/klines/BTCUSDT/1d/BTCUSDT-1d-2026-06.zip,True
2026-06-10,61510.99,https://data.binance.vision/data/spot/monthly/klines/BTCUSDT/1d/BTCUSDT-1d-2026-06.zip,True
2026-06-11,63625.99,https://data.binance.vision/data/spot/monthly/klines/BTCUSDT/1d/BTCUSDT-1d-2026-06.zip,True
2026-06-12,63580.01,https://data.binance.vision/data/spot/monthly/klines/BTCUSDT/1d/BTCUSDT-1d-2026-06.zip,True
2026-06-13,64458.01,https://data.binance.vision/data/spot/monthly/klines/BTCUSDT/1d/BTCUSDT-1d-2026-06.zip,True
2026-06-14,65746.45,https://data.binance.vision/data/spot/monthly/klines/BTCUSDT/1d/BTCUSDT-1d-2026-06.zip,True
2026-06-15,66328.74,https://data.binance.vision/data/spot/monthly/klines/BTCUSDT/1d/BTCUSDT-1d-2026-06.zip,True
2026-06-16,65675.01,https://data.binance.vision/data/spot/monthly/klines/BTCUSDT/1d/BTCUSDT-1d-2026-06.zip,True
2026-06-17,64509.4,https://data.binance.vision/data/spot/monthly/klines/BTCUSDT/1d/BTCUSDT-1d-2026-06.zip,True
2026-06-18,62958.01,https://data.binance.vision/data/spot/monthly/klines/BTCUSDT/1d/BTCUSDT-1d-2026-06.zip,True
2026-06-19,63543.91,https://data.binance.vision/data/spot/monthly/klines/BTCUSDT/1d/BTCUSDT-1d-2026-06.zip,True
2026-06-20,64298.01,https://data.binance.vision/data/spot/monthly/klines/BTCUSDT/1d/BTCUSDT-1d-2026-06.zip,True
2026-06-21,63311.99,https://data.binance.vision/data/spot/monthly/klines/BTCUSDT/1d/BTCUSDT-1d-2026-06.zip,True
2026-06-22,64020.01,https://data.binance.vision/data/spot/monthly/klines/BTCUSDT/1d/BTCUSDT-1d-2026-06.zip,True
2026-06-23,62734.57,https://data.binance.vision/data/spot/monthly/klines/BTCUSDT/1d/BTCUSDT-1d-2026-06.zip,True
2026-06-24,61077.99,https://data.binance.vision/data/spot/monthly/klines/BTCUSDT/1d/BTCUSDT-1d-2026-06.zip,True
2026-06-25,59794.0,https://data.binance.vision/data/spot/monthly/klines/BTCUSDT/1d/BTCUSDT-1d-2026-06.zip,True
2026-06-26,60097.27,https://data.binance.vision/data/spot/monthly/klines/BTCUSDT/1d/BTCUSDT-1d-2026-06.zip,True
2026-06-27,60029.0,https://data.binance.vision/data/spot/monthly/klines/BTCUSDT/1d/BTCUSDT-1d-2026-06.zip,True
2026-06-28,59577.01,https://data.binance.vision/data/spot/monthly/klines/BTCUSDT/1d/BTCUSDT-1d-2026-06.zip,True
2026-06-29,60260.21,https://data.binance.vision/data/spot/monthly/klines/BTCUSDT/1d/BTCUSDT-1d-2026-06.zip,True
2026-06-30,58624.71,https://data.binance.vision/data/spot/monthly/klines/BTCUSDT/1d/BTCUSDT-1d-2026-06.zip,True
2026-07-01,60024.0,https://data.binance.vision/data/spot/monthly/klines/BTCUSDT/1d/BTCUSDT-1d-2026-07.zip,True
2026-07-02,61560.0,https://data.binance.vision/data/spot/monthly/klines/BTCUSDT/1d/BTCUSDT-1d-2026-07.zip,True
2026-07-03,62583.26,https://data.binance.vision/data/spot/monthly/klines/BTCUSDT/1d/BTCUSDT-1d-2026-07.zip,True
2026-07-04,63144.01,https://data.binance.vision/data/spot/monthly/klines/BTCUSDT/1d/BTCUSDT-1d-2026-07.zip,True
2026-07-05,63650.0,https://data.binance.vision/data/spot/monthly/klines/BTCUSDT/1d/BTCUSDT-1d-2026-07.zip,True
2026-07-06,64042.02,https://data.binance.vision/data/spot/monthly/klines/BTCUSDT/1d/BTCUSDT-1d-2026-07.zip,True
2026-07-07,63363.99,https://data.binance.vision/data/spot/monthly/klines/BTCUSDT/1d/BTCUSDT-1d-2026-07.zip,True
2026-07-08,62290.0,https://data.binance.vision/data/spot/monthly/klines/BTCUSDT/1d/BTCUSDT-1d-2026-07.zip,True
2026-07-09,63230.0,https://data.binance.vision/data/spot/monthly/klines/BTCUSDT/1d/BTCUSDT-1d-2026-07.zip,True
2026-07-10,64161.72,https://data.binance.vision/data/spot/monthly/klines/BTCUSDT/1d/BTCUSDT-1d-2026-07.zip,True
2026-07-11,63819.0,https://data.binance.vision/data/spot/monthly/klines/BTCUSDT/1d/BTCUSDT-1d-2026-07.zip,True
2026-07-12,63780.0,https://data.binance.vision/data/spot/monthly/klines/BTCUSDT/1d/BTCUSDT-1d-2026-07.zip,True
2026-07-13,62334.52,https://data.binance.vision/data/spot/monthly/klines/BTCUSDT/1d/BTCUSDT-1d-2026-07.zip,True
2026-07-14,65043.98,https://data.binance.vision/data/spot/monthly/klines/BTCUSDT/1d/BTCUSDT-1d-2026-07.zip,True
2026-07-15,64756.28,https://data.binance.vision/data/spot/monthly/klines/BTCUSDT/1d/BTCUSDT-1d-2026-07.zip,True
2026-07-16,63830.2,https://data.binance.vision/data/spot/monthly/klines/BTCUSDT/1d/BTCUSDT-1d-2026-07.zip,True
2026-07-17,63931.67,https://data.binance.vision/data/spot/monthly/klines/BTCUSDT/1d/BTCUSDT-1d-2026-07.zip,True
2026-07-18,64834.22,https://data.binance.vision/data/spot/monthly/klines/BTCUSDT/1d/BTCUSDT-1d-2026-07.zip,True
2026-07-19,64722.54,https://data.binance.vision/data/spot/monthly/klines/BTCUSDT/1d/BTCUSDT-1d-2026-07.zip,True
2026-07-20,65255.51,https://data.binance.vision/data/spot/monthly/klines/BTCUSDT/1d/BTCUSDT-1d-2026-07.zip,True
2026-07-21,66556.16,https://data.binance.vision/data/spot/monthly/klines/BTCUSDT/1d/BTCUSDT-1d-2026-07.zip,True
2026-07-22,66114.49,https://data.binance.vision/data/spot/monthly/klines/BTCUSDT/1d/BTCUSDT-1d-2026-07.zip,True
2026-07-23,65098.97,https://data.binance.vision/data/spot/monthly/klines/BTCUSDT/1d/BTCUSDT-1d-2026-07.zip,True
2026-07-24,64139.99,https://data.binance.vision/data/spot/monthly/klines/BTCUSDT/1d/BTCUSDT-1d-2026-07.zip,True
2026-07-25,64375.0,https://data.binance.vision/data/spot/monthly/klines/BTCUSDT/1d/BTCUSDT-1d-2026-07.zip,True
2026-07-26,65399.99,https://data.binance.vision/data/spot/monthly/klines/BTCUSDT/1d/BTCUSDT-1d-2026-07.zip,True
2026-07-27,63755.86,https://data.binance.vision/data/spot/monthly/klines/BTCUSDT/1d/BTCUSDT-1d-2026-07.zip,True
2026-07-28,63915.0,https://data.binance.vision/data/spot/monthly/klines/BTCUSDT/1d/BTCUSDT-1d-2026-07.zip,True
2026-07-29,63984.28,https://data.binance.vision/data/spot/monthly/klines/BTCUSDT/1d/BTCUSDT-1d-2026-07.zip,True
2026-07-30,64780.02,https://data.binance.vision/data/spot/monthly/klines/BTCUSDT/1d/BTCUSDT-1d-2026-07.zip,True
2026-07-31,62887.88,https://data.binance.vision/data/spot/monthly/klines/BTCUSDT/1d/BTCUSDT-1d-2026-07.zip,True
2026-08-01,62823.64,https://data.binance.vision/data/spot/monthly/klines/BTCUSDT/1d/BTCUSDT-1d-2026-08.zip,True
2026-08-02,63570.0,https://data.binance.vision/data/spot/monthly/klines/BTCUSDT/1d/BTCUSDT-1d-2026-08.zip,True
2026-08-03,63520.0,https://data.binance.vision/data/spot/monthly/klines/BTCUSDT/1d/BTCUSDT-1d-2026-08.zip,True
2026-08-04,64106.56,https://data.binance.vision/data/spot/monthly/klines/BTCUSDT/1d/BTCUSDT-1d-2026-08.zip,True
2026-08-05,64665.23,https://data.binance.vision/data/spot/monthly/klines/BTCUSDT/1d/BTCUSDT-1d-2026-08.zip,True
2026-08-06,64323.61,https://data.binance.vision/data/spot/monthly/klines/BTCUSDT/1d/BTCUSDT-1d-2026-08.zip,True
2026-08-07,64923.19,https://data.binance.vision/data/spot/monthly/klines/BTCUSDT/1d/BTCUSDT-1d-2026-08.zip,True
2026-08-08,64962.6,https://data.binance.vision/data/spot/monthly/klines/BTCUSDT/1d/BTCUSDT-1d-2026-08.zip,True
2026-08-09,64901.59,https://data.binance.vision/data/spot/monthly/klines/BTCUSDT/1d/BTCUSDT-1d-2026-08.zip,True
2026-08-10,63970.01,https://data.binance.vision/data/spot/monthly/klines/BTCUSDT/1d/BTCUSDT-1d-2026-08.zip,True
2026-08-11,63600.0,https://data.binance.vision/data/spot/monthly/klines/BTCUSDT/1d/BTCUSDT-1d-2026-08.zip,True
2026-08-12,63479.99,https://data.binance.vision/data/spot/monthly/klines/BTCUSDT/1d/BTCUSDT-1d-2026-08.zip,True
2026-08-13,63490.86,https://data.binance.vision/data/spot/monthly/klines/BTCUSDT/1d/BTCUSDT-1d-2026-08.zip,True
2026-08-14,63043.56,https://data.binance.vision/data/spot/monthly/klines/BTCUSDT/1d/BTCUSDT-1d-2026-08.zip,True
2026-08-15,63086.01,https://data.binance.vision/data/spot/monthly/klines/BTCUSDT/1d/BTCUSDT-1d-2026-08.zip,True
2026-08-16,62900.0,https://data.binance.vision/data/spot/monthly/klines/BTCUSDT/1d/BTCUSDT-1d-2026-08.zip,True
2026-08-17,64532.1,https://data.binance.vision/data/spot/monthly/klines/BTCUSDT/1d/BTCUSDT-1d-2026-08.zip,True
2026-08-18,64725.42,https://data.binance.vision/data/spot/monthly/klines/BTCUSDT/1d/BTCUSDT-1d-2026-08.zip,True
2026-08-19,69334.79,https://data.binance.vision/data/spot/monthly/klines/BTCUSDT/1d/BTCUSDT-1d-2026-08.zip,True
2026-08-20,73025.15,https://data.binance.vision/data/spot/monthly/klines/BTCUSDT/1d/BTCUSDT-1d-2026-08.zip,True
2026-08-21,78338.03,https://data.binance.vision/data/spot/monthly/klines/BTCUSDT/1d/BTCUSDT-1d-2026-08.zip,True
2026-08-22,77074.93,https://data.binance.vision/data/spot/monthly/klines/BTCUSDT/1d/BTCUSDT-1d-2026-08.zip,True
2026-08-23,77734.0,https://data.binance.vision/data/spot/monthly/klines/BTCUSDT/1d/BTCUSDT-1d-2026-08.zip,True
2026-08-24,78992.75,https://data.binance.vision/data/spot/monthly/klines/BTCUSDT/1d/BTCUSDT-1d-2026-08.zip,True
2026-08-25,78539.14,https://data.binance.vision/data/spot/monthly/klines/BTCUSDT/1d/BTCUSDT-1d-2026-08.zip,True
2026-08-26,79023.75,https://data.binance.vision/data/spot/monthly/klines/BTCUSDT/1d/BTCUSDT-1d-2026-08.zip,True
2026-08-27,80249.58,https://data.binance.vision/data/spot/monthly/klines/BTCUSDT/1d/BTCUSDT-1d-2026-08.zip,True
2026-08-28,77845.87,https://data.binance.vision/data/spot/monthly/klines/BTCUSDT/1d/BTCUSDT-1d-2026-08.zip,True
2026-08-29,78230.0,https://data.binance.vision/data/spot/monthly/klines/BTCUSDT/1d/BTCUSDT-1d-2026-08.zip,True
2026-08-30,77682.0,https://data.binance.vision/data/spot/monthly/klines/BTCUSDT/1d/BTCUSDT-1d-2026-08.zip,True
2026-08-31,78581.29,https://data.binance.vision/data/spot/monthly/klines/BTCUSDT/1d/BTCUSDT-1d-2026-08.zip,True
2026-09-01,77439.0,https://data.binance.vision/data/spot/daily/klines/BTCUSDT/1d/BTCUSDT-1d-2026-09-01.zip,True
2026-09-02,77340.01,https://data.binance.vision/data/spot/daily/klines/BTCUSDT/1d/BTCUSDT-1d-2026-09-02.zip,True
2026-09-03,81270.37,https://data.binance.vision/data/spot/daily/klines/BTCUSDT/1d/BTCUSDT-1d-2026-09-03.zip,True
2026-09-04,79660.77,https://data.binance.vision/data/spot/daily/klines/BTCUSDT/1d/BTCUSDT-1d-2026-09-04.zip,True
2026-09-05,79831.75,https://data.binance.vision/data/spot/daily/klines/BTCUSDT/1d/BTCUSDT-1d-2026-09-05.zip,True
2026-09-06,80341.83,https://data.binance.vision/data/spot/daily/klines/BTCUSDT/1d/BTCUSDT-1d-2026-09-06.zip,True
2026-09-07,79112.01,https://data.binance.vision/data/spot/daily/klines/BTCUSDT/1d/BTCUSDT-1d-2026-09-07.zip,True
2026-09-08,78455.8,https://data.binance.vision/data/spot/daily/klines/BTCUSDT/1d/BTCUSDT-1d-2026-09-08.zip,True
2026-09-09,78306.43,https://data.binance.vision/data/spot/daily/klines/BTCUSDT/1d/BTCUSDT-1d-2026-09-09.zip,True
2026-09-10,76568.72,https://data.binance.vision/data/spot/daily/klines/BTCUSDT/1d/BTCUSDT-1d-2026-09-10.zip,True
2026-09-11,77225.7,https://data.binance.vision/data/spot/daily/klines/BTCUSDT/1d/BTCUSDT-1d-2026-09-11.zip,True
2026-09-12,77278.73,https://data.binance.vision/data/spot/daily/klines/BTCUSDT/1d/BTCUSDT-1d-2026-09-12.zip,True
2026-09-13,76842.01,https://data.binance.vision/data/spot/daily/klines/BTCUSDT/1d/BTCUSDT-1d-2026-09-13.zip,True
2026-09-14,78189.21,https://data.binance.vision/data/spot/daily/klines/BTCUSDT/1d/BTCUSDT-1d-2026-09-14.zip,True
2026-09-15,75644.48,https://data.binance.vision/data/spot/daily/klines/BTCUSDT/1d/BTCUSDT-1d-2026-09-15.zip,True
2026-09-16,76206.01,https://data.binance.vision/data/spot/daily/klines/BTCUSDT/1d/BTCUSDT-1d-2026-09-16.zip,True
2026-09-17,76417.01,https://data.binance.vision/data/spot/daily/klines/BTCUSDT/1d/BTCUSDT-1d-2026-09-17.zip,True
2026-09-18,80883.87,https://data.binance.vision/data/spot/daily/klines/BTCUSDT/1d/BTCUSDT-1d-2026-09-18.zip,True
2026-09-19,81249.99,https://data.binance.vision/data/spot/daily/klines/BTCUSDT/1d/BTCUSDT-1d-2026-09-19.zip,True
2026-09-20,81178.0,https://data.binance.vision/data/spot/daily/klines/BTCUSDT/1d/BTCUSDT-1d-2026-09-20.zip,True
2026-09-21,86620.0,https://data.binance.vision/data/spot/daily/klines/BTCUSDT/1d/BTCUSDT-1d-2026-09-21.zip,True
2026-09-22,86208.56,https://data.binance.vision/data/spot/daily/klines/BTCUSDT/1d/BTCUSDT-1d-2026-09-22.zip,True
