date,timestamp,all_oi_usd,excluded_oi_usd,crypto_oi_usd,btc_oi_usd,eth_oi_usd,others_oi_usd,raw_btc_pct,raw_eth_pct,raw_others_pct,excluded_oi_pct,btc_pct,eth_pct,others_pct
2022-07-27,1658880000,378831415.18,0,378831415.18,122419948.93,133597048.34,122814417.91,32.31515234,35.26556748,32.41928018,0,32.31515234,35.26556748,32.41928018
2022-07-28,1658966400,381863942.19,0,381863942.19,118827677.92,136452396.01,126583868.27,31.11780527,35.73324971,33.14894502,0,31.11780527,35.73324971,33.14894502
2022-07-29,1659052800,383851951.82,0,383851951.82,120566818.67,139625148.53,123659984.61,31.4097188,36.37473976,32.21554144,0,31.4097188,36.37473976,32.21554144
2022-07-30,1659139200,14027717849.85,0,14027717849.85,6533109246.86,3630440823.75,3864167779.24,46.57285894,25.88048079,27.54666027,0,46.57285894,25.88048079,27.54666027
2022-07-31,1659225600,13784546447.24,0,13784546447.24,6328194133.72,3675406269.4,3780946044.12,45.90788792,26.66323686,27.42887522,0,45.90788792,26.66323686,27.42887522
2022-08-01,1659312000,13590283238.29,0,13590283238.29,6289531304.02,3535208396.5,3765543537.77,46.279619,26.01276467,27.70761633,0,46.279619,26.01276467,27.70761633
2022-08-02,1659398400,13254659827.52,0,13254659827.52,6156343358.39,3458568629.73,3639747839.41,46.44663415,26.09322815,27.46013769,0,46.44663415,26.09322815,27.46013769
2022-08-03,1659484800,13578341690.76,0,13578341690.76,6312254425.96,3497623041.33,3768464223.48,46.48766815,25.75883802,27.75349383,0,46.48766815,25.75883802,27.75349383
2022-08-04,1659571200,13561833249.33,0,13561833249.33,6179599998.75,3554977709.45,3827255541.13,45.56611105,26.21310588,28.22078307,0,45.56611105,26.21310588,28.22078307
2022-08-05,1659657600,14238826032.4,0,14238826032.4,6131073677.78,4008717539.22,4099034815.4,43.05884252,28.15342733,28.78773015,0,43.05884252,28.15342733,28.78773015
2022-08-06,1659744000,14370128037.47,0,14370128037.47,6232780384.57,4018235938.83,4119111714.07,43.37317224,27.96242266,28.6644051,0,43.37317224,27.96242266,28.6644051
2022-08-07,1659830400,14420471201.64,0,14420471201.64,6259310758.2,3955331530.93,4205828912.5,43.40572975,27.42858729,29.16568296,0,43.40572975,27.42858729,29.16568296
2022-08-08,1659916800,15173546897.97,0,15173546897.97,6685882018.53,4249154021.41,4238510858.03,44.06274989,28.0036965,27.93355361,0,44.06274989,28.0036965,27.93355361
2022-08-09,1660003200,14589355375.25,0,14589355375.25,6584171408.55,3938484612.14,4066699354.56,45.12996797,26.99560406,27.87442796,0,45.12996797,26.99560406,27.87442796
2022-08-10,1660089600,15098339982.19,0,15098339982.19,6404701924.09,4405569411.88,4288068646.22,42.41990796,29.17916418,28.40092786,0,42.41990796,29.17916418,28.40092786
2022-08-11,1660176000,15513868749.99,0,15513868749.99,6576153751.33,4592145961.12,4345569037.54,42.38887061,29.60026306,28.01086633,0,42.38887061,29.60026306,28.01086633
2022-08-12,1660262400,15844041170.89,0,15844041170.89,6710778972.41,4720425741.1,4412836457.39,42.35522301,29.79306662,27.85171037,0,42.35522301,29.79306662,27.85171037
2022-08-13,1660348800,16135569844.24,0,16135569844.24,6862828284.3,4835035670.13,4437705889.8,42.53229573,29.9650754,27.50262887,0,42.53229573,29.9650754,27.50262887
2022-08-14,1660435200,15641154096.47,0,15641154096.47,6716587376.38,4539969800.43,4384596919.67,42.94176334,29.02579805,28.03243861,0,42.94176334,29.02579805,28.03243861
2022-08-15,1660521600,15264754103.63,0,15264754103.63,6510438614.26,4486970679.96,4267344809.42,42.6501375,29.39432008,27.95554242,0,42.6501375,29.39432008,27.95554242
2022-08-16,1660608000,15290871242.65,0,15290871242.65,6538576474.87,4386056246.93,4366238520.85,42.76130752,28.68414871,28.55454376,0,42.76130752,28.68414871,28.55454376
2022-08-17,1660694400,15290238998.71,0,15290238998.71,6840887935.9,4301021832.98,4148329229.83,44.74022896,28.12919951,27.13057154,0,44.74022896,28.12919951,27.13057154
2022-08-18,1660780800,15155298000.99,0,15155298000.99,6790679026.26,4407450714.83,3957168259.9,44.80729462,29.08191389,26.11079148,0,44.80729462,29.08191389,26.11079148
2022-08-19,1660867200,13049318941.8,0,13049318941.8,5963479482.47,3594580155.21,3491259304.12,45.69954577,27.54611311,26.75434112,0,45.69954577,27.54611311,26.75434112
2022-08-20,1660953600,13055100226.97,0,13055100226.97,5987294778.13,3622121475.69,3445683973.15,45.8617297,27.74487681,26.39339349,0,45.8617297,27.74487681,26.39339349
2022-08-21,1661040000,13218646221.85,0,13218646221.85,6058492898.05,3612320002.46,3547833321.35,45.83293021,27.32745806,26.83961173,0,45.83293021,27.32745806,26.83961173
2022-08-22,1661126400,13531164159.31,0,13531164159.31,6039466942.74,3885553502.36,3606143714.21,44.63375709,28.71558911,26.65065379,0,44.63375709,28.71558911,26.65065379
2022-08-23,1661212800,13696224346.13,0,13696224346.13,6082214751.08,3897606937.93,3716402657.11,44.40796673,28.45752844,27.13450483,0,44.40796673,28.45752844,27.13450483
2022-08-24,1661299200,13653043795.17,0,13653043795.17,6062524041.02,3946252944.8,3644266809.34,44.40419391,28.90383276,26.69197334,0,44.40419391,28.90383276,26.69197334
2022-08-25,1661385600,13987929612.11,0,13987929612.11,6088171371.31,4205362588.88,3694395651.93,43.52446388,30.0642247,26.41131143,0,43.52446388,30.0642247,26.41131143
2022-08-26,1661472000,13032103241.89,0,13032103241.89,6075573567.9,3615501087.04,3341028586.95,46.62005399,27.74303595,25.63691006,0,46.62005399,27.74303595,25.63691006
2022-08-27,1661558400,13184472190.65,0,13184472190.65,6145110459.34,3654061562.09,3385300169.21,46.60869522,27.71488695,25.67641784,0,46.60869522,27.71488695,25.67641784
2022-08-28,1661644800,12981684945.69,0,12981684945.69,6048766324.86,3593730252.14,3339188368.69,46.59461657,27.68308018,25.72230325,0,46.59461657,27.68308018,25.72230325
2022-08-29,1661731200,13658270637.64,0,13658270637.64,6199082202.98,3932541727.98,3526646706.67,45.3870213,28.79238399,25.82059472,0,45.3870213,28.79238399,25.82059472
2022-08-30,1661817600,13185992462.56,0,13185992462.56,6099285545.03,3712666658.94,3374040258.59,46.25579426,28.15614122,25.58806452,0,46.25579426,28.15614122,25.58806452
2022-08-31,1661904000,12937794889.82,0,12937794889.82,5815253250.63,3738126019.95,3384415619.24,44.94779288,28.89306912,26.159138,0,44.94779288,28.89306912,26.159138
2022-09-01,1661990400,13402613241.01,0,13402613241.01,6063824075.71,3860543103.85,3478246061.46,45.24359516,28.80440579,25.95199905,0,45.24359516,28.80440579,25.95199905
2022-09-02,1662076800,13180675188.25,0,13180675188.25,5942086478.09,3769007976.1,3469580734.05,45.08180646,28.59495377,26.32323978,0,45.08180646,28.59495377,26.32323978
2022-09-03,1662163200,13722064275.49,0,13722064275.49,6313171339.32,3800474766.48,3608418169.7,46.0074462,27.69608632,26.29646748,0,46.0074462,27.69608632,26.29646748
2022-09-04,1662249600,13833338156.35,0,13833338156.35,6268462771,3843257410.69,3721617974.67,45.31417291,27.78257401,26.90325309,0,45.31417291,27.78257401,26.90325309
2022-09-05,1662336000,14187997018.44,0,14187997018.44,6414385499.97,3929201692.32,3844409826.15,45.20994395,27.69384352,27.09621253,0,45.20994395,27.69384352,27.09621253
2022-09-06,1662422400,13259434495.13,0,13259434495.13,6259192999.92,3625796778.22,3374444716.99,47.20558032,27.3450333,25.44938638,0,47.20558032,27.3450333,25.44938638
2022-09-07,1662508800,13297852955.2,0,13297852955.2,6085644305.86,3757201493.6,3455007155.74,45.76411189,28.25419642,25.98169169,0,45.76411189,28.25419642,25.98169169
2022-09-08,1662595200,13623737001.84,0,13623737001.84,6081296965.83,3937369468.98,3605070567.03,44.63750999,28.90080356,26.46168644,0,44.63750999,28.90080356,26.46168644
2022-09-09,1662681600,14606187815.43,0,14606187815.43,6790236579.95,4031999594.56,3783951640.92,46.48876672,27.60473606,25.90649722,0,46.48876672,27.60473606,25.90649722
2022-09-10,1662768000,14918642046.7,0,14918642046.7,6912711510.48,4190154247.57,3815776288.65,46.33606389,28.08670008,25.57723603,0,46.33606389,28.08670008,25.57723603
2022-09-11,1662854400,14960507835.68,0,14960507835.68,7069644509.21,4150668494.3,3740194832.17,47.25537787,27.74416845,25.00045368,0,47.25537787,27.74416845,25.00045368
2022-09-12,1662940800,15075631489.76,0,15075631489.76,7303771346.75,4012980235.36,3758879907.65,48.44753171,26.618986,24.93348229,0,48.44753171,26.618986,24.93348229
2022-09-13,1663027200,13066192722.52,0,13066192722.52,6046042391.22,3643256574.7,3376893756.61,46.27241094,27.88307698,25.84451208,0,46.27241094,27.88307698,25.84451208
2022-09-14,1663113600,13350920286.32,0,13350920286.32,5970424286.15,3846314015.67,3534181984.5,44.71919657,28.80935496,26.47144847,0,44.71919657,28.80935496,26.47144847
2022-09-15,1663200000,12890513123.48,0,12890513123.48,5981365789.24,3481650346.67,3427496987.58,46.40130096,27.00940074,26.58929831,0,46.40130096,27.00940074,26.58929831
2022-09-16,1663286400,13146356668.65,0,13146356668.65,6106864960.23,3451114537.66,3588377170.77,46.45290794,26.25149024,27.29560182,0,46.45290794,26.25149024,27.29560182
2022-09-17,1663372800,13552574640.97,0,13552574640.97,6251663106.04,3534721167.51,3766190367.42,46.12897012,26.08154732,27.78948257,0,46.12897012,26.08154732,27.78948257
2022-09-18,1663459200,12786168588.84,0,12786168588.84,6080342470.62,3324359811.72,3381466306.5,47.55406147,25.99965571,26.44628282,0,47.55406147,25.99965571,26.44628282
2022-09-19,1663545600,12638279661.42,0,12638279661.42,5801070975.29,3282584503.68,3554624182.44,45.90079608,25.97334916,28.12585477,0,45.90079608,25.97334916,28.12585477
2022-09-20,1663632000,12469338668.34,0,12469338668.34,5710596788.28,3204036407.2,3554705472.86,45.79711034,25.69531947,28.50757019,0,45.79711034,25.69531947,28.50757019
2022-09-21,1663718400,12078231199.79,0,12078231199.79,5565774404.16,3139054654.63,3373402141,46.08103879,25.98935724,27.92960397,0,46.08103879,25.98935724,27.92960397
2022-09-22,1663804800,12837785551.12,0,12837785551.12,5893270522.49,3170618024.89,3773897003.75,45.90566262,24.69754626,29.39679113,0,45.90566262,24.69754626,29.39679113
2022-09-23,1663891200,12735650021.49,0,12735650021.49,5813514457.66,3159145988.3,3762989575.53,45.64756764,24.80553394,29.54689842,0,45.64756764,24.80553394,29.54689842
2022-09-24,1663977600,12728336624.01,0,12728336624.01,5820180397.56,3181861829.19,3726294397.26,45.7261665,24.99825329,29.27558021,0,45.7261665,24.99825329,29.27558021
2022-09-25,1664064000,12698084715.74,0,12698084715.74,5856635840.08,3168623249.14,3672825626.52,46.12219851,24.9535526,28.92424888,0,46.12219851,24.9535526,28.92424888
2022-09-26,1664150400,13218069226.96,0,13218069226.96,6070128231.1,3341320933.52,3806620062.34,45.92295688,25.27843421,28.79860891,0,45.92295688,25.27843421,28.79860891
2022-09-27,1664236800,13096491727.15,0,13096491727.15,6084131087.45,3337707168.8,3674653470.9,46.45619006,25.48550588,28.05830407,0,46.45619006,25.48550588,28.05830407
2022-09-28,1664323200,13252708301.99,0,13252708301.99,6224747646.49,3319182965.72,3708777689.78,46.96962692,25.04531821,27.98505487,0,46.96962692,25.04531821,27.98505487
2022-09-29,1664409600,13214774859.01,0,13214774859.01,6193658563.04,3228876096.89,3792240199.08,46.86919474,24.43383358,28.69697168,0,46.86919474,24.43383358,28.69697168
2022-09-30,1664496000,13109121335.95,0,13109121335.95,6073808764.82,3268012560.66,3767300010.46,46.33269164,24.92930286,28.7380055,0,46.33269164,24.92930286,28.7380055
2022-10-01,1664582400,13356774489.41,0,13356774489.41,6141105892.16,3370051027.6,3845617569.66,45.97746183,25.23102438,28.79151379,0,45.97746183,25.23102438,28.79151379
2022-10-02,1664668800,13270798137.12,0,13270798137.12,6119385960.67,3401997742.1,3749414434.34,46.11166486,25.63521581,28.25311933,0,46.11166486,25.63521581,28.25311933
2022-10-03,1664755200,13751919481.8,0,13751919481.8,6492212052.93,3379072051.39,3880635377.49,47.20949727,24.5716393,28.21886343,0,47.20949727,24.5716393,28.21886343
2022-10-04,1664841600,15287717112.22,0,15287717112.22,7598218265.74,3631535855.49,4057962991,49.70145778,23.75459873,26.54394349,0,49.70145778,23.75459873,26.54394349
2022-10-05,1664928000,14704516949.7,0,14704516949.7,7230689474.85,3439041959.01,4034785515.84,49.17325404,23.3876568,27.43908916,0,49.17325404,23.3876568,27.43908916
2022-10-06,1665014400,14700068782.06,0,14700068782.06,7147541596.27,3546860621.98,4005666563.81,48.62250444,24.12819065,27.24930491,0,48.62250444,24.12819065,27.24930491
2022-10-07,1665100800,14553620388.38,0,14553620388.38,6940714591.2,3498893045.23,4114012751.96,47.69063921,24.04139281,28.26796798,0,47.69063921,24.04139281,28.26796798
2022-10-08,1665187200,14461273940.18,0,14461273940.18,6876197830.85,3456508158.85,4128567950.47,47.54904623,23.9018234,28.54913037,0,47.54904623,23.9018234,28.54913037
2022-10-09,1665273600,14755781850.9,0,14755781850.9,6986949068.69,3514176193.71,4254656588.5,47.35058528,23.81558788,28.83382684,0,47.35058528,23.81558788,28.83382684
2022-10-10,1665360000,14658579022.35,0,14658579022.35,7070029075.65,3650923247.59,3937626699.11,48.23133992,24.90639265,26.86226743,0,48.23133992,24.90639265,26.86226743
2022-10-11,1665446400,14946329581.18,0,14946329581.18,7396013475.75,3694383222.19,3855932883.24,49.48381096,24.71766197,25.79852707,0,49.48381096,24.71766197,25.79852707
2022-10-12,1665532800,15001898144.12,0,15001898144.12,7329522264.48,3729450905.04,3942924974.6,48.85729922,24.85986019,26.28284059,0,48.85729922,24.85986019,26.28284059
2022-10-13,1665619200,14890050653.06,0,14890050653.06,7510806848.49,3628423381.92,3750820422.66,50.44178172,24.36810637,25.19011191,0,50.44178172,24.36810637,25.19011191
2022-10-14,1665705600,14650567610.37,0,14650567610.37,7301928717.32,3628973710.32,3719665182.72,49.84058578,24.77019189,25.38922233,0,49.84058578,24.77019189,25.38922233
2022-10-15,1665792000,14602559665.39,0,14602559665.39,7306430526.42,3550013374.4,3746115764.57,50.03527254,24.31089792,25.65382954,0,50.03527254,24.31089792,25.65382954
2022-10-16,1665878400,14537612482.77,0,14537612482.77,7181414314.49,3590849043.73,3765349124.55,49.3988564,24.7004042,25.9007394,0,49.3988564,24.7004042,25.9007394
2022-10-17,1665964800,15455676310.74,0,15455676310.74,7717348334.68,3838944624.84,3899383351.23,49.93212966,24.83841242,25.22945792,0,49.93212966,24.83841242,25.22945792
2022-10-18,1666051200,15072186018.43,0,15072186018.43,7496921813.05,3727019945.43,3848244259.94,49.74010939,24.72779954,25.53209107,0,49.74010939,24.72779954,25.53209107
2022-10-19,1666137600,15172441163.48,0,15172441163.48,7576818882.19,3768855859.84,3826766421.46,49.93803436,24.84014154,25.2218241,0,49.93803436,24.84014154,25.2218241
2022-10-20,1666224000,15352295241.87,0,15352295241.87,7713820972,3812344441.56,3826129828.3,50.2453923,24.83240702,24.92220067,0,50.2453923,24.83240702,24.92220067
2022-10-21,1666310400,15216068623.61,0,15216068623.61,7479651469.73,3824714795.61,3911702358.27,49.15626799,25.13602488,25.70770713,0,49.15626799,25.13602488,25.70770713
2022-10-22,1666396800,15549507625.41,0,15549507625.41,7484958696.39,4049897600.81,4014651328.21,48.1363068,26.04518226,25.81851095,0,48.1363068,26.04518226,25.81851095
2022-10-23,1666483200,16090264616.71,0,16090264616.71,7751431110.03,4287428845.25,4051404661.43,48.17466521,26.64610525,25.17922954,0,48.17466521,26.64610525,25.17922954
2022-10-24,1666569600,15423182724.49,0,15423182724.49,7314887630.81,4072790539.94,4035504553.73,47.42787375,26.40693956,26.16518669,0,47.42787375,26.40693956,26.16518669
2022-10-25,1666656000,16540120545.75,0,16540120545.75,8070651497.84,4376448935.32,4093020112.59,48.79439346,26.45959516,24.74601138,0,48.79439346,26.45959516,24.74601138
2022-10-26,1666742400,17118290047.39,0,17118290047.39,8278332532.45,4622645935.71,4217311579.23,48.35957628,27.00413372,24.63629,0,48.35957628,27.00413372,24.63629
2022-10-27,1666828800,16157778920.82,0,16157778920.82,7690912280.83,4418469160.1,4048397479.88,47.59882109,27.34577061,25.05540829,0,47.59882109,27.34577061,25.05540829
2022-10-28,1666915200,16382130528.04,0,16382130528.04,7591931529.7,4433872292.4,4356326705.94,46.34276059,27.06529706,26.59194235,0,46.34276059,27.06529706,26.59194235
2022-10-29,1667001600,16886610851.44,0,16886610851.44,7783744009.56,4663481878.13,4439384963.75,46.09417531,27.61644666,26.28937803,0,46.09417531,27.61644666,26.28937803
2022-10-30,1667088000,16493535801.35,0,16493535801.35,7491252427.72,4573305229.48,4428978144.15,45.41932378,27.72786433,26.8528119,0,45.41932378,27.72786433,26.8528119
2022-10-31,1667174400,16182280191.23,0,16182280191.23,7233038190.24,4424770624.35,4524471376.63,44.69727446,27.34330745,27.9594181,0,44.69727446,27.34330745,27.9594181
2022-11-01,1667260800,16296096789.57,0,16296096789.57,7218457313.52,4423260538.19,4654378937.86,44.29562126,27.14306742,28.56131132,0,44.29562126,27.14306742,28.56131132
2022-11-02,1667347200,15652466004.99,0,15652466004.99,7034675745.23,4203058064.51,4414732195.25,44.94292301,26.85236986,28.20470713,0,44.94292301,26.85236986,28.20470713
2022-11-03,1667433600,15769646365.33,0,15769646365.33,7091428208.99,4035426835.3,4642791321.04,44.9688474,25.58983722,29.44131538,0,44.9688474,25.58983722,29.44131538
2022-11-04,1667520000,17171583323.63,0,17171583323.63,7688835896.94,4480429353.53,5002318073.16,44.77651101,26.0921155,29.1313735,0,44.77651101,26.0921155,29.1313735
2022-11-05,1667606400,17432579541.62,0,17432579541.62,7959922067.04,4436224552.3,5036432922.28,45.66118312,25.44789508,28.8909218,0,45.66118312,25.44789508,28.8909218
2022-11-06,1667692800,16472281087.49,0,16472281087.49,7572791420.69,4198221512.56,4701268154.24,45.97293708,25.48658252,28.54048039,0,45.97293708,25.48658252,28.54048039
2022-11-07,1667779200,16018414245.45,0,16018414245.45,7264170373.25,4126046879.7,4628196992.5,45.34887325,25.75814819,28.89297855,0,45.34887325,25.75814819,28.89297855
2022-11-08,1667865600,12619667124.6,0,12619667124.6,6007406574.81,3146550336.99,3465710212.8,47.60352643,24.93370313,27.46277044,0,47.60352643,24.93370313,27.46277044
2022-11-09,1667952000,11702304706.85,0,11702304706.85,5677083921.48,3123037443.34,2902183342.03,48.51252863,26.68737075,24.80010062,0,48.51252863,26.68737075,24.80010062
2022-11-10,1668038400,11967595504.1,0,11967595504.1,5623474351.4,3357115150.95,2987006001.75,46.98917464,28.05170972,24.95911564,0,46.98917464,28.05170972,24.95911564
2022-11-11,1668124800,11421960841.72,0,11421960841.72,5407368335.91,3165166503.96,2849426001.85,47.34185672,27.71123582,24.94690746,0,47.34185672,27.71123582,24.94690746
2022-11-12,1668211200,11158563099.52,0,11158563099.52,5336759909.32,3086529952.98,2735273237.22,47.82658718,27.66063986,24.51277295,0,47.82658718,27.66063986,24.51277295
2022-11-13,1668297600,11008103770.38,0,11008103770.38,5249242375.49,3022648779.47,2736212615.43,47.6852552,27.45839649,24.85634831,0,47.6852552,27.45839649,24.85634831
2022-11-14,1668384000,10853882498.16,0,10853882498.16,5103136753.08,2958461347.13,2792284397.95,47.01669429,27.25717132,25.72613439,0,47.01669429,27.25717132,25.72613439
2022-11-15,1668470400,11103663981.99,0,11103663981.99,5286718633.26,3020043674.01,2796901674.73,47.6123795,27.19862272,25.18899779,0,47.6123795,27.19862272,25.18899779
2022-11-16,1668556800,11217429548.05,0,11217429548.05,5301585312.6,3110295986.38,2805548249.08,47.26203352,27.72735031,25.01061618,0,47.26203352,27.72735031,25.01061618
2022-11-17,1668643200,11437745975.52,0,11437745975.52,5419657743.05,3110141285.13,2907946947.34,47.38396669,27.19190732,25.42412599,0,47.38396669,27.19190732,25.42412599
2022-11-18,1668729600,11609640178.15,0,11609640178.15,5402740524.66,3141444755.3,3065454898.19,46.53667505,27.05893298,26.40439196,0,46.53667505,27.05893298,26.40439196
2022-11-19,1668816000,11629792051.35,0,11629792051.35,5395333202.17,3145502848.99,3088956000.19,46.39234458,27.04693975,26.56071567,0,46.39234458,27.04693975,26.56071567
2022-11-20,1668902400,11278894274.13,0,11278894274.13,5347146315.96,3095686937.02,2836061021.16,47.40842662,27.4467236,25.14484977,0,47.40842662,27.4467236,25.14484977
2022-11-21,1668988800,11198657442.78,0,11198657442.78,5332634144.89,3093366847.93,2772656449.96,47.61851295,27.62265802,24.75882903,0,47.61851295,27.62265802,24.75882903
2022-11-22,1669075200,11818564357.91,0,11818564357.91,5479468856.89,3247673861.62,3091421639.4,46.36323576,27.47942782,26.15733642,0,46.36323576,27.47942782,26.15733642
2022-11-23,1669161600,12066972481.52,0,12066972481.52,5508060500.89,3281235464.07,3277676516.56,45.64575339,27.19186995,27.16237666,0,45.64575339,27.19186995,27.16237666
2022-11-24,1669248000,12311667487.81,0,12311667487.81,5555023237.39,3387739724.14,3368904526.28,45.1199908,27.51649789,27.36351132,0,45.1199908,27.51649789,27.36351132
2022-11-25,1669334400,12346271337.84,0,12346271337.84,5576910430.57,3370150223.22,3399210684.05,45.17080727,27.29690715,27.53228559,0,45.17080727,27.29690715,27.53228559
2022-11-26,1669420800,12516143850.96,0,12516143850.96,5597989812.94,3450221640.76,3467932397.26,44.72615431,27.56617119,27.70767449,0,44.72615431,27.56617119,27.70767449
2022-11-27,1669507200,12544964898.51,0,12544964898.51,5623683441.84,3384722077.63,3536559379.04,44.82821185,26.98072179,28.19106636,0,44.82821185,26.98072179,28.19106636
2022-11-28,1669593600,12141583946.38,0,12141583946.38,5464160229.56,3291190188.38,3386233528.44,45.0036853,27.10676138,27.88955332,0,45.0036853,27.10676138,27.88955332
2022-11-29,1669680000,12850618059.3,0,12850618059.3,5631510209.29,3679573456.4,3539534393.61,43.82287438,28.63343568,27.54368994,0,43.82287438,28.63343568,27.54368994
2022-11-30,1669766400,13275567954.1,0,13275567954.1,5799963024.03,3835689891.62,3639915038.46,43.68900106,28.89284967,27.41814927,0,43.68900106,28.89284967,27.41814927
2022-12-01,1669852800,13471178034.91,0,13471178034.91,5834923098.33,4034282343.03,3601972593.54,43.31412652,29.94750966,26.73836382,0,43.31412652,29.94750966,26.73836382
2022-12-02,1669939200,13680740575.42,0,13680740575.42,5813247014.4,4189923484.97,3677570076.05,42.49219538,30.62643767,26.88136695,0,42.49219538,30.62643767,26.88136695
2022-12-03,1670025600,13172573593.16,0,13172573593.16,5777049151.52,3797524972.81,3597999468.83,43.85664738,28.82902833,27.31432429,0,43.85664738,28.82902833,27.31432429
2022-12-04,1670112000,13293530470.41,0,13293530470.41,5979914768.58,3623423956.92,3690191744.91,44.98364661,27.25704782,27.75930557,0,44.98364661,27.25704782,27.75930557
2022-12-05,1670198400,13025516410.03,0,13025516410.03,5780659737.1,3524712722.17,3720143950.76,44.37950524,27.06006128,28.56043349,0,44.37950524,27.06006128,28.56043349
2022-12-06,1670284800,12955045049.3,0,12955045049.3,5590374770.57,3589811435.76,3774858842.98,43.15210599,27.70975649,29.13813753,0,43.15210599,27.70975649,29.13813753
2022-12-07,1670371200,12787249928.33,0,12787249928.33,5513376163.93,3680297473.26,3593576291.15,43.1161993,28.78099274,28.10280796,0,43.1161993,28.78099274,28.10280796
2022-12-08,1670457600,13055288488.28,0,13055288488.28,5653620599.89,3762899090.64,3638768797.75,43.30521386,28.82279541,27.87199073,0,43.30521386,28.82279541,27.87199073
2022-12-09,1670544000,12887285442.49,0,12887285442.49,5574446911.14,3692881257.59,3619957273.76,43.25540034,28.65522979,28.08936987,0,43.25540034,28.65522979,28.08936987
2022-12-10,1670630400,13022079115.86,0,13022079115.86,5615134922.71,3712228046,3694716147.15,43.12011064,28.50718394,28.37270542,0,43.12011064,28.50718394,28.37270542
2022-12-11,1670716800,12867539477.07,0,12867539477.07,5590217114.88,3658426536.07,3618895826.13,43.44433623,28.43143821,28.12422556,0,43.44433623,28.43143821,28.12422556
2022-12-12,1670803200,12726056822.63,0,12726056822.63,5565606523.35,3606056213.87,3554394085.42,43.73394368,28.33600591,27.93005041,0,43.73394368,28.33600591,27.93005041
2022-12-13,1670889600,13126116344.07,0,13126116344.07,5799368010.36,3828189216.41,3498559117.3,44.18190315,29.16467534,26.65342151,0,44.18190315,29.16467534,26.65342151
2022-12-14,1670976000,13132010523.89,0,13132010523.89,5953920664.22,3767600176.11,3410489683.56,45.33898791,28.69020071,25.97081138,0,45.33898791,28.69020071,25.97081138
2022-12-15,1671062400,13023385592.05,0,13023385592.05,5783481884.65,3756911170.27,3482992537.13,44.40843622,28.8474233,26.74414047,0,44.40843622,28.8474233,26.74414047
2022-12-16,1671148800,11609564452.47,0,11609564452.47,5349534202.82,3303252803.07,2956777446.58,46.07868129,28.45285727,25.46846145,0,46.07868129,28.45285727,25.46846145
2022-12-17,1671235200,11934242598.07,0,11934242598.07,5459607251.16,3390953111.5,3083682235.41,45.74741301,28.41364321,25.83894378,0,45.74741301,28.41364321,25.83894378
2022-12-18,1671321600,11561619708.07,0,11561619708.07,5379228270.52,3113177787.59,3069213649.95,46.52659754,26.9268309,26.54657157,0,46.52659754,26.9268309,26.54657157
2022-12-19,1671408000,11759314553.76,0,11759314553.76,5373811837.86,3343499010.78,3042003705.11,45.69834248,28.43277128,25.86888625,0,45.69834248,28.43277128,25.86888625
2022-12-20,1671494400,11961521397.82,0,11961521397.82,5338388175.54,3464738434.21,3158394788.07,44.62967542,28.96570026,26.40462432,0,44.62967542,28.96570026,26.40462432
2022-12-21,1671580800,12089365616.91,0,12089365616.91,5394676616.76,3485618960.62,3209070039.53,44.62332258,28.83210808,26.54456934,0,44.62332258,28.83210808,26.54456934
2022-12-22,1671667200,12151238107.11,0,12151238107.11,5506134247.99,3402514864.03,3242588995.09,45.31335984,28.00138417,26.68525599,0,45.31335984,28.00138417,26.68525599
2022-12-23,1671753600,12246938514.68,0,12246938514.68,5477080853.43,3510625682.74,3259231978.52,44.72204092,28.6653328,26.61262629,0,44.72204092,28.6653328,26.61262629
2022-12-24,1671840000,12308719058.44,0,12308719058.44,5465067458.35,3523368939.07,3320282661.02,44.3999691,28.62498463,26.97504627,0,44.3999691,28.62498463,26.97504627
2022-12-25,1671926400,12293626404.15,0,12293626404.15,5467458977.16,3486477547.2,3339689879.79,44.47393143,28.36004148,27.16602709,0,44.47393143,28.36004148,27.16602709
2022-12-26,1672012800,12418747763.85,0,12418747763.85,5462922515.01,3518145609.89,3437679638.96,43.98931856,28.32931046,27.68137097,0,43.98931856,28.32931046,27.68137097
2022-12-27,1672099200,12670767128.29,0,12670767128.29,5624853996.31,3632495011.38,3413418120.6,44.39237135,28.66831167,26.93931698,0,44.39237135,28.66831167,26.93931698
2022-12-28,1672185600,12601128311.15,0,12601128311.15,5725810387.82,3592452991.67,3282864931.66,45.4388706,28.50897874,26.05215065,0,45.4388706,28.50897874,26.05215065
2022-12-29,1672272000,12733840879.97,0,12733840879.97,5810462372.74,3615806678.25,3307571828.98,45.63008465,28.3952557,25.97465965,0,45.63008465,28.3952557,25.97465965
2022-12-30,1672358400,12771865448.13,0,12771865448.13,5792886323.35,3598707992.96,3380271131.82,45.35661879,28.17683922,26.46654199,0,45.35661879,28.17683922,26.46654199
2022-12-31,1672444800,12712980130.33,0,12712980130.33,5712433407.46,3555986017.1,3444560705.77,44.93386562,27.97130162,27.09483277,0,44.93386562,27.97130162,27.09483277
2023-01-01,1672531200,13020220197.17,0,13020220197.17,5821284566.81,3651660780.89,3547274849.47,44.7095708,28.04607545,27.24435375,0,44.7095708,28.04607545,27.24435375
2023-01-02,1672617600,12973953475.76,0,12973953475.76,5754144750.59,3659857675.57,3559951049.6,44.35151368,28.20927085,27.43921547,0,44.35151368,28.20927085,27.43921547
2023-01-03,1672704000,13108859103.23,0,13108859103.23,5798967416.21,3638378880.66,3671512806.36,44.23701079,27.75511471,28.0078745,0,44.23701079,27.75511471,28.0078745
2023-01-04,1672790400,13189545151.34,0,13189545151.34,5670884670.74,3789814498.64,3728845981.96,42.99530125,28.73347379,28.27122497,0,42.99530125,28.73347379,28.27122497
2023-01-05,1672876800,13209249234.56,0,13209249234.56,5744887388.45,3762792223.24,3701569622.86,43.49139975,28.48604153,28.02255872,0,43.49139975,28.48604153,28.02255872
2023-01-06,1672963200,13443594055.13,0,13443594055.13,5689227389.92,3942221438.54,3812145226.67,42.31924414,29.32416304,28.35659282,0,42.31924414,29.32416304,28.35659282
2023-01-07,1673049600,13526245276.55,0,13526245276.55,5745901287.91,3879479201.55,3900864787.08,42.47964731,28.68112416,28.83922853,0,42.47964731,28.68112416,28.83922853
2023-01-08,1673136000,13634681450.16,0,13634681450.16,5669739676.43,3993460120.2,3971481653.54,41.58322068,29.28898731,29.12779201,0,41.58322068,29.28898731,29.12779201
2023-01-09,1673222400,13785754144.7,0,13785754144.7,5726261610.18,4234791896.58,3824700637.94,41.53752889,30.71860888,27.74386223,0,41.53752889,30.71860888,27.74386223
2023-01-10,1673308800,14431296549.48,0,14431296549.48,6078583464.33,4427832535.51,3924880549.64,42.12084093,30.68215333,27.19700573,0,42.12084093,30.68215333,27.19700573
2023-01-11,1673395200,14294636204.37,0,14294636204.37,5965542467.89,4338690620.48,3990403116,41.73273375,30.35187855,27.91538769,0,41.73273375,30.35187855,27.91538769
2023-01-12,1673481600,14577591926.55,0,14577591926.55,6160911179.92,4395114708.42,4021566038.21,42.26288684,30.1497993,27.58731386,0,42.26288684,30.1497993,27.58731386
2023-01-13,1673568000,15110019697.02,0,15110019697.02,6542279820.92,4382304023.86,4185435852.24,43.29762603,29.00263608,27.6997379,0,43.29762603,29.00263608,27.6997379
2023-01-14,1673654400,14062576078.54,0,14062576078.54,5921571670.21,4068472760.82,4072531647.51,42.10872629,28.93120534,28.96006837,0,42.10872629,28.93120534,28.96006837
2023-01-15,1673740800,14238224720.78,0,14238224720.78,5974434443.22,4134973923.6,4128816353.96,41.96052921,29.04135877,28.99811202,0,41.96052921,29.04135877,28.99811202
2023-01-16,1673827200,14454393725.69,0,14454393725.69,6182240419.09,4270582523.44,4001570783.17,42.7706657,29.54522067,27.68411363,0,42.7706657,29.54522067,27.68411363
2023-01-17,1673913600,14662954862.93,0,14662954862.93,6320137610.2,4300523569.12,4042293683.61,43.10275568,29.32917416,27.56807016,0,43.10275568,29.32917416,27.56807016
2023-01-18,1674000000,14071096662.83,0,14071096662.83,6200209833.9,4187467967.45,3683418861.48,44.06344425,29.75935755,26.17719819,0,44.06344425,29.75935755,26.17719819
2023-01-19,1674086400,14668335038.42,0,14668335038.42,6477416597.79,4318965051.54,3871953389.1,44.15918085,29.44413964,26.39667951,0,44.15918085,29.44413964,26.39667951
2023-01-20,1674172800,15261162721.76,0,15261162721.76,6472967107.43,4486806215.32,4301389399.01,42.41463921,29.40015972,28.18520107,0,42.41463921,29.40015972,28.18520107
2023-01-21,1674259200,14885320290.2,0,14885320290.2,6324445337.14,4376405819.11,4184469133.95,42.4878015,29.40081727,28.11138123,0,42.4878015,29.40081727,28.11138123
2023-01-22,1674345600,14967316299.99,0,14967316299.99,6284857425.47,4351363561.42,4331095313.1,41.99054326,29.07243673,28.93702001,0,41.99054326,29.07243673,28.93702001
2023-01-23,1674432000,15143054968.7,0,15143054968.7,6302900615.58,4341447465.29,4498706887.84,41.62238484,28.66956155,29.70805361,0,41.62238484,28.66956155,29.70805361
2023-01-24,1674518400,14400976969.97,0,14400976969.97,6331707454.58,4000806553.78,4068462961.61,43.9672077,27.78149401,28.2512983,0,43.9672077,27.78149401,28.2512983
2023-01-25,1674604800,14553140588.98,0,14553140588.98,6070964572.81,4062875781.68,4419300234.49,41.71583814,27.91751895,30.36664291,0,41.71583814,27.91751895,30.36664291
2023-01-26,1674691200,14757169388.65,0,14757169388.65,6194462734.75,4063298026.49,4499408627.4,41.97595468,27.53439985,30.48964547,0,41.97595468,27.53439985,30.48964547
2023-01-27,1674777600,14961812347.31,0,14961812347.31,6239453174.82,4042576265.37,4679782907.12,41.7025226,27.01929533,31.27818207,0,41.7025226,27.01929533,31.27818207
2023-01-28,1674864000,14910397300.04,0,14910397300.04,6251159238.75,3978977058.04,4680261003.25,41.92483348,26.68592243,31.38924409,0,41.92483348,26.68592243,31.38924409
2023-01-29,1674950400,16007619764.27,0,16007619764.27,6819835657.79,4269584574.69,4918199531.8,42.60368348,26.67220135,30.72411517,0,42.60368348,26.67220135,30.72411517
2023-01-30,1675036800,14748726437.85,0,14748726437.85,6361563765.01,4017470113.98,4369692558.86,43.1329701,27.23943746,29.62759244,0,43.1329701,27.23943746,29.62759244
2023-01-31,1675123200,15131011180.82,0,15131011180.82,6551855230.81,4005895355.22,4573260594.79,43.30084191,26.4747366,30.22442149,0,43.30084191,26.4747366,30.22442149
2023-02-01,1675209600,15845958861.61,0,15845958861.61,6784522379.28,4292831668.63,4768604813.7,42.81547389,27.09101864,30.09350747,0,42.81547389,27.09101864,30.09350747
2023-02-02,1675296000,15657055045.55,0,15657055045.55,6686229043.15,4226625783.84,4744200218.56,42.70425711,26.99502411,30.30071878,0,42.70425711,26.99502411,30.30071878
2023-02-03,1675382400,16045301158.56,0,16045301158.56,6653173822.76,4385172187.82,5006955147.98,41.46493579,27.32994628,31.20511793,0,41.46493579,27.32994628,31.20511793
2023-02-04,1675468800,16317534312.16,0,16317534312.16,6660944703.39,4581251265.44,5075338343.33,40.82077951,28.07563433,31.10358616,0,40.82077951,28.07563433,31.10358616
2023-02-05,1675555200,15906627231.5,0,15906627231.5,6778570428.37,4338623723.38,4789433079.75,42.61475629,27.27557301,30.10967071,0,42.61475629,27.27557301,30.10967071
2023-02-06,1675641600,15726026127.23,0,15726026127.23,6710211257.25,4344017552.81,4671797317.17,42.66946527,27.62311036,29.70742436,0,42.66946527,27.62311036,29.70742436
2023-02-07,1675728000,16464675699.75,0,16464675699.75,6775770983.95,4596338480.16,5092566235.64,41.1533826,27.91636206,30.93025534,0,41.1533826,27.91636206,30.93025534
2023-02-08,1675814400,16271555911.09,0,16271555911.09,6846592511.93,4491159028.14,4933804371.02,42.07706103,27.60128812,30.32165085,0,42.07706103,27.60128812,30.32165085
2023-02-09,1675900800,14608511233.62,0,14608511233.62,6332727952.18,4159361297.89,4116421983.55,43.34957787,28.47217784,28.1782443,0,43.34957787,28.47217784,28.1782443
2023-02-10,1675987200,14623703809.87,0,14623703809.87,6345033299.14,4101955820.87,4176714689.85,43.38868854,28.0500472,28.56126426,0,43.38868854,28.0500472,28.56126426
2023-02-11,1676073600,14935076803.84,0,14935076803.84,6406493237.29,4126002955.98,4402580610.56,42.89561628,27.62625871,29.47812501,0,42.89561628,27.62625871,29.47812501
2023-02-12,1676160000,14619185952.57,0,14619185952.57,6310685492.89,4031008927.89,4277491531.8,43.16714702,27.57341579,29.25943719,0,43.16714702,27.57341579,29.25943719
2023-02-13,1676246400,14752674469.29,0,14752674469.29,6368557113.75,4134731715.05,4249385640.49,43.16883103,28.02699757,28.8041714,0,43.16883103,28.02699757,28.8041714
2023-02-14,1676332800,15135857426.15,0,15135857426.15,6597875761.82,4149455914.76,4388525749.57,43.59102743,27.4147397,28.99423287,0,43.59102743,27.4147397,28.99423287
2023-02-15,1676419200,16243979285.05,0,16243979285.05,7216646784.91,4219851792.32,4807480707.82,44.42659436,25.97794369,29.59546195,0,44.42659436,25.97794369,29.59546195
2023-02-16,1676505600,15270621670.59,0,15270621670.59,6899443195.13,3970044287.6,4401134187.86,45.18115466,25.99792185,28.82092349,0,45.18115466,25.99792185,28.82092349
2023-02-17,1676592000,16098546144.89,0,16098546144.89,7139971092.42,4179071566.72,4779503485.75,44.35165156,25.95931042,29.68903802,0,44.35165156,25.95931042,29.68903802
2023-02-18,1676678400,16555918412.23,0,16555918412.23,7335811102.08,4258116503.09,4961990807.06,44.30929725,25.71960309,29.97109966,0,44.30929725,25.71960309,29.97109966
2023-02-19,1676764800,16409021493.83,0,16409021493.83,7205366965.91,4226719043.5,4976935484.42,43.91100937,25.75850757,30.33048306,0,43.91100937,25.75850757,30.33048306
2023-02-20,1676851200,17145615222.73,0,17145615222.73,7489287750.91,4362751827.08,5293575644.74,43.68048421,25.44529182,30.87422397,0,43.68048421,25.44529182,30.87422397
2023-02-21,1676937600,16821026916.89,0,16821026916.89,7437465575.38,4313830823.59,5069730517.91,44.21528847,25.6454665,30.13924502,0,44.21528847,25.6454665,30.13924502
2023-02-22,1677024000,16524784999.79,0,16524784999.79,7270994380.03,4267618028.49,4986172591.26,44.00053846,25.82555857,30.17390297,0,44.00053846,25.82555857,30.17390297
2023-02-23,1677110400,16379243080.17,0,16379243080.17,7189627054.13,4207267452.53,4982348573.5,43.89474543,25.68658046,30.41867411,0,43.89474543,25.68658046,30.41867411
2023-02-24,1677196800,15916801995.13,0,15916801995.13,6960967638.67,4225203977.7,4730630378.76,43.73345626,26.54555845,29.72098528,0,43.73345626,26.54555845,29.72098528
2023-02-25,1677283200,15873888048.52,0,15873888048.52,7062657934.51,4185503470.79,4625726643.22,44.49230027,26.36722306,29.14047667,0,44.49230027,26.36722306,29.14047667
2023-02-26,1677369600,16036321697.24,0,16036321697.24,7055963117.36,4230099298.4,4750259281.48,43.99988508,26.37823921,29.62187571,0,43.99988508,26.37823921,29.62187571
2023-02-27,1677456000,15810119839.34,0,15810119839.34,6882216943.33,4205924118.9,4721978777.11,43.530454,26.60273396,29.86681205,0,43.530454,26.60273396,29.86681205
2023-02-28,1677542400,15855063218.8,0,15855063218.8,6955993271.47,4264015438.55,4635054508.78,43.87237803,26.89371452,29.23390746,0,43.87237803,26.89371452,29.23390746
2023-03-01,1677628800,16445004268.95,0,16445004268.95,6980201340.95,4480529572.21,4984273355.79,42.44572532,27.24553608,30.30873859,0,42.44572532,27.24553608,30.30873859
2023-03-02,1677715200,16698382250.6,0,16698382250.6,7185429536.79,4534426897.65,4978525816.16,43.03069261,27.1548874,29.81441999,0,43.03069261,27.1548874,29.81441999
2023-03-03,1677801600,15022268481.62,0,15022268481.62,6553046910.49,4077105804.03,4392115767.09,43.62221936,27.14041364,29.237367,0,43.62221936,27.14041364,29.237367
2023-03-04,1677888000,14881473148.24,0,14881473148.24,6470749566.7,4123196296.41,4287527285.14,43.48191541,27.70690949,28.81117509,0,43.48191541,27.70690949,28.81117509
2023-03-05,1677974400,14811154175,0,14811154175,6427166799.17,4052504623.35,4331482752.48,43.39409828,27.36116697,29.24473475,0,43.39409828,27.36116697,29.24473475
2023-03-06,1678060800,15064056946.47,0,15064056946.47,6522894262.82,4081890391.46,4459272292.19,43.30104623,27.09688636,29.60206741,0,43.30104623,27.09688636,29.60206741
2023-03-07,1678147200,14972078117.34,0,14972078117.34,6439651253.42,4061165360.88,4471261503.03,43.0110717,27.12492768,29.86400063,0,43.0110717,27.12492768,29.86400063
2023-03-08,1678233600,14727095466.67,0,14727095466.67,6397920533.57,4064257934.06,4264916999.05,43.44319318,27.5971453,28.95966152,0,43.44319318,27.5971453,28.95966152
2023-03-09,1678320000,13536629598.39,0,13536629598.39,5823920173.62,3689450488.35,4023258936.42,43.02341385,27.25531094,29.7212752,0,43.02341385,27.25531094,29.7212752
2023-03-10,1678406400,13091432367.63,0,13091432367.63,5662261857.22,3499214912.68,3929955597.73,43.25166031,26.72904549,30.0192942,0,43.25166031,26.72904549,30.0192942
2023-03-11,1678492800,13080178425.1,0,13080178425.1,5482122570.6,3512469129.39,4085586725.11,41.91168035,26.85337321,31.23494644,0,41.91168035,26.85337321,31.23494644
2023-03-12,1678579200,13349978643.71,0,13349978643.71,5429238711.93,3515520435.29,4405219496.49,40.66851983,26.33352853,32.99795164,0,40.66851983,26.33352853,32.99795164
2023-03-13,1678665600,14422520504.84,0,14422520504.84,6276710817.9,3725359427.48,4420450259.46,43.52020727,25.83015518,30.64963754,0,43.52020727,25.83015518,30.64963754
2023-03-14,1678752000,14506133873.98,0,14506133873.98,6310741089.56,3718042859.95,4477349924.47,43.50394905,25.63083239,30.86521856,0,43.50394905,25.63083239,30.86521856
2023-03-15,1678838400,13945631002.41,0,13945631002.41,6209293012.96,3635089212.22,4101248777.23,44.5250058,26.06615084,29.40884336,0,44.5250058,26.06615084,29.40884336
2023-03-16,1678924800,14483370140.97,0,14483370140.97,6574970944.04,3689471487.22,4218927709.7,45.39669207,25.47384657,29.12946137,0,45.39669207,25.47384657,29.12946137
2023-03-17,1679011200,15893855398.91,0,15893855398.91,7417946922.89,3988366880.58,4487541595.44,46.67179068,25.09376599,28.23444333,0,46.67179068,25.09376599,28.23444333
2023-03-18,1679097600,15517824585.6,0,15517824585.6,7306917135.5,3906745804.26,4304161645.84,47.08725179,25.17586007,27.73688813,0,47.08725179,25.17586007,27.73688813
2023-03-19,1679184000,16225568507.87,0,16225568507.87,7813916993.73,3976524060.26,4435127453.89,48.15804753,24.50776414,27.33418833,0,48.15804753,24.50776414,27.33418833
2023-03-20,1679270400,15759589593.49,0,15759589593.49,7727873739.31,3835040649.48,4196675204.7,49.0360088,24.33464797,26.62934323,0,49.0360088,24.33464797,26.62934323
2023-03-21,1679356800,16267315114.97,0,16267315114.97,7723032372.86,4076879587.74,4467403154.37,47.47576547,25.0617853,27.46244923,0,47.47576547,25.0617853,27.46244923
2023-03-22,1679443200,15330141412.24,0,15330141412.24,7229626627.04,3930373689.71,4170141095.49,47.15955602,25.63820896,27.20223502,0,47.15955602,25.63820896,27.20223502
2023-03-23,1679529600,16179891309.35,0,16179891309.35,7409356008.38,4155538586.96,4614996714.01,45.79360805,25.68335292,28.52303904,0,45.79360805,25.68335292,28.52303904
2023-03-24,1679616000,15277527895.23,0,15277527895.23,7007528757.98,3805774198.27,4464224938.98,45.86821118,24.91092947,29.22085935,0,45.86821118,24.91092947,29.22085935
2023-03-25,1679702400,15314004282.38,0,15314004282.38,7010787582.17,3800152576.65,4503064123.57,45.78023783,24.81488516,29.404877,0,45.78023783,24.81488516,29.404877
2023-03-26,1679788800,15734338113.16,0,15734338113.16,7349823532.44,3787174879.31,4597339701.4,46.71199691,24.06948962,29.21851347,0,46.71199691,24.06948962,29.21851347
2023-03-27,1679875200,15503257058.99,0,15503257058.99,7160350884.8,3824674006.27,4518232167.92,46.18610694,24.67013216,29.14376089,0,46.18610694,24.67013216,29.14376089
2023-03-28,1679961600,15994149896.31,0,15994149896.31,7318070365.9,3952792697.24,4723286833.17,45.75466913,24.71399057,29.5313403,0,45.75466913,24.71399057,29.5313403
2023-03-29,1680048000,16724226100.63,0,16724226100.63,7783731289.41,4023990634.95,4916504176.26,46.54165306,24.06084808,29.39749885,0,46.54165306,24.06084808,29.39749885
2023-03-30,1680134400,16119979516.57,0,16119979516.57,7406090799.15,3892325872.75,4821562844.68,45.94354969,24.14597282,29.91047749,0,45.94354969,24.14597282,29.91047749
2023-03-31,1680220800,17013961557.9,0,17013961557.9,7617724695.58,4340106267.38,5056130594.95,44.77337432,25.50908707,29.71753861,0,44.77337432,25.50908707,29.71753861
2023-04-01,1680307200,16952038008.22,0,16952038008.22,7590885306.7,4273202425.79,5087950275.72,44.77860009,25.20760291,30.013797,0,44.77860009,25.20760291,30.013797
2023-04-02,1680393600,16558506297.41,0,16558506297.41,7498161185.18,4128036119.4,4932308992.82,45.2828356,24.93000302,29.78716138,0,45.2828356,24.93000302,29.78716138
2023-04-03,1680480000,15943194736.27,0,15943194736.27,6982281470.63,4042802373.06,4918110892.58,43.79474494,25.35754245,30.84771261,0,43.79474494,25.35754245,30.84771261
2023-04-04,1680566400,17173754566.32,0,17173754566.32,7194920594.77,4838077185.17,5140756786.38,41.89486095,28.1713423,29.93379675,0,41.89486095,28.1713423,29.93379675
2023-04-05,1680652800,17312203510.65,0,17312203510.65,7139737302.9,4925410047.92,5247056159.83,41.24106616,28.45050917,30.30842467,0,41.24106616,28.45050917,30.30842467
2023-04-06,1680739200,17010430053.05,0,17010430053.05,7258478237.16,4564059238.38,5187892577.51,42.67075091,26.83094563,30.49830346,0,42.67075091,26.83094563,30.49830346
2023-04-07,1680825600,17118239414.57,0,17118239414.57,7358525813.49,4516494251.22,5243219349.86,42.98646394,26.38410494,30.62943112,0,42.98646394,26.38410494,30.62943112
2023-04-08,1680912000,17098683760.15,0,17098683760.15,7346975659.72,4548122705.04,5203585395.38,42.96807733,26.59925623,30.43266645,0,42.96807733,26.59925623,30.43266645
2023-04-09,1680998400,17137780617,0,17137780617,7501339603.55,4405983677.74,5230457335.72,43.77077622,25.70918473,30.52003904,0,43.77077622,25.70918473,30.52003904
2023-04-10,1681084800,18509606433.56,0,18509606433.56,8592911250.88,4487125208.14,5429569974.54,46.42406245,24.24214272,29.33379483,0,46.42406245,24.24214272,29.33379483
2023-04-11,1681171200,18616214718.75,0,18616214718.75,8653882815.68,4421230000.55,5541101902.52,46.48572734,23.74935006,29.7649226,0,46.48572734,23.74935006,29.7649226
2023-04-12,1681257600,18895202664.8,0,18895202664.8,8586473308.65,4888400471.84,5420328884.31,45.44261028,25.87111956,28.68627016,0,45.44261028,25.87111956,28.68627016
2023-04-13,1681344000,20591891788.22,0,20591891788.22,8719569800.35,5949206896.96,5923115090.91,42.34467571,28.89101671,28.76430758,0,42.34467571,28.89101671,28.76430758
2023-04-14,1681430400,19874259237.47,0,19874259237.47,8124849831.19,5590503967.1,6158905439.18,40.88127127,28.12937026,30.98935847,0,40.88127127,28.12937026,30.98935847
2023-04-15,1681516800,20160266723.4,0,20160266723.4,8140629899.53,5697182338.54,6322454485.33,40.37957439,28.25945915,31.36096646,0,40.37957439,28.25945915,31.36096646
2023-04-16,1681603200,20315980394.43,0,20315980394.43,8056302572.63,5680419935.24,6579257886.56,39.65500269,27.9603535,32.38464381,0,39.65500269,27.9603535,32.38464381
2023-04-17,1681689600,19912055319.45,0,19912055319.45,7930219041.45,5563493674.22,6418342603.78,39.82622042,27.94032853,32.23345105,0,39.82622042,27.94032853,32.23345105
2023-04-18,1681776000,20338563423.49,0,20338563423.49,8124176953.96,5519354084.26,6695032385.27,39.94469415,27.13738414,32.91792171,0,39.94469415,27.13738414,32.91792171
2023-04-19,1681862400,17703008930.08,0,17703008930.08,7502620290.26,4718088765.49,5482299874.33,42.38048074,26.65133811,30.96818115,0,42.38048074,26.65133811,30.96818115
2023-04-20,1681948800,17605983238.3,0,17605983238.3,7544490692.58,4730877624.92,5330614920.81,42.85185661,26.87085158,30.27729181,0,42.85185661,26.87085158,30.27729181
2023-04-21,1682035200,16777796024.73,0,16777796024.73,7305285219.33,4444583464.78,5027927340.62,43.54138773,26.49086601,29.96774626,0,43.54138773,26.49086601,29.96774626
2023-04-22,1682121600,17331918605.16,0,17331918605.16,7573366606.54,4543242991.28,5215309007.34,43.69606608,26.21315675,30.09077717,0,43.69606608,26.21315675,30.09077717
2023-04-23,1682208000,16727983709.78,0,16727983709.78,7353631341.49,4406606470.55,4967745897.73,43.960058,26.34272335,29.69721865,0,43.960058,26.34272335,29.69721865
2023-04-24,1682294400,16668578938.45,0,16668578938.45,7298696999.52,4431320183.63,4938561755.3,43.78715802,26.58487085,29.62797113,0,43.78715802,26.58487085,29.62797113
2023-04-25,1682380800,17200599260.19,0,17200599260.19,7551708178.13,4537216076.3,5111675005.76,43.90375047,26.3782442,29.71800533,0,43.90375047,26.3782442,29.71800533
2023-04-26,1682467200,15813129217.91,0,15813129217.91,6879480928.32,4195672908.83,4737975380.76,43.50486759,26.53284401,29.9622884,0,43.50486759,26.53284401,29.9622884
2023-04-27,1682553600,16800401747.51,0,16800401747.51,7448087647.9,4345802308.94,5006511790.67,44.33279489,25.86725231,29.7999528,0,44.33279489,25.86725231,29.7999528
2023-04-28,1682640000,17064455737.64,0,17064455737.64,7558111541.33,4411637363.02,5094706833.29,44.29154763,25.85278682,29.85566555,0,44.29154763,25.85278682,29.85566555
2023-04-29,1682726400,17183566164.53,0,17183566164.53,7566129990.06,4453796206.5,5163639967.97,44.0311977,25.91892838,30.04987392,0,44.0311977,25.91892838,30.04987392
2023-04-30,1682812800,16893538184.97,0,16893538184.97,7440449695.14,4383928517.45,5069159972.38,44.04316972,25.95032769,30.00650259,0,44.04316972,25.95032769,30.00650259
2023-05-01,1682899200,16860274491.89,0,16860274491.89,7344369750.3,4480580374.5,5035324367.09,43.56020273,26.57477716,29.86502011,0,43.56020273,26.57477716,29.86502011
2023-05-02,1682985600,17258090707.7,0,17258090707.7,7541745822.92,4597117769.06,5119227115.71,43.69976929,26.6374644,29.66276631,0,43.69976929,26.6374644,29.66276631
2023-05-03,1683072000,17180557453.41,0,17180557453.41,7411365656.4,4625626685.65,5143565111.37,43.13809768,26.92361233,29.93828998,0,43.13809768,26.92361233,29.93828998
2023-05-04,1683158400,17391459568.68,0,17391459568.68,7600079063.45,4580344594.36,5211035910.87,43.70006458,26.33674636,29.96318906,0,43.70006458,26.33674636,29.96318906
2023-05-05,1683244800,18488185209.07,0,18488185209.07,7871427687.12,5264647540.58,5352109981.37,42.57544804,28.47573994,28.94881202,0,42.57544804,28.47573994,28.94881202
2023-05-06,1683331200,17332724800.23,0,17332724800.23,7466753887.58,4722234340.87,5143736571.78,43.07893868,27.24461615,29.67644517,0,43.07893868,27.24461615,29.67644517
2023-05-07,1683417600,17095100814.19,0,17095100814.19,7438977942.41,4526860571.74,5129262300.04,43.5152622,26.48045555,30.00428225,0,43.5152622,26.48045555,30.00428225
2023-05-08,1683504000,16754841558.63,0,16754841558.63,7651089012.15,4528298172.98,4575454373.5,45.66494398,27.02680391,27.30825211,0,45.66494398,27.02680391,27.30825211
2023-05-09,1683590400,16924963010.29,0,16924963010.29,7684882138.35,4557164824.81,4682916047.13,45.4056067,26.92570035,27.66869295,0,45.4056067,26.92570035,27.66869295
2023-05-10,1683676800,16353396232.47,0,16353396232.47,7223368405.14,4506092267.59,4623935559.74,44.17044816,27.55447372,28.27507812,0,44.17044816,27.55447372,28.27507812
2023-05-11,1683763200,16882520675.09,0,16882520675.09,7565027393.06,4680149543.52,4637343738.52,44.80982158,27.72186472,27.46831369,0,44.80982158,27.72186472,27.46831369
2023-05-12,1683849600,16526638142.14,0,16526638142.14,7288527268.7,4516513002.83,4721597870.6,44.10169331,27.32868575,28.56962094,0,44.10169331,27.32868575,28.56962094
2023-05-13,1683936000,16590670321.27,0,16590670321.27,7331614789.07,4537040196.26,4722015335.94,44.19119087,27.34693721,28.46187191,0,44.19119087,27.34693721,28.46187191
2023-05-14,1684022400,16797913978.7,0,16797913978.7,7429523283.06,4540427589.32,4827963106.32,44.22884468,27.02971092,28.7414444,0,44.22884468,27.02971092,28.7414444
2023-05-15,1684108800,17060449294.46,0,17060449294.46,7584693822.9,4515894914.02,4959860557.53,44.45776129,26.46996475,29.07227396,0,44.45776129,26.46996475,29.07227396
2023-05-16,1684195200,17331669369.77,0,17331669369.77,7641523423.86,4569691493.84,5120454452.06,44.0899446,26.36613587,29.54391953,0,44.0899446,26.36613587,29.54391953
2023-05-17,1684281600,17438052595.05,0,17438052595.05,7664499123.38,4537451704.62,5236101767.06,43.95272397,26.02040383,30.0268722,0,43.95272397,26.02040383,30.0268722
2023-05-18,1684368000,17011593501.56,0,17011593501.56,7395981897.49,4522937624.93,5092673979.14,43.47612642,26.58738362,29.93648995,0,43.47612642,26.58738362,29.93648995
2023-05-19,1684454400,17050815375.08,0,17050815375.08,7369236918.65,4503875014.82,5177703441.61,43.21926404,26.41442603,30.36630993,0,43.21926404,26.41442603,30.36630993
2023-05-20,1684540800,17286268414.05,0,17286268414.05,7510715038.41,4535333425.68,5240219949.96,43.44902473,26.23662503,30.31435024,0,43.44902473,26.23662503,30.31435024
2023-05-21,1684627200,17215935095.98,0,17215935095.98,7485632543.33,4578175136.34,5152127416.32,43.48083622,26.59266029,29.92650348,0,43.48083622,26.59266029,29.92650348
2023-05-22,1684713600,17480079958.65,0,17480079958.65,7501924947.85,4693305909.47,5284849101.33,42.91699446,26.84945332,30.23355221,0,42.91699446,26.84945332,30.23355221
2023-05-23,1684800000,17982413663.62,0,17982413663.62,7711485683.61,4931407325.15,5339520654.86,42.8834851,27.42350063,29.69301427,0,42.8834851,27.42350063,29.69301427
2023-05-24,1684886400,17165426422.02,0,17165426422.02,7665109143.87,4502009215.19,4998308062.96,44.65434738,26.22719124,29.11846138,0,44.65434738,26.22719124,29.11846138
2023-05-25,1684972800,17093717488.88,0,17093717488.88,7599858574.78,4461043808.91,5032815105.19,44.45995191,26.09756369,29.4424844,0,44.45995191,26.09756369,29.4424844
2023-05-26,1685059200,17138262464.26,0,17138262464.26,7466868485.44,4566488960.01,5104905018.81,43.56841016,26.64499374,29.7865961,0,43.56841016,26.64499374,29.7865961
2023-05-27,1685145600,17137294491.55,0,17137294491.55,7513926867.28,4444612312.36,5178755311.91,43.84546739,25.93532086,30.21921176,0,43.84546739,25.93532086,30.21921176
2023-05-28,1685232000,17923999374.83,0,17923999374.83,8058428108.56,4607683610.27,5257887656.01,44.95887296,25.70678292,29.33434412,0,44.95887296,25.70678292,29.33434412
2023-05-29,1685318400,17774190882,0,17774190882,7980805130.06,4608663315.3,5184722436.64,44.90108823,25.92896265,29.16994912,0,44.90108823,25.92896265,29.16994912
2023-05-30,1685404800,18058820476.87,0,18058820476.87,8010856908.57,4754388613.09,5293574955.21,44.35980145,26.32723781,29.31296073,0,44.35980145,26.32723781,29.31296073
2023-05-31,1685491200,17575655464.67,0,17575655464.67,7768220969.6,4643279240.64,5164155254.44,44.1987554,26.41881124,29.38243336,0,44.1987554,26.41881124,29.38243336
2023-06-01,1685577600,17540868463.73,0,17540868463.73,7799026080.08,4521045316.41,5220797067.24,44.46202932,25.77435277,29.76361791,0,44.46202932,25.77435277,29.76361791
2023-06-02,1685664000,18132106053.8,0,18132106053.8,7895887449.77,4785414427.98,5450804176.05,43.54644423,26.39193932,30.06161645,0,43.54644423,26.39193932,30.06161645
2023-06-03,1685750400,18056577557.36,0,18056577557.36,7885495715.85,4694816205.37,5476265636.13,43.67104281,26.00058727,30.32836992,0,43.67104281,26.00058727,30.32836992
2023-06-04,1685836800,18028351109.71,0,18028351109.71,7694259034.98,4740851562.44,5593240512.29,42.678662,26.2966454,31.0246926,0,42.678662,26.2966454,31.0246926
2023-06-05,1685923200,17355228343.32,0,17355228343.32,7878701551.28,4645479173.47,4831047618.58,45.39670349,26.76702998,27.83626653,0,45.39670349,26.76702998,27.83626653
2023-06-06,1686009600,17235370541.29,0,17235370541.29,7739152405.35,4518323965.9,4977894170.04,44.90273294,26.2154153,28.88185176,0,44.90273294,26.2154153,28.88185176
2023-06-07,1686096000,16351201122.98,0,16351201122.98,7251698636.25,4348786893.34,4750715593.39,44.34963879,26.59613114,29.05423007,0,44.34963879,26.59613114,29.05423007
2023-06-08,1686182400,16546816209.15,0,16546816209.15,7362934276.1,4368528859.86,4815353073.2,44.49758904,26.40102364,29.10138731,0,44.49758904,26.40102364,29.10138731
2023-06-09,1686268800,16691007254.54,0,16691007254.54,7363593294.56,4405308201.86,4922105758.12,44.11712956,26.3933035,29.48956695,0,44.11712956,26.3933035,29.48956695
2023-06-10,1686355200,15269891491.58,0,15269891491.58,7231779496.11,4419183012.09,3618928983.39,47.35973075,28.94050043,23.69976883,0,47.35973075,28.94050043,23.69976883
2023-06-11,1686441600,15179605690.13,0,15179605690.13,7162017585.26,4370598283.6,3646989821.27,47.18184208,28.79256795,24.02558996,0,47.18184208,28.79256795,24.02558996
2023-06-12,1686528000,15473661092.59,0,15473661092.59,7286903170.9,4483441155.99,3703316765.69,47.09230173,28.974663,23.93303526,0,47.09230173,28.974663,23.93303526
2023-06-13,1686614400,15652174659.99,0,15652174659.99,7426477556.88,4507536763.51,3718160339.59,47.44693768,28.79815017,23.75491215,0,47.44693768,28.79815017,23.75491215
2023-06-14,1686700800,15012576442.99,0,15012576442.99,7229405101.32,4213868836.51,3569302505.16,48.15565888,28.06892509,23.77541602,0,48.15565888,28.06892509,23.77541602
2023-06-15,1686787200,15253971493.12,0,15253971493.12,7391650733.63,4152650465.78,3709670293.71,48.45722137,27.22340518,24.31937345,0,48.45722137,27.22340518,24.31937345
2023-06-16,1686873600,15633846147.18,0,15633846147.18,7752790309.08,4080362516.11,3800693321.99,49.58978255,26.09954376,24.31067369,0,49.58978255,26.09954376,24.31067369
2023-06-17,1686960000,15546291684.25,0,15546291684.25,7630958205.69,4038373535.99,3876959942.57,49.08539194,25.9764426,24.93816546,0,49.08539194,25.9764426,24.93816546
2023-06-18,1687046400,15413648004.31,0,15413648004.31,7639408282.24,3995008515.84,3779231206.24,49.5626232,25.91864375,24.51873304,0,49.5626232,25.91864375,24.51873304
2023-06-19,1687132800,15748139227.43,0,15748139227.43,7908768795.89,3989143297.76,3850227133.78,50.2203383,25.33088665,24.44877505,0,50.2203383,25.33088665,24.44877505
2023-06-20,1687219200,17118885324.59,0,17118885324.59,8982723026.22,4097232861.23,4038929437.14,52.47259302,23.93399327,23.59341371,0,52.47259302,23.93399327,23.59341371
2023-06-21,1687305600,17550986735.39,0,17550986735.39,9037707832.8,4330345248.02,4182933654.57,51.49401552,24.67294468,23.8330398,0,51.49401552,24.67294468,23.8330398
2023-06-22,1687392000,17550799537.1,0,17550799537.1,9089555000.78,4333408756.56,4127835779.76,51.78997676,24.69066294,23.51936031,0,51.78997676,24.69066294,23.51936031
2023-06-23,1687478400,17906083289.54,0,17906083289.54,9278318556.13,4272024647.99,4355740085.43,51.81657209,23.8579514,24.32547652,0,51.81657209,23.8579514,24.32547652
2023-06-24,1687564800,17748770870.08,0,17748770870.08,9167982527.75,4267497544.26,4313290798.07,51.65418267,24.04390465,24.30191268,0,51.65418267,24.04390465,24.30191268
2023-06-25,1687651200,18070162672.49,0,18070162672.49,9188256747.82,4472018560.35,4409887364.33,50.84767035,24.74808136,24.40424829,0,50.84767035,24.74808136,24.40424829
2023-06-26,1687737600,18014017678.61,0,18014017678.61,9180246918.09,4396154995.95,4437615764.57,50.96168485,24.40407839,24.63423676,0,50.96168485,24.40407839,24.63423676
2023-06-27,1687824000,18538617634.79,0,18538617634.79,9368886328.98,4533699099.85,4636032205.97,50.53713558,24.45543238,25.00743204,0,50.53713558,24.45543238,25.00743204
2023-06-28,1687910400,17872410458.47,0,17872410458.47,9113374737.52,4476396141.98,4282639578.97,50.9913017,25.04640408,23.96229422,0,50.9913017,25.04640408,23.96229422
2023-06-29,1687996800,18229641515.54,0,18229641515.54,9321298812.37,4355927533.76,4552415169.41,51.13265011,23.89475147,24.97259842,0,51.13265011,23.89475147,24.97259842
2023-06-30,1688083200,18050666272.09,0,18050666272.09,8598253149.95,4714167730.96,4738245391.19,47.63399323,26.11630873,26.24969804,0,47.63399323,26.11630873,26.24969804
2023-07-01,1688169600,18466228199.63,0,18466228199.63,8766887252.63,4729436486.63,4969904460.36,47.47524593,25.611275,26.91347906,0,47.47524593,25.611275,26.91347906
2023-07-02,1688256000,18380251144.54,0,18380251144.54,8691700513.46,4608197187.51,5080353443.56,47.28825763,25.07145931,27.64028306,0,47.28825763,25.07145931,27.64028306
2023-07-03,1688342400,19433027694.3,0,19433027694.3,9327557818.68,4899336994.25,5206132881.37,47.99847952,25.21139305,26.79012742,0,47.99847952,25.21139305,26.79012742
2023-07-04,1688428800,18902391775.1,0,18902391775.1,9114927340.57,4696153872.17,5091310562.36,48.22102647,24.84423097,26.93474256,0,48.22102647,24.84423097,26.93474256
2023-07-05,1688515200,18600458791.94,0,18600458791.94,9040554722.89,4695316362.48,4864587706.56,48.60393404,25.24301371,26.15305225,0,48.60393404,25.24301371,26.15305225
2023-07-06,1688601600,17667005801.07,0,17667005801.07,8571832502.04,4385144012.6,4710029286.43,48.51887523,24.82109341,26.66003136,0,48.51887523,24.82109341,26.66003136
2023-07-07,1688688000,17921549125.79,0,17921549125.79,8620331635.33,4398910717.95,4902306772.51,48.10037109,24.54537098,27.35425793,0,48.10037109,24.54537098,27.35425793
2023-07-08,1688774400,17980650313.67,0,17980650313.67,8583991964.08,4403025469.89,4993632879.7,47.74016409,24.48757633,27.77225958,0,47.74016409,24.48757633,27.77225958
2023-07-09,1688860800,17914777484.81,0,17914777484.81,8569936704.76,4372865078.4,4971975701.65,47.83724895,24.40926259,27.75348846,0,47.83724895,24.40926259,27.75348846
2023-07-10,1688947200,18169717367.97,0,18169717367.97,8884643737.27,4376070250.06,4909003380.65,48.89808442,24.08441563,27.01749995,0,48.89808442,24.08441563,27.01749995
2023-07-11,1689033600,18559562473.03,0,18559562473.03,9002859520.23,4421474626.08,5135228326.71,48.50792972,23.82316195,27.66890833,0,48.50792972,23.82316195,27.66890833
2023-07-12,1689120000,18724423777.34,0,18724423777.34,9219651664.28,4404186206.1,5100585906.95,49.23864026,23.52107738,27.24028236,0,49.23864026,23.52107738,27.24028236
2023-07-13,1689206400,20600140216.59,0,20600140216.59,9513897117.14,5314868193.53,5771374905.92,46.18365223,25.80015542,28.01619234,0,46.18365223,25.80015542,28.01619234
2023-07-14,1689292800,18662865780.62,0,18662865780.62,8756223744.82,4496035597.62,5410606438.19,46.91789486,24.09081033,28.99129481,0,46.91789486,24.09081033,28.99129481
2023-07-15,1689379200,19026565768.77,0,19026565768.77,8726664585.78,4590166414.3,5709734768.69,45.86568429,24.12503901,30.0092767,0,45.86568429,24.12503901,30.0092767
2023-07-16,1689465600,18992489144.56,0,18992489144.56,8765705179.09,4548947475.22,5677836490.26,46.15353529,23.95129696,29.89516775,0,46.15353529,23.95129696,29.89516775
2023-07-17,1689552000,19089131964,0,19089131964,8843672513.08,4515651661.39,5729807789.53,46.32831147,23.65561551,30.01607302,0,46.32831147,23.65561551,30.01607302
2023-07-18,1689638400,19238886612.84,0,19238886612.84,8998916179.85,4583754443.1,5656215989.9,46.77462039,23.82546628,29.39991333,0,46.77462039,23.82546628,29.39991333
2023-07-19,1689724800,19284340257.6,0,19284340257.6,8887135918.65,4550343182.34,5846861156.61,46.08472885,23.59605318,30.31921797,0,46.08472885,23.59605318,30.31921797
2023-07-20,1689811200,19408461966.22,0,19408461966.22,8982631645.67,4542906416.12,5882923904.44,46.2820375,23.4068337,30.3111288,0,46.2820375,23.4068337,30.3111288
2023-07-21,1689897600,19270943808.39,0,19270943808.39,8840224193.03,4506222132.49,5924497482.87,45.87333283,23.38350512,30.74316205,0,45.87333283,23.38350512,30.74316205
2023-07-22,1689984000,18910874807.95,0,18910874807.95,8750847694.89,4512293152.53,5647733960.54,46.27415592,23.86083774,29.86500634,0,46.27415592,23.86083774,29.86500634
2023-07-23,1690070400,18764656229.5,0,18764656229.5,8634879313.46,4442923443.07,5686853472.97,46.01671999,23.67708413,30.30619588,0,46.01671999,23.67708413,30.30619588
2023-07-24,1690156800,18891998995.79,0,18891998995.79,8932601962.54,4564598689.9,5394798343.35,47.2824605,24.16154421,28.55599529,0,47.2824605,24.16154421,28.55599529
2023-07-25,1690243200,18878573175.85,0,18878573175.85,8812969703.19,4476381428.7,5589222043.96,46.6823929,23.71143935,29.60616775,0,46.6823929,23.71143935,29.60616775
2023-07-26,1690329600,18990225021.31,0,18990225021.31,8827853980.22,4522408912.89,5639962128.2,46.4863053,23.81440403,29.69929067,0,46.4863053,23.81440403,29.69929067
2023-07-27,1690416000,19155371760.92,0,19155371760.92,8865105532.12,4570518197,5719748031.8,46.27999729,23.86024272,29.85975998,0,46.27999729,23.86024272,29.85975998
2023-07-28,1690502400,19376765592.38,0,19376765592.38,8835490028.7,4721762067.87,5819513495.81,45.59837392,24.36816426,30.03346182,0,45.59837392,24.36816426,30.03346182
2023-07-29,1690588800,19534765443.88,0,19534765443.88,8847964605,4729870566.19,5956930272.68,45.29342638,24.21257926,30.49399436,0,45.29342638,24.21257926,30.49399436
2023-07-30,1690675200,19098632827.12,0,19098632827.12,8767514208.03,4526288396.51,5804830222.58,45.90650172,23.69954141,30.39395686,0,45.90650172,23.69954141,30.39395686
2023-07-31,1690761600,19443925220.17,0,19443925220.17,8962463214.27,4655443078.81,5826018927.09,46.0938988,23.94291804,29.96318316,0,46.0938988,23.94291804,29.96318316
2023-08-01,1690848000,19287129706.62,0,19287129706.62,8929284256.98,4484826779.34,5873018670.3,46.29659463,23.25295079,30.45045458,0,46.29659463,23.25295079,30.45045458
2023-08-02,1690934400,19180757065.48,0,19180757065.48,8912380011.14,4555963211.08,5712413843.26,46.46521501,23.75278095,29.78200404,0,46.46521501,23.75278095,29.78200404
2023-08-03,1691020800,19193848080.33,0,19193848080.33,8952065048.02,4524655376.7,5717127655.61,46.64028292,23.57346665,29.78625043,0,46.64028292,23.57346665,29.78625043
2023-08-04,1691107200,19249771752.92,0,19249771752.92,9037055352.08,4539721095.18,5672995305.66,46.94629873,23.58324635,29.47045491,0,46.94629873,23.58324635,29.47045491
2023-08-05,1691193600,19321718479.64,0,19321718479.64,8970249085.08,4516955583.33,5834513811.23,46.4257312,23.37760789,30.19666091,0,46.4257312,23.37760789,30.19666091
2023-08-06,1691280000,19232450087.49,0,19232450087.49,8859495452.91,4558915497.21,5814039137.37,46.06535003,23.70428872,30.23036124,0,46.06535003,23.70428872,30.23036124
2023-08-07,1691366400,19437920666.9,0,19437920666.9,8995146288.95,4740857585.8,5701916792.15,46.27627843,24.38973626,29.33398531,0,46.27627843,24.38973626,29.33398531
2023-08-08,1691452800,20072355660.52,0,20072355660.52,9804241658.67,4620628428.04,5647485573.81,48.84449949,23.01986128,28.13563923,0,48.84449949,23.01986128,28.13563923
2023-08-09,1691539200,19684211352.27,0,19684211352.27,9388368694.17,4588343797.88,5707498860.22,47.69491917,23.30976698,28.99531385,0,47.69491917,23.30976698,28.99531385
2023-08-10,1691625600,19895876977.69,0,19895876977.69,9474304544.64,4600378658.59,5821193774.45,47.61943671,23.12227133,29.25829196,0,47.61943671,23.12227133,29.25829196
2023-08-11,1691712000,19938829739.63,0,19938829739.63,9405978798.08,4550049421.9,5982801519.65,47.17417682,22.82004251,30.00578067,0,47.17417682,22.82004251,30.00578067
2023-08-12,1691798400,20025490290.89,0,20025490290.89,9364718854.42,4543007926.79,6117763509.67,46.76399288,22.68612584,30.54988128,0,46.76399288,22.68612584,30.54988128
2023-08-13,1691884800,19739521192.86,0,19739521192.86,9269505711.92,4534608953.1,5935406527.84,46.95912136,22.97223377,30.06864488,0,46.95912136,22.97223377,30.06864488
2023-08-14,1691971200,19667069984.67,0,19667069984.67,9126598052.87,4558157631.44,5982314300.37,46.40547911,23.1765974,30.41792349,0,46.40547911,23.1765974,30.41792349
2023-08-15,1692057600,19609495008.45,0,19609495008.45,9360762863.94,4755733481.43,5492998663.08,47.73586908,24.25219762,28.0119333,0,47.73586908,24.25219762,28.0119333
2023-08-16,1692144000,19431820696.63,0,19431820696.63,9453230188.05,4870267031.59,5108323476.98,48.64819584,25.06335926,26.2884449,0,48.64819584,25.06335926,26.2884449
2023-08-17,1692230400,15447812777.82,0,15447812777.82,7448488918.52,3911322312.07,4088001547.23,48.21711025,25.31958646,26.46330329,0,48.21711025,25.31958646,26.46330329
2023-08-18,1692316800,14756893982.5,0,14756893982.5,7005008027.37,3666138982.36,4085746972.77,47.46939319,24.84356794,27.68703887,0,47.46939319,24.84356794,27.68703887
2023-08-19,1692403200,14534788468.96,0,14534788468.96,6817793718.03,3539224835.32,4177769915.6,46.90672818,24.35002644,28.74324538,0,46.90672818,24.35002644,28.74324538
2023-08-20,1692489600,14840479738.16,0,14840479738.16,6983798273.3,3633815594.77,4222865870.09,47.05911397,24.48583643,28.4550496,0,47.05911397,24.48583643,28.4550496
2023-08-21,1692576000,14702464413.19,0,14702464413.19,6988431897.83,3562462737.48,4151569777.88,47.53238438,24.23037824,28.23723739,0,47.53238438,24.23037824,28.23723739
2023-08-22,1692662400,14345606260.53,0,14345606260.53,6754583860.91,3459604795.64,4131417603.97,47.08468738,24.11612819,28.79918443,0,47.08468738,24.11612819,28.79918443
2023-08-23,1692748800,14530150572.49,0,14530150572.49,6709778641.19,3562848089.61,4257523841.69,46.17831459,24.52037969,29.30130573,0,46.17831459,24.52037969,29.30130573
2023-08-24,1692835200,14467329855.64,0,14467329855.64,6743644710.33,3467110699.97,4256574445.34,46.61291875,23.96510437,29.42197688,0,46.61291875,23.96510437,29.42197688
2023-08-25,1692921600,14319632239.01,0,14319632239.01,6649539287.09,3460398474.36,4209694477.55,46.43652278,24.16541442,29.39806279,0,46.43652278,24.16541442,29.39806279
2023-08-26,1693008000,14412039434.26,0,14412039434.26,6680375551.47,3453538751.58,4278125131.21,46.35274266,23.96287331,29.68438402,0,46.35274266,23.96287331,29.68438402
2023-08-27,1693094400,14636585727.66,0,14636585727.66,6765265275.06,3496199936.55,4375120516.05,46.22160797,23.88671786,29.89167417,0,46.22160797,23.88671786,29.89167417
2023-08-28,1693180800,14445439897.56,0,14445439897.56,6717722801.71,3461046517.58,4266670578.28,46.50410683,23.95944009,29.53645309,0,46.50410683,23.95944009,29.53645309
2023-08-29,1693267200,15708960885.37,0,15708960885.37,7626769504.48,3657711243.06,4424480137.83,48.55043921,23.2842342,28.16532659,0,48.55043921,23.2842342,28.16532659
2023-08-30,1693353600,15278446080,0,15278446080,7295146976.57,3563549716.76,4419749386.66,47.74796428,23.32403242,28.9280033,0,47.74796428,23.32403242,28.9280033
2023-08-31,1693440000,14220829944.03,0,14220829944.03,6597472800.2,3405937301.45,4217419842.39,46.39302225,23.95034126,29.65663649,0,46.39302225,23.95034126,29.65663649
2023-09-01,1693526400,14083974750.55,0,14083974750.55,6608297566.34,3362840096.15,4112837088.06,46.92068598,23.87706706,29.20224696,0,46.92068598,23.87706706,29.20224696
2023-09-02,1693612800,14029995456.74,0,14029995456.74,6595000106.71,3362991673.41,4072003676.61,47.00643081,23.97001256,29.02355663,0,47.00643081,23.97001256,29.02355663
2023-09-03,1693699200,14114729113.09,0,14114729113.09,6644817166.21,3351003094.63,4118908852.26,47.07718521,23.74117893,29.18163586,0,47.07718521,23.74117893,29.18163586
2023-09-04,1693785600,14057797927.98,0,14057797927.98,6549508136.75,3398138433.92,4110151357.31,46.58985831,24.17262256,29.23751912,0,46.58985831,24.17262256,29.23751912
2023-09-05,1693872000,14307003215.43,0,14307003215.43,6695134314.86,3450175486.76,4161693413.81,46.79620333,24.1152912,29.08850548,0,46.79620333,24.1152912,29.08850548
2023-09-06,1693958400,14305886476.61,0,14305886476.61,6673034873.03,3465475069.33,4167376534.25,46.64537835,24.22411974,29.13050192,0,46.64537835,24.22411974,29.13050192
2023-09-07,1694044800,14587765073.61,0,14587765073.61,6837118042.56,3529352113.57,4221294917.48,46.86885214,24.19391933,28.93722853,0,46.86885214,24.19391933,28.93722853
2023-09-08,1694131200,14450335785.77,0,14450335785.77,6794151890.06,3483312159.4,4172871736.3,47.0172596,24.10540635,28.87733405,0,47.0172596,24.10540635,28.87733405
2023-09-09,1694217600,14489385546.81,0,14489385546.81,6779914095.85,3501730532.52,4207740918.43,46.79228166,24.16755715,29.04016119,0,46.79228166,24.16755715,29.04016119
2023-09-10,1694304000,14155038574.16,0,14155038574.16,6659184356.21,3432678037.02,4063176180.92,47.04462175,24.25057353,28.70480472,0,47.04462175,24.25057353,28.70480472
2023-09-11,1694390400,14364707575.36,0,14364707575.36,6855921472.09,3535768331.94,3973017771.32,47.72753943,24.61427296,27.65818761,0,47.72753943,24.61427296,27.65818761
2023-09-12,1694476800,14478739881.76,0,14478739881.76,6913239063.57,3520063826.75,4045436991.45,47.74751891,24.3119488,27.94053229,0,47.74751891,24.3119488,27.94053229
2023-09-13,1694563200,14901118284.26,0,14901118284.26,7089914206.84,3601267110.57,4209936966.86,47.57974584,24.16776407,28.25249009,0,47.57974584,24.16776407,28.25249009
2023-09-14,1694649600,15285661503.07,0,15285661503.07,7381665166.19,3602480428.85,4301515908.03,48.2914342,23.56771035,28.14085545,0,48.2914342,23.56771035,28.14085545
2023-09-15,1694736000,15184962967.44,0,15184962967.44,7109782829.13,3611044824.91,4464135313.4,46.82120624,23.78039928,29.39839447,0,46.82120624,23.78039928,29.39839447
2023-09-16,1694822400,15068256856.66,0,15068256856.66,7100226879.64,3561297925.27,4406732051.74,47.12042638,23.63443867,29.24513495,0,47.12042638,23.63443867,29.24513495
2023-09-17,1694908800,14740505311.85,0,14740505311.85,7019664879.17,3536851112.26,4183989320.42,47.62160272,23.99409679,28.38430048,0,47.62160272,23.99409679,28.38430048
2023-09-18,1694995200,15200880966.95,0,15200880966.95,7302251504.61,3610869293.17,4287760169.17,48.0383441,23.75434227,28.20731363,0,48.0383441,23.75434227,28.20731363
2023-09-19,1695081600,15565433455.35,0,15565433455.35,7557000276.87,3592223398.65,4416209779.83,48.54988651,23.07820986,28.37190363,0,48.54988651,23.07820986,28.37190363
2023-09-20,1695168000,15411429065.17,0,15411429065.17,7357887306.74,3585458549.6,4468083208.84,47.74305663,23.26493237,28.99201099,0,47.74305663,23.26493237,28.99201099
2023-09-21,1695254400,15354618765.71,0,15354618765.71,7293998305.95,3655278651.02,4405341808.74,47.50361059,23.80572717,28.69066224,0,47.50361059,23.80572717,28.69066224
2023-09-22,1695340800,15344785094.32,0,15344785094.32,7232002072.35,3624488078.12,4488294943.85,47.13003166,23.62032479,29.24964355,0,47.13003166,23.62032479,29.24964355
2023-09-23,1695427200,15330657531.95,0,15330657531.95,7208032610.41,3638553349.72,4484071571.82,47.01711323,23.73383752,29.24904925,0,47.01711323,23.73383752,29.24904925
2023-09-24,1695513600,15065915722.22,0,15065915722.22,7032335807.93,3606064262.14,4427515652.15,46.67712164,23.9352478,29.38763055,0,46.67712164,23.9352478,29.38763055
2023-09-25,1695600000,15364430893.85,0,15364430893.85,7146461314.78,3657495798.5,4560473780.57,46.51302326,23.8049546,29.68202215,0,46.51302326,23.8049546,29.68202215
2023-09-26,1695686400,15510679281.73,0,15510679281.73,7201521497.01,3681725817.13,4627431967.59,46.42943978,23.73671553,29.83384469,0,46.42943978,23.73671553,29.83384469
2023-09-27,1695772800,15383400062.55,0,15383400062.55,7125372933,3621163147.55,4636863981.99,46.31858304,23.53941998,30.14199698,0,46.31858304,23.53941998,30.14199698
2023-09-28,1695859200,16374910124.97,0,16374910124.97,7653242405.97,3966422567.38,4755245151.62,46.73761473,24.22256084,29.03982443,0,46.73761473,24.22256084,29.03982443
2023-09-29,1695945600,16173609764.17,0,16173609764.17,7310613731.74,4005679567.7,4857316464.73,45.20087871,24.76676281,30.03235849,0,45.20087871,24.76676281,30.03235849
2023-09-30,1696032000,16400385223.14,0,16400385223.14,7400843992.92,4030031800.74,4969509429.48,45.12603754,24.57278744,30.30117501,0,45.12603754,24.57278744,30.30117501
2023-10-01,1696118400,16535378782.55,0,16535378782.55,7479285404.29,3986533835.64,5069559542.63,45.23201738,24.10911711,30.65886551,0,45.23201738,24.10911711,30.65886551
2023-10-02,1696204800,15936747027.97,0,15936747027.97,7428876460.65,3708814826.44,4799055740.88,46.61476051,23.27209449,30.113145,0,46.61476051,23.27209449,30.113145
2023-10-03,1696291200,15945601624.74,0,15945601624.74,7466888577.97,3758957569.23,4719755477.55,46.82726155,23.57363277,29.59910569,0,46.82726155,23.57363277,29.59910569
2023-10-04,1696377600,16288638275.15,0,16288638275.15,7792559356.82,3793877945.26,4702200973.07,47.84045925,23.29155993,28.86798082,0,47.84045925,23.29155993,28.86798082
2023-10-05,1696464000,16240885090.85,0,16240885090.85,7747896010.54,3840594026.2,4652395054.11,47.70611926,23.64768918,28.64619156,0,47.70611926,23.64768918,28.64619156
2023-10-06,1696550400,16678380229.47,0,16678380229.47,8029136606.45,3829428283.36,4819815339.66,48.14098549,22.96043279,28.89858172,0,48.14098549,22.96043279,28.89858172
2023-10-07,1696636800,16536918122.44,0,16536918122.44,7958636646.29,3783639694.36,4794641781.79,48.12648032,22.87995663,28.99356305,0,48.12648032,22.87995663,28.99356305
2023-10-08,1696723200,16688266048.21,0,16688266048.21,7980667679.18,3878347576.32,4829250792.71,47.8220305,23.23996732,28.93800218,0,47.8220305,23.23996732,28.93800218
2023-10-09,1696809600,16193046413.91,0,16193046413.91,7841114461.02,3829363753.59,4522568199.29,48.42272578,23.64819847,27.92907575,0,48.42272578,23.64819847,27.92907575
2023-10-10,1696896000,16299254162.71,0,16299254162.71,7867741033.08,3864969373.86,4566543755.76,48.27055861,23.71255356,28.01688783,0,48.27055861,23.71255356,28.01688783
2023-10-11,1696982400,16481696583.25,0,16481696583.25,7955584903.83,3961468692.22,4564642987.19,48.26921102,24.03556377,27.69522521,0,48.26921102,24.03556377,27.69522521
2023-10-12,1697068800,16383452399.18,0,16383452399.18,7867189071,4009935046.08,4506328282.11,48.01911636,24.47551925,27.50536439,0,48.01911636,24.47551925,27.50536439
2023-10-13,1697155200,16301256881.01,0,16301256881.01,7852831395.41,3932586447.56,4515839038.04,48.17316513,24.12443701,27.70239786,0,48.17316513,24.12443701,27.70239786
2023-10-14,1697241600,16413245455.31,0,16413245455.31,7874768605.27,3919222939.23,4619253910.81,47.97813221,23.87841545,28.14345233,0,47.97813221,23.87841545,28.14345233
2023-10-15,1697328000,16570675189.31,0,16570675189.31,8029310245.54,3932075329.66,4609289614.11,48.45493713,23.72911957,27.81594329,0,48.45493713,23.72911957,27.81594329
2023-10-16,1697414400,16173763740.52,0,16173763740.52,7721870481.34,3847715237.21,4604178021.97,47.74318832,23.78985683,28.46695485,0,47.74318832,23.78985683,28.46695485
2023-10-17,1697500800,16258262766.74,0,16258262766.74,7881858296.86,3811381598.84,4565022871.04,48.47909282,23.44273588,28.07817131,0,48.47909282,23.44273588,28.07817131
2023-10-18,1697587200,16062087200.31,0,16062087200.31,7643962175.49,3859581213.76,4558543811.07,47.59009262,24.02913871,28.38076866,0,47.59009262,24.02913871,28.38076866
2023-10-19,1697673600,16459389838.2,0,16459389838.2,7990333722.9,3817746102.94,4651310012.36,48.54574684,23.19494307,28.25931008,0,48.54574684,23.19494307,28.25931008
2023-10-20,1697760000,16969584090.77,0,16969584090.77,8182651841.48,3962325929.48,4824606319.81,48.2195191,23.34957597,28.43090493,0,48.2195191,23.34957597,28.43090493
2023-10-21,1697846400,17606209135.54,0,17606209135.54,8503170184.18,4015290072.04,5087748879.32,48.29642837,22.80610233,28.8974693,0,48.29642837,22.80610233,28.8974693
2023-10-22,1697932800,17701866574.64,0,17701866574.64,8338627470.95,4127173900.15,5236065203.54,47.10592206,23.31490797,29.57916998,0,47.10592206,23.31490797,29.57916998
2023-10-23,1698019200,18003813977.88,0,18003813977.88,8353871747.9,4211455542.17,5438486687.81,46.40056689,23.39201875,30.20741435,0,46.40056689,23.39201875,30.20741435
2023-10-24,1698105600,17891447791.92,0,17891447791.92,8481425174.3,4066630143.5,5343392474.12,47.40491252,22.72946377,29.86562371,0,47.40491252,22.72946377,29.86562371
2023-10-25,1698192000,18478125213.61,0,18478125213.61,8751662804.97,4105638613.79,5620823794.84,47.36228759,22.21891326,30.41879915,0,47.36228759,22.21891326,30.41879915
2023-10-26,1698278400,18604316917.38,0,18604316917.38,8795852441.68,4188032016.53,5620432459.16,47.27855627,22.51107652,30.21036722,0,47.27855627,22.51107652,30.21036722
2023-10-27,1698364800,18310639787.7,0,18310639787.7,8678816609.49,4142750698.19,5489072480.01,47.39766993,22.62482768,29.97750239,0,47.39766993,22.62482768,29.97750239
2023-10-28,1698451200,18607501358.1,0,18607501358.1,8825220163.77,4136008293.12,5646272901.21,47.42829246,22.22763935,30.34406819,0,47.42829246,22.22763935,30.34406819
2023-10-29,1698537600,19189143161.3,0,19189143161.3,9179518149.75,4192207105.22,5817417906.33,47.83704031,21.84676549,30.3161942,0,47.83704031,21.84676549,30.3161942
2023-10-30,1698624000,19312557659.91,0,19312557659.91,9023045324.66,4251732565.6,6037779769.65,46.7211308,22.01537798,31.26349123,0,46.7211308,22.01537798,31.26349123
2023-10-31,1698710400,19451814308.8,0,19451814308.8,9151536031.92,4288128096.98,6012150179.9,47.04721054,22.04487473,30.90791473,0,47.04721054,22.04487473,30.90791473
2023-11-01,1698796800,19988629517.91,0,19988629517.91,9272256447.93,4504179968.01,6212193101.97,46.38765474,22.5337108,31.07863446,0,46.38765474,22.5337108,31.07863446
2023-11-02,1698883200,19148740118.22,0,19148740118.22,8941859049.39,4256827688.64,5950053380.19,46.69685313,22.23032775,31.07281912,0,46.69685313,22.23032775,31.07281912
2023-11-03,1698969600,19252682590.77,0,19252682590.77,8827270033.37,4368783765.03,6056628792.37,45.84955884,22.69181837,31.45862279,0,45.84955884,22.69181837,31.45862279
2023-11-04,1699056000,19922883624.29,0,19922883624.29,9000119116.46,4549208287.25,6373556220.58,45.17478135,22.83408553,31.99113311,0,45.17478135,22.83408553,31.99113311
2023-11-05,1699142400,20361336270.1,0,20361336270.1,9173656769.09,4721187957.25,6466491543.75,45.05429628,23.18702415,31.75867958,0,45.05429628,23.18702415,31.75867958
2023-11-06,1699228800,20930662356.03,0,20930662356.03,9178624777.3,4716832984.59,7035204594.14,43.85252899,22.53551705,33.61195396,0,43.85252899,22.53551705,33.61195396
2023-11-07,1699315200,20714088925.75,0,20714088925.75,9429329200.06,4496392854,6788366871.69,45.52133205,21.70693034,32.77173761,0,45.52133205,21.70693034,32.77173761
2023-11-08,1699401600,21261946802.38,0,21261946802.38,9560027967.47,4583109053.17,7118809781.74,44.96308855,21.55545349,33.48145797,0,44.96308855,21.55545349,33.48145797
2023-11-09,1699488000,20897559161.87,0,20897559161.87,9062620682.74,5450905640.68,6384032838.45,43.36688612,26.08393448,30.5491794,0,43.36688612,26.08393448,30.5491794
2023-11-10,1699574400,21269730518.46,0,21269730518.46,9077191639.98,5306021408.09,6886517470.39,42.67657097,24.94634995,32.37707908,0,42.67657097,24.94634995,32.37707908
2023-11-11,1699660800,21124813691.91,0,21124813691.91,9010054524.18,5132816312,6981942855.73,42.65152183,24.29756961,33.05090856,0,42.65152183,24.29756961,33.05090856
2023-11-12,1699747200,21307691965.58,0,21307691965.58,9077109427.22,5146722611.54,7083859926.81,42.60015323,24.15429423,33.24555254,0,42.60015323,24.15429423,33.24555254
2023-11-13,1699833600,20712557710.16,0,20712557710.16,8986678992.57,5168985610.62,6556893106.97,43.38758698,24.95580547,31.65660755,0,43.38758698,24.95580547,31.65660755
2023-11-14,1699920000,19890994340.91,0,19890994340.91,8579182832.39,4815610853.24,6496200655.27,43.13099026,24.21000565,32.65900409,0,43.13099026,24.21000565,32.65900409
2023-11-15,1700006400,21496672264.95,0,21496672264.95,9296267640.89,5086252107.12,7114152516.94,43.24514756,23.6606487,33.09420374,0,43.24514756,23.6606487,33.09420374
2023-11-16,1700092800,20217338668.94,0,20217338668.94,8824609590.38,4723914042.15,6668815036.41,43.64872021,23.36565717,32.98562262,0,43.64872021,23.36565717,32.98562262
2023-11-17,1700179200,20087658863.16,0,20087658863.16,8693982482.35,4707700891.82,6685975488.99,43.28021768,23.43578674,33.28399558,0,43.28021768,23.43578674,33.28399558
2023-11-18,1700265600,20171890008.96,0,20171890008.96,8795092440.61,4829650353.53,6547147214.82,43.60073566,23.94247813,32.45678621,0,43.60073566,23.94247813,32.45678621
2023-11-19,1700352000,20839595530.34,0,20839595530.34,9104047260.52,4883838903.87,6851709365.94,43.68629539,23.4353824,32.87832221,0,43.68629539,23.4353824,32.87832221
2023-11-20,1700438400,20863797562.26,0,20863797562.26,9228736104.68,4989508925.35,6645552532.24,44.23325177,23.91467282,31.85207541,0,44.23325177,23.91467282,31.85207541
2023-11-21,1700524800,19157028359.6,0,19157028359.6,8586486687.15,4575354973,5995186699.45,44.82160033,23.88342747,31.2949722,0,44.82160033,23.88342747,31.2949722
2023-11-22,1700611200,20922340234.64,0,20922340234.64,9024756898.16,5295671769.16,6601911567.32,43.13454803,25.31108714,31.55436482,0,43.13454803,25.31108714,31.55436482
2023-11-23,1700697600,21082522204.11,0,21082522204.11,9111134987.44,5277447066.19,6693940150.47,43.21653216,25.03233254,31.7511353,0,43.21653216,25.03233254,31.7511353
2023-11-24,1700784000,21254616629.97,0,21254616629.97,9176280878,5262613386,6815722365.97,43.17311875,24.75986031,32.06702094,0,43.17311875,24.75986031,32.06702094
2023-11-25,1700870400,21653704358.32,0,21653704358.32,9195445453.66,5218553865.38,7239705039.28,42.46592316,24.10005133,33.43402551,0,42.46592316,24.10005133,33.43402551
2023-11-26,1700956800,21139834691.91,0,21139834691.91,9103506600.53,5057141254.27,6979186837.11,43.06328187,23.92233112,33.014387,0,43.06328187,23.92233112,33.014387
2023-11-27,1701043200,21112467355.34,0,21112467355.34,9193646457.01,5124779563.5,6794041334.83,43.5460541,24.2737122,32.1802337,0,43.5460541,24.2737122,32.1802337
2023-11-28,1701129600,21416921628.39,0,21416921628.39,9422096820.54,5086429128.82,6908395679.02,43.99370266,23.7495809,32.25671644,0,43.99370266,23.7495809,32.25671644
2023-11-29,1701216000,21350915560.76,0,21350915560.76,9407415974.21,5003703773.44,6939795813.11,44.0609488,23.43554664,32.50350456,0,44.0609488,23.43554664,32.50350456
2023-11-30,1701302400,21642899152,0,21642899152,9415537950.37,5098932856.54,7128428345.09,43.5040513,23.55938001,32.93656869,0,43.5040513,23.55938001,32.93656869
2023-12-01,1701388800,23093415085.79,0,23093415085.79,10386914042.05,5312062022.44,7394439021.31,44.97781728,23.00249661,32.0196861,0,44.97781728,23.00249661,32.0196861
2023-12-02,1701475200,23547662277.37,0,23547662277.37,9960600634.14,5660520440.04,7926541203.19,42.29974304,24.03856643,33.66169053,0,42.29974304,24.03856643,33.66169053
2023-12-03,1701561600,23630751706.67,0,23630751706.67,10010517987.27,5717912742.03,7902320977.37,42.36224946,24.19691431,33.44083623,0,42.36224946,24.19691431,33.44083623
2023-12-04,1701648000,24245502985.78,0,24245502985.78,10439954318.61,5733854886.2,8071693780.97,43.05934311,23.64914801,33.29150889,0,43.05934311,23.64914801,33.29150889
2023-12-05,1701734400,24802646882.14,0,24802646882.14,10974583610.7,5617118867.7,8210944403.73,44.24763076,22.64725573,33.10511351,0,44.24763076,22.64725573,33.10511351
2023-12-06,1701820800,24203192311.66,0,24203192311.66,10929274954.36,5316917860.59,7956999496.7,45.15633646,21.9678371,32.87582644,0,45.15633646,21.9678371,32.87582644
2023-12-07,1701907200,25248336352.44,0,25248336352.44,10838816411.55,5967084966.92,8442434973.98,42.92883404,23.63357682,33.43758914,0,42.92883404,23.63357682,33.43758914
2023-12-08,1701993600,25798163421.09,0,25798163421.09,10722108999.86,5889783109.17,9186271312.06,41.56152058,22.83024188,35.60823754,0,41.56152058,22.83024188,35.60823754
2023-12-09,1702080000,25284448360.44,0,25284448360.44,10506918622.15,5890622128.93,8886907609.35,41.55486595,23.29741209,35.14772196,0,41.55486595,23.29741209,35.14772196
2023-12-10,1702166400,25847699386.39,0,25847699386.39,10753424160.82,5863909037.12,9230366188.45,41.60302238,22.6863867,35.71059091,0,41.60302238,22.6863867,35.71059091
2023-12-11,1702252800,23261087972.59,0,23261087972.59,9897301622.67,5294447473.65,8069338876.27,42.54874765,22.76096234,34.69029001,0,42.54874765,22.76096234,34.69029001
2023-12-12,1702339200,23455958320.59,0,23455958320.59,9905479258.92,5238031399.93,8312447661.74,42.23011963,22.33134681,35.43853356,0,42.23011963,22.33134681,35.43853356
2023-12-13,1702425600,23817355190.75,0,23817355190.75,10262107473.09,5231284803.49,8323962914.17,43.0866794,21.96417176,34.94914883,0,43.0866794,21.96417176,34.94914883
2023-12-14,1702512000,24399822750.6,0,24399822750.6,10079006636.04,5443756367.01,8877059747.56,41.30770432,22.31063899,36.3816567,0,41.30770432,22.31063899,36.3816567
2023-12-15,1702598400,23341289576.86,0,23341289576.86,9735445191.9,5187714892.76,8418129492.2,41.70911449,22.22548534,36.06540018,0,41.70911449,22.22548534,36.06540018
2023-12-16,1702684800,23756851955.07,0,23756851955.07,9806003566.2,5179553079.56,8771295309.32,41.27652765,21.80235449,36.92111786,0,41.27652765,21.80235449,36.92111786
2023-12-17,1702771200,23269319861.37,0,23269319861.37,9699273007.04,5166212731.92,8403834122.4,41.68266655,22.20182095,36.1155125,0,41.68266655,22.20182095,36.1155125
2023-12-18,1702857600,23552210134.68,0,23552210134.68,9863831301.99,5299603975.74,8388774856.95,41.88070353,22.50151449,35.61778198,0,41.88070353,22.50151449,35.61778198
2023-12-19,1702944000,23515088013.09,0,23515088013.09,9957121454.57,5192888631.19,8365077927.32,42.34354321,22.08322005,35.57323673,0,42.34354321,22.08322005,35.57323673
2023-12-20,1703030400,24522378337.09,0,24522378337.09,10387738564.66,5256382240.48,8878257531.95,42.36024101,21.43504259,36.2047164,0,42.36024101,21.43504259,36.2047164
2023-12-21,1703116800,25371041075.52,0,25371041075.52,10374524238.7,5467737217.22,9528779619.59,40.8912043,21.55109521,37.55770049,0,40.8912043,21.55109521,37.55770049
2023-12-22,1703203200,26076029080.26,0,26076029080.26,10220892713.24,5942672398.47,9912463968.56,39.19650757,22.7897905,38.01370193,0,39.19650757,22.7897905,38.01370193
2023-12-23,1703289600,26009377556.48,0,26009377556.48,10121154486.1,5701155905.01,10187067165.37,38.91348212,21.91961685,39.16690103,0,38.91348212,21.91961685,39.16690103
2023-12-24,1703376000,25554439197.39,0,25554439197.39,10030567327.25,5511917232.39,10011954637.75,39.25176072,21.569314,39.17892528,0,39.25176072,21.569314,39.17892528
2023-12-25,1703462400,26463950081.99,0,26463950081.99,10150515787.74,5552496930.73,10760937363.52,38.35601169,20.98136111,40.6626272,0,38.35601169,20.98136111,40.6626272
2023-12-26,1703548800,25751406369.45,0,25751406369.45,10236943380.24,5390550886.85,10123912102.35,39.75294876,20.93303492,39.31401632,0,39.75294876,20.93303492,39.31401632
2023-12-27,1703635200,26922763300.69,0,26922763300.69,10340545324.11,6154980557.98,10427237418.61,38.40818719,22.86162267,38.73019014,0,38.40818719,22.86162267,38.73019014
2023-12-28,1703721600,26203284609.32,0,26203284609.32,10183021850.4,5835776204.25,10184486554.67,38.86162366,22.27116291,38.86721343,0,38.86162366,22.27116291,38.86721343
2023-12-29,1703808000,25617416679.76,0,25617416679.76,10043487894.98,5418927312.73,10155001472.05,39.20570142,21.1532934,39.64100518,0,39.20570142,21.1532934,39.64100518
2023-12-30,1703894400,25592841100.14,0,25592841100.14,10109329682.27,5326062842.48,10157448575.39,39.5006152,20.81075259,39.68863221,0,39.5006152,20.81075259,39.68863221
2023-12-31,1703980800,25090122312.94,0,25090122312.94,9964777506.52,5258918794.62,9866426011.8,39.71593834,20.96011621,39.32394545,0,39.71593834,20.96011621,39.32394545
2024-01-01,1704067200,26389222358.77,0,26389222358.77,10509685662.43,5444226130.58,10435310565.75,39.82567398,20.63049095,39.54383507,0,39.82567398,20.63049095,39.54383507
2024-01-02,1704153600,26585996472.31,0,26585996472.31,10829062492.52,5499815064.42,10257118915.37,40.73220465,20.68688706,38.58090828,0,40.73220465,20.68688706,38.58090828
2024-01-03,1704240000,22412499167.69,0,22412499167.69,9584218862.6,4795013979.41,8033266325.68,42.76282975,21.39437438,35.84279587,0,42.76282975,21.39437438,35.84279587
2024-01-04,1704326400,23140101500.06,0,23140101500.06,9906288972.72,4874387235.46,8359425291.88,42.81004979,21.06467526,36.12527496,0,42.81004979,21.06467526,36.12527496
2024-01-05,1704412800,22435151096.65,0,22435151096.65,9567755227.1,4861985341.39,8005410528.16,42.64627051,21.67128414,35.68244535,0,42.64627051,21.67128414,35.68244535
2024-01-06,1704499200,22175742061.71,0,22175742061.71,9663781276.61,4795015160.47,7716945624.64,43.57816415,21.62279462,34.79904124,0,43.57816415,21.62279462,34.79904124
2024-01-07,1704585600,21860024760.99,0,21860024760.99,9763322972.42,4828012543.35,7268689245.22,44.66290903,22.08603419,33.25105678,0,44.66290903,22.08603419,33.25105678
2024-01-08,1704672000,23219728699.07,0,23219728699.07,10588391235.66,5006236665.76,7625100797.64,45.60083958,21.560272,32.83888841,0,45.60083958,21.560272,32.83888841
2024-01-09,1704758400,22572714553.41,0,22572714553.41,10062126715.93,5141537511.09,7369050326.39,44.57650272,22.77766592,32.64583136,0,44.57650272,22.77766592,32.64583136
2024-01-10,1704844800,23896431340.3,0,23896431340.3,9985267520.46,5917539431.17,7993624388.67,41.78560128,24.76327677,33.45112195,0,41.78560128,24.76327677,33.45112195
2024-01-11,1704931200,24851028379.15,0,24851028379.15,10335333539.18,6104881097.36,8410813742.61,41.58915833,24.56590932,33.84493235,0,41.58915833,24.56590932,33.84493235
2024-01-12,1705017600,23890662658.08,0,23890662658.08,9952099503.65,5974758681.24,7963804473.19,41.65685836,25.00876081,33.33438083,0,41.65685836,25.00876081,33.33438083
2024-01-13,1705104000,24324706675.42,0,24324706675.42,9948993799.23,6086159889.52,8289552986.67,40.90077604,25.02048625,34.07873771,0,40.90077604,25.02048625,34.07873771
2024-01-14,1705190400,23834572458.3,0,23834572458.3,9876625630.26,5927498884.08,8030447943.96,41.43823283,24.8693317,33.69243547,0,41.43823283,24.8693317,33.69243547
2024-01-15,1705276800,24043151661.2,0,24043151661.2,9711518148.5,5981453976.38,8350179536.32,40.39203464,24.87799462,34.72997074,0,40.39203464,24.87799462,34.72997074
2024-01-16,1705363200,24642050218.69,0,24642050218.69,9718713828.26,6284001521.73,8639334868.7,39.43955045,25.50113106,35.05931849,0,39.43955045,25.50113106,35.05931849
2024-01-17,1705449600,24629644278.94,0,24629644278.94,9758550623.91,6017617247.45,8853476407.58,39.62115942,24.4324164,35.94642418,0,39.62115942,24.4324164,35.94642418
2024-01-18,1705536000,24093063645.57,0,24093063645.57,9742282084.14,6054191637.55,8296589923.88,40.43604511,25.12835946,34.43559543,0,40.43604511,25.12835946,34.43559543
2024-01-19,1705622400,23790659439.77,0,23790659439.77,9542521367.3,6024982083.41,8223155989.06,40.11036933,25.32498983,34.56464084,0,40.11036933,25.32498983,34.56464084
2024-01-20,1705708800,23960617891.51,0,23960617891.51,9546749559.28,5993089889.36,8420778442.88,39.84350321,25.012251,35.14424578,0,39.84350321,25.012251,35.14424578
2024-01-21,1705795200,23820588978.59,0,23820588978.59,9547078077.54,5948770901.97,8324739999.07,40.07910168,24.9732318,34.94766652,0,40.07910168,24.9732318,34.94766652
2024-01-22,1705881600,22663261420.57,0,22663261420.57,9193369025.48,5656981088.79,7812911306.3,40.56507514,24.96101944,34.47390542,0,40.56507514,24.96101944,34.47390542
2024-01-23,1705968000,21966933516.63,0,21966933516.63,9156047053.79,5317573700.73,7493312762.11,41.68104322,24.20717346,34.11178331,0,41.68104322,24.20717346,34.11178331
2024-01-24,1706054400,22303593259.81,0,22303593259.81,9331679967.14,5298515577.98,7673397714.7,41.83935682,23.75633162,34.40431156,0,41.83935682,23.75633162,34.40431156
2024-01-25,1706140800,22357591589.48,0,22357591589.48,9416547252.55,5316275873.69,7624768463.24,42.11789635,23.77839246,34.10371118,0,42.11789635,23.77839246,34.10371118
2024-01-26,1706227200,23464656250.98,0,23464656250.98,9911536491.59,5516869757.07,8036250002.31,42.24027996,23.51140242,34.24831762,0,42.24027996,23.51140242,34.24831762
2024-01-27,1706313600,23505585204.85,0,23505585204.85,9801858274.31,5454608000.31,8249118930.22,41.70012441,23.20558264,35.09429294,0,41.70012441,23.20558264,35.09429294
2024-01-28,1706400000,22921693331.63,0,22921693331.63,9595593403.24,5242704377.05,8083395551.35,41.86249796,22.87223854,35.2652635,0,41.86249796,22.87223854,35.2652635
2024-01-29,1706486400,24090806997.47,0,24090806997.47,9963499778.03,5443812265.93,8683494953.51,41.35809888,22.59705234,36.04484879,0,41.35809888,22.59705234,36.04484879
2024-01-30,1706572800,23905205136.48,0,23905205136.48,9752809805.72,5526399731.94,8625995598.81,40.7978503,23.11797661,36.08417309,0,40.7978503,23.11797661,36.08417309
2024-01-31,1706659200,23118291263.65,0,23118291263.65,9615982846.77,5264998045.12,8237310371.76,41.59469546,22.77416607,35.63113847,0,41.59469546,22.77416607,35.63113847
2024-02-01,1706745600,23643858653.36,0,23643858653.36,9739129702.85,5374050784.98,8530678165.53,41.19094876,22.72916136,36.07988988,0,41.19094876,22.72916136,36.07988988
2024-02-02,1706832000,23844250949.1,0,23844250949.1,9733401802.75,5317828241.02,8793020905.33,40.82074888,22.30234975,36.87690137,0,40.82074888,22.30234975,36.87690137
2024-02-03,1706918400,23937818839.42,0,23937818839.42,9795373936.28,5341774913.36,8800669989.79,40.92007715,22.31521155,36.76471131,0,40.92007715,22.31521155,36.76471131
2024-02-04,1707004800,23654556127.87,0,23654556127.87,9738516455.78,5238600108.71,8677439563.38,41.16972816,22.14626257,36.68400927,0,41.16972816,22.14626257,36.68400927
2024-02-05,1707091200,24169855658.76,0,24169855658.76,10028345983.13,5317367906.53,8824141769.1,41.49112897,21.9999986,36.50887243,0,41.49112897,21.9999986,36.50887243
2024-02-06,1707177600,25081392628.05,0,25081392628.05,10192739282.44,5876975429.33,9011677916.28,40.63864967,23.43161529,35.92973504,0,40.63864967,23.43161529,35.92973504
2024-02-07,1707264000,25986739952.36,0,25986739952.36,10714486405.5,5901860351.86,9370393195,41.23059077,22.71104557,36.05836366,0,41.23059077,22.71104557,36.05836366
2024-02-08,1707350400,26482831212.58,0,26482831212.58,11247785490.86,5771289723.98,9463755997.73,42.47199025,21.79257073,35.73543902,0,42.47199025,21.79257073,35.73543902
2024-02-09,1707436800,26995404947.54,0,26995404947.54,11238400576.25,5820255777.81,9936748593.47,41.63079086,21.56017214,36.80903699,0,41.63079086,21.56017214,36.80903699
2024-02-10,1707523200,27521950932.2,0,27521950932.2,11586677047.93,5847647710.41,10087626173.86,42.09976639,21.24721363,36.65301998,0,42.09976639,21.24721363,36.65301998
2024-02-11,1707609600,27972503140.22,0,27972503140.22,11935740454.88,5879557407.51,10157205277.82,42.66954729,21.01906068,36.31139204,0,42.66954729,21.01906068,36.31139204
2024-02-12,1707696000,29687421207.46,0,29687421207.46,12729092465.15,6417408097.75,10540920644.56,42.87705684,21.61658991,35.50635325,0,42.87705684,21.61658991,35.50635325
2024-02-13,1707782400,29240280642.34,0,29240280642.34,12270897117.93,6482961403.94,10486422120.46,41.96572963,22.17133783,35.86293254,0,41.96572963,22.17133783,35.86293254
2024-02-14,1707868800,30836735045.55,0,30836735045.55,12983911963.8,6700500500.02,11152322581.73,42.10533944,21.72895571,36.16570485,0,42.10533944,21.72895571,36.16570485
2024-02-15,1707955200,30854241924.13,0,30854241924.13,12715718649.83,6915128017.11,11223395257.19,41.21222191,22.41224411,36.37553399,0,41.21222191,22.41224411,36.37553399
2024-02-16,1708041600,30605103655.67,0,30605103655.67,12744815093.86,6725278838.79,11135009723.02,41.64277709,21.9743704,36.38285251,0,41.64277709,21.9743704,36.38285251
2024-02-17,1708128000,30591377807.77,0,30591377807.77,12794083308.78,6694574508.25,11102719990.74,41.82251414,21.88386071,36.29362515,0,41.82251414,21.88386071,36.29362515
2024-02-18,1708214400,31139440439.05,0,31139440439.05,12659647413.73,6983945275.37,11495847749.95,40.65470424,22.42797294,36.91732282,0,40.65470424,22.42797294,36.91732282
2024-02-19,1708300800,32050393241.61,0,32050393241.61,12830404797.02,7190138748.34,12029849696.25,40.03197309,22.433855,37.53417191,0,40.03197309,22.433855,37.53417191
2024-02-20,1708387200,31499999887.15,0,31499999887.15,12577784091.12,7453152888.39,11469062907.63,39.92947345,23.66080291,36.40972365,0,39.92947345,23.66080291,36.40972365
2024-02-21,1708473600,31092496786.67,0,31092496786.67,12565961557.9,7445601218.2,11080934010.56,40.41477159,23.94661731,35.6386111,0,40.41477159,23.94661731,35.6386111
2024-02-22,1708560000,30852790783.47,0,30852790783.47,12264099743.04,7304900104.9,11283790935.53,39.75037406,23.67662671,36.57299923,0,39.75037406,23.67662671,36.57299923
2024-02-23,1708646400,30609914981.11,0,30609914981.11,12446134360.16,6870586324.62,11293194296.33,40.66046694,22.44562368,36.89390939,0,40.66046694,22.44562368,36.89390939
2024-02-24,1708732800,31735439183.18,0,31735439183.18,12590865166.48,7223539086.47,11921034930.23,39.67446328,22.76174294,37.56379378,0,39.67446328,22.76174294,37.56379378
2024-02-25,1708819200,32512655293.7,0,32512655293.7,12424319511.57,7959735179.33,12128600602.8,38.21379521,24.48195974,37.30424505,0,38.21379521,24.48195974,37.30424505
2024-02-26,1708905600,33636619606.61,0,33636619606.61,13217325134.08,7822155092.46,12597139380.07,39.29445137,23.25487871,37.45066992,0,39.29445137,23.25487871,37.45066992
2024-02-27,1708992000,33673906707.15,0,33673906707.15,13227741818.92,7565219628.84,12880945259.39,39.28187464,22.46611804,38.25200732,0,39.28187464,22.46611804,38.25200732
2024-02-28,1709078400,34084150109.23,0,34084150109.23,13766552484.23,7409912953.53,12907684671.47,40.38989513,21.74005492,37.87004995,0,40.38989513,21.74005492,37.87004995
2024-02-29,1709164800,34368080916.42,0,34368080916.42,13516395553.44,7579536003.05,13272149359.93,39.32833953,22.05399836,38.6176621,0,39.32833953,22.05399836,38.6176621
2024-03-01,1709251200,36116734384.41,0,36116734384.41,13918723235.04,7610392418.96,14587618730.41,38.53815543,21.07165155,40.39019302,0,38.53815543,21.07165155,40.39019302
2024-03-02,1709337600,36969059316.63,0,36969059316.63,13836432760.64,7575159252.68,15557467303.31,37.42706203,20.49053828,42.08239969,0,37.42706203,20.49053828,42.08239969
2024-03-03,1709424000,37566817927.69,0,37566817927.69,14386201506.14,7752803869.27,15427812552.29,38.2949696,20.63737175,41.06765865,0,38.2949696,20.63737175,41.06765865
2024-03-04,1709510400,39910142755.8,0,39910142755.8,16205045732.07,7771890896.32,15933206127.42,40.60382803,19.47347306,39.92269891,0,40.60382803,19.47347306,39.92269891
2024-03-05,1709596800,35691162735.87,0,35691162735.87,14660241707.67,7618180416.51,13412740611.69,41.07527069,21.34472467,37.58000464,0,41.07527069,21.34472467,37.58000464
2024-03-06,1709683200,37315110517.25,0,37315110517.25,14882620136.64,8147960096.94,14284530283.68,39.88362872,21.83555129,38.28081998,0,39.88362872,21.83555129,38.28081998
2024-03-07,1709769600,38429926999.57,0,38429926999.57,15046251538.68,8232059573.34,15151615887.55,39.15243331,21.42096074,39.42660596,0,39.15243331,21.42096074,39.42660596
2024-03-08,1709856000,39198370573.95,0,39198370573.95,15220340124.9,8462247328.74,15515783120.3,38.82901228,21.58826299,39.58272472,0,38.82901228,21.58826299,39.58272472
2024-03-09,1709942400,40390433924.81,0,40390433924.81,15279746866.36,8616463403.29,16494223655.16,37.83011318,21.33293101,40.83695581,0,37.83011318,21.33293101,40.83695581
2024-03-10,1710028800,40759869155.19,0,40759869155.19,16128688704.01,8498335073.63,16132845377.55,39.5700208,20.84976044,39.58021876,0,39.5700208,20.84976044,39.58021876
2024-03-11,1710115200,43222391300.01,0,43222391300.01,17403130421.91,8846635743.51,16972625134.6,40.26415452,20.46771471,39.26813076,0,40.26415452,20.46771471,39.26813076
2024-03-12,1710201600,42957415748.31,0,42957415748.31,17278287363.62,8850529879.18,16828598505.5,40.22189664,20.60303146,39.1750719,0,40.22189664,20.60303146,39.1750719
2024-03-13,1710288000,44103796393.2,0,44103796393.2,17414575825.45,9032451837.57,17656768730.19,39.48543493,20.47998716,40.03457791,0,39.48543493,20.47998716,40.03457791
2024-03-14,1710374400,45092127138.35,0,45092127138.35,17960908689.85,9157353801.58,17973864646.92,39.83158442,20.30809896,39.86031662,0,39.83158442,20.30809896,39.86031662
2024-03-15,1710460800,41222611656.12,0,41222611656.12,16151659378.81,8673424976.87,16397527300.44,39.18155287,21.04045481,39.77799232,0,39.18155287,21.04045481,39.77799232
2024-03-16,1710547200,39074669588.77,0,39074669588.77,15370166832.09,8531523514.99,15172979241.69,39.33537249,21.83389803,38.83072948,0,39.33537249,21.83389803,38.83072948
2024-03-17,1710633600,40627523879.8,0,40627523879.8,16038715329.48,8664674108.94,15924134441.38,39.47746207,21.3271036,39.19543433,0,39.47746207,21.3271036,39.19543433
2024-03-18,1710720000,39612978714.74,0,39612978714.74,15910195903.74,8618080075.13,15084702735.87,40.16409879,21.75569814,38.08020307,0,40.16409879,21.75569814,38.08020307
2024-03-19,1710806400,35856082533.24,0,35856082533.24,14590615769.72,7801619970.12,13463846793.4,40.69216361,21.7581493,37.54968709,0,40.69216361,21.7581493,37.54968709
2024-03-20,1710892800,38650097745.33,0,38650097745.33,15640477406.23,8300501911.72,14709118427.38,40.46685085,21.4760179,38.05713125,0,40.46685085,21.4760179,38.05713125
2024-03-21,1710979200,37722800028.54,0,37722800028.54,14956192043.01,8258595823.03,14508012162.5,39.64761903,21.89284946,38.45953151,0,39.64761903,21.89284946,38.45953151
2024-03-22,1711065600,36894221200.78,0,36894221200.78,14618389899.61,8001817550.36,14274013750.81,39.62243794,21.68853899,38.68902307,0,39.62243794,21.68853899,38.68902307
2024-03-23,1711152000,37159930548.43,0,37159930548.43,14738614772.26,7974330781.83,14446984994.34,39.66265425,21.45948785,38.8778579,0,39.66265425,21.45948785,38.8778579
2024-03-24,1711238400,39173983428.41,0,39173983428.41,15574637221.54,8246093347.69,15353252859.18,39.75760405,21.049923,39.19247295,0,39.75760405,21.049923,39.19247295
2024-03-25,1711324800,41385560316.76,0,41385560316.76,16539304187.49,8682265745.49,16163990383.79,39.96394893,20.97897353,39.05707754,0,39.96394893,20.97897353,39.05707754
2024-03-26,1711411200,42183226079.78,0,42183226079.78,16696768034.86,8727291899.22,16759166145.7,39.58153415,20.68901009,39.72945577,0,39.58153415,20.68901009,39.72945577
2024-03-27,1711497600,42409867062.45,0,42409867062.45,16994479766.28,8625158406.25,16790228889.92,40.0719949,20.33762189,39.59038321,0,40.0719949,20.33762189,39.59038321
2024-03-28,1711584000,43861514710.12,0,43861514710.12,17302091073.52,8798667070.34,17760756566.26,39.44708975,20.06010766,40.49280259,0,39.44708975,20.06010766,40.49280259
2024-03-29,1711670400,43552010935.03,0,43552010935.03,16723950039.16,8822609564.38,18005451331.49,38.39994912,20.25763995,41.34241094,0,38.39994912,20.25763995,41.34241094
2024-03-30,1711756800,43538148575.5,0,43538148575.5,16733011483.37,8912694216.81,17892442875.32,38.43298815,20.47099959,41.09601226,0,38.43298815,20.47099959,41.09601226
2024-03-31,1711843200,45617559744.23,0,45617559744.23,17373224763.29,9331517611.15,18912817369.78,38.08451145,20.45597718,41.45951137,0,38.08451145,20.45597718,41.45951137
2024-04-01,1711929600,43462986473.45,0,43462986473.45,17112991083.21,8951545969.26,17398449420.98,39.37371191,20.59579126,40.03049683,0,39.37371191,20.59579126,40.03049683
2024-04-02,1712016000,39911512592.72,0,39911512592.72,15751306816.71,8327782232.95,15832423543.06,39.4655722,20.86561418,39.66881362,0,39.4655722,20.86561418,39.66881362
2024-04-03,1712102400,39800447780.93,0,39800447780.93,15930527120.43,8330508182.54,15539412477.96,40.02599973,20.9306896,39.04331068,0,40.02599973,20.9306896,39.04331068
2024-04-04,1712188800,40152655830.68,0,40152655830.68,16132621663.67,8315661257.31,15704372909.7,40.17821818,20.71011515,39.11166668,0,40.17821818,20.71011515,39.11166668
2024-04-05,1712275200,39329131203.25,0,39329131203.25,15514748304.9,8437711624.89,15376671273.45,39.44848978,21.45410124,39.09740898,0,39.44848978,21.45410124,39.09740898
2024-04-06,1712361600,40228403972.99,0,40228403972.99,15924903743.49,8416223263.71,15887276965.8,39.58621812,20.92109662,39.49268526,0,39.58621812,20.92109662,39.49268526
2024-04-07,1712448000,41427839021.75,0,41427839021.75,16408268566.32,8674612913.49,16344957541.94,39.60686571,20.939091,39.45404329,0,39.60686571,20.939091,39.45404329
2024-04-08,1712534400,44295660796.17,0,44295660796.17,17447401218.79,9535950146.62,17312309430.76,39.38851099,21.5279555,39.08353351,0,39.38851099,21.5279555,39.08353351
2024-04-09,1712620800,41862539536.14,0,41862539536.14,16797474023.27,8911245459.12,16153820053.75,40.12531062,21.28692038,38.587769,0,40.12531062,21.28692038,38.587769
2024-04-10,1712707200,42027323699.05,0,42027323699.05,16766139008.58,8861818047.52,16399366642.96,39.89342535,21.08584908,39.02072557,0,39.89342535,21.08584908,39.02072557
2024-04-11,1712793600,41585847302.99,0,41585847302.99,16733327048.14,8707753328.87,16144766925.98,40.23803321,20.93922306,38.82274373,0,40.23803321,20.93922306,38.82274373
2024-04-12,1712880000,36532022936.72,0,36532022936.72,16316143954.93,7954193054.02,12261685927.77,44.66257996,21.77320722,33.56421283,0,44.66257996,21.77320722,33.56421283
2024-04-13,1712966400,30353690855.48,0,30353690855.48,13934820223.91,6953859515.03,9465011116.54,45.90815756,22.90943644,31.18240599,0,45.90815756,22.90943644,31.18240599
2024-04-14,1713052800,31342001985.64,0,31342001985.64,14319969647.06,7161646126.69,9860386211.89,45.6893904,22.84999577,31.46061383,0,45.6893904,22.84999577,31.46061383
2024-04-15,1713139200,30097279634.53,0,30097279634.53,13840698602.17,6979741366.7,9276839665.65,45.98654354,23.19060543,30.82285103,0,45.98654354,23.19060543,30.82285103
2024-04-16,1713225600,29824795277.42,0,29824795277.42,13743368803.82,6908731615.04,9172694858.57,46.08034582,23.16438906,30.75526512,0,46.08034582,23.16438906,30.75526512
2024-04-17,1713312000,29337533232.42,0,29337533232.42,13621784321.95,6826364373.42,8889384537.06,46.43125315,23.2683652,30.30038165,0,46.43125315,23.2683652,30.30038165
2024-04-18,1713398400,29928135154.38,0,29928135154.38,13881838329.19,6838596482.69,9207700342.5,46.38390684,22.85005881,30.76603435,0,46.38390684,22.85005881,30.76603435
2024-04-19,1713484800,29996390908.5,0,29996390908.5,13746462937.82,6872856017.21,9377071953.47,45.82705626,22.91227647,31.26066727,0,45.82705626,22.91227647,31.26066727
2024-04-20,1713571200,31367322664.98,0,31367322664.98,14156767064.14,7003877125.86,10206678474.98,45.13221359,22.32857806,32.53920835,0,45.13221359,22.32857806,32.53920835
2024-04-21,1713657600,31175709964.55,0,31175709964.55,14114252800.36,6963890208.99,10097566955.2,45.27323617,22.33755131,32.38921252,0,45.27323617,22.33755131,32.38921252
2024-04-22,1713744000,32455828015.34,0,32455828015.34,14738100986.69,7082810233.71,10634916794.94,45.40972111,21.82292262,32.76735627,0,45.40972111,21.82292262,32.76735627
2024-04-23,1713830400,32399071211.91,0,32399071211.91,14585504800.64,7113176480.71,10700389930.56,45.01828063,21.95487776,33.0268416,0,45.01828063,21.95487776,33.0268416
2024-04-24,1713916800,31968877359.73,0,31968877359.73,14622858912.05,7113570551.71,10232447895.97,45.74092092,22.25154944,32.00752964,0,45.74092092,22.25154944,32.00752964
2024-04-25,1714003200,31725301235.76,0,31725301235.76,14317615641.75,7098899904.83,10308785689.19,45.12995963,22.37614657,32.49389379,0,45.12995963,22.37614657,32.49389379
2024-04-26,1714089600,31343853566.93,0,31343853566.93,14230354075.38,7063152671.05,10050346820.5,45.40078024,22.53441063,32.06480913,0,45.40078024,22.53441063,32.06480913
2024-04-27,1714176000,31913838325.32,0,31913838325.32,14384592824.98,7519470590.76,10009774909.58,45.07321457,23.56178694,31.36499849,0,45.07321457,23.56178694,31.36499849
2024-04-28,1714262400,31579059263.42,0,31579059263.42,14052048130.3,7611134257.64,9915876875.48,44.49799474,24.10183975,31.40016551,0,44.49799474,24.10183975,31.40016551
2024-04-29,1714348800,31784260746.92,0,31784260746.92,14302925023.25,7519671474.6,9961664249.07,45.00002419,23.65847529,31.34150053,0,45.00002419,23.65847529,31.34150053
2024-04-30,1714435200,31005463538.14,0,31005463538.14,14374813774.74,7223029458.94,9407620304.47,46.362196,23.29598927,30.34181473,0,46.362196,23.29598927,30.34181473
2024-05-01,1714521600,29695863569.61,0,29695863569.61,13521074790.25,6838506654.85,9336282124.51,45.53184574,23.0284822,31.43967207,0,45.53184574,23.0284822,31.43967207
2024-05-02,1714608000,30006562592.69,0,30006562592.69,13432033061.68,6914429246.14,9660100284.87,44.76365135,23.04305675,32.1932919,0,44.76365135,23.04305675,32.1932919
2024-05-03,1714694400,31639571600.24,0,31639571600.24,14398602397.66,7087027968.53,10153941234.04,45.50820909,22.39925388,32.09253704,0,45.50820909,22.39925388,32.09253704
2024-05-04,1714780800,32159569183.39,0,32159569183.39,14620751046.11,7115922362.95,10422895774.34,45.46314337,22.12692068,32.40993595,0,45.46314337,22.12692068,32.40993595
2024-05-05,1714867200,32400307307.66,0,32400307307.66,14616175545.61,7190070176.98,10594061585.07,45.11122505,22.19136414,32.69741081,0,45.11122505,22.19136414,32.69741081
2024-05-06,1714953600,32019475457.25,0,32019475457.25,14333049419.87,7088485992.93,10597940044.45,44.76353599,22.13804534,33.09841868,0,44.76353599,22.13804534,33.09841868
2024-05-07,1715040000,31582445545.05,0,31582445545.05,14221960017.56,6974804309.62,10385681217.88,45.03121836,22.0844339,32.88434774,0,45.03121836,22.0844339,32.88434774
2024-05-08,1715126400,31258269911.7,0,31258269911.7,13941332650.1,7064529750.31,10252407511.29,44.60046154,22.60051426,32.7990242,0,44.60046154,22.60051426,32.7990242
2024-05-09,1715212800,32145427278.09,0,32145427278.09,14148057784.05,7191625007.12,10805744486.92,44.01266053,22.37215559,33.61518387,0,44.01266053,22.37215559,33.61518387
2024-05-10,1715299200,31887160109.71,0,31887160109.71,14229710336.42,7185613470.33,10471836302.96,44.62520427,22.53450431,32.84029141,0,44.62520427,22.53450431,32.84029141
2024-05-11,1715385600,31709742568.31,0,31709742568.31,14135796169.14,7074620947.11,10499325452.06,44.57871627,22.31055939,33.11072434,0,44.57871627,22.31055939,33.11072434
2024-05-12,1715472000,31745829301.33,0,31745829301.33,14122441153.51,7085296678.6,10538091469.22,44.48597332,22.31882686,33.19519981,0,44.48597332,22.31882686,33.19519981
2024-05-13,1715558400,32368656278.69,0,32368656278.69,14511909992.15,7209526845.7,10647219440.84,44.83321726,22.27317311,32.89360964,0,44.83321726,22.27317311,32.89360964
2024-05-14,1715644800,31470217584.91,0,31470217584.91,13911800122.79,7208101052.88,10350316409.23,44.20624066,22.9045161,32.88924324,0,44.20624066,22.9045161,32.88924324
2024-05-15,1715731200,34367461877.2,0,34367461877.2,15542384720.55,7551571536,11273505620.65,45.22412733,21.97302659,32.80284608,0,45.22412733,21.97302659,32.80284608
2024-05-16,1715817600,33798082427.34,0,33798082427.34,14995521924.54,7451059270.92,11351501231.88,44.36796661,22.04580478,33.58622862,0,44.36796661,22.04580478,33.58622862
2024-05-17,1715904000,35544657512.6,0,35544657512.6,15438737766.05,8165617449.79,11940302296.76,43.43476305,22.97284042,33.59239653,0,43.43476305,22.97284042,33.59239653
2024-05-18,1715990400,35868171740.14,0,35868171740.14,15495271113.36,8282410893.42,12090489733.36,43.20061593,23.0912547,33.70812937,0,43.20061593,23.0912547,33.70812937
2024-05-19,1716076800,35000504085.2,0,35000504085.2,15318945478.9,8010982209.55,11670576396.75,43.76778529,22.88819095,33.34402376,0,43.76778529,22.88819095,33.34402376
2024-05-20,1716163200,39369010849.58,0,39369010849.58,15982080675.46,10314878190.61,13072051983.51,40.59558605,26.20050128,33.20391268,0,40.59558605,26.20050128,33.20391268
2024-05-21,1716249600,40529246970.95,0,40529246970.95,16186675820.72,10938279308.3,13404291841.93,39.93825948,26.9886073,33.07313322,0,39.93825948,26.9886073,33.07313322
2024-05-22,1716336000,39982640830.15,0,39982640830.15,16067618503.57,10743150225.58,13171872101,40.18648636,26.86953639,32.94397725,0,40.18648636,26.86953639,32.94397725
2024-05-23,1716422400,39198518191.51,0,39198518191.51,15481153594.92,10914141383.2,12803223213.39,39.49423169,27.84324992,32.66251839,0,39.49423169,27.84324992,32.66251839
2024-05-24,1716508800,39220102591.97,0,39220102591.97,15510889636.6,10808900900.38,12900312054.99,39.5483148,27.55959364,32.89209156,0,39.5483148,27.55959364,32.89209156
2024-05-25,1716595200,40395133023.3,0,40395133023.3,15892808928.3,11033501724.81,13468822370.2,39.34337565,27.31393834,33.34268602,0,39.34337565,27.31393834,33.34268602
2024-05-26,1716681600,40895047623.96,0,40895047623.96,15739013946.46,11695982300.86,13460051376.64,38.48635681,28.59999677,32.91364642,0,38.48635681,28.59999677,32.91364642
2024-05-27,1716768000,42346155739.87,0,42346155739.87,16080355582.72,12055684227.79,14210115929.36,37.97359005,28.46937111,33.55703884,0,37.97359005,28.46937111,33.55703884
2024-05-28,1716854400,42258659665.64,0,42258659665.64,16107813339.05,11932943959.65,14217902366.94,38.11718939,28.23786664,33.64494397,0,38.11718939,28.23786664,33.64494397
2024-05-29,1716940800,42059628937.07,0,42059628937.07,16400974162.2,11783669884.31,13874984890.57,38.99457645,28.0165807,32.98884284,0,38.99457645,28.0165807,32.98884284
2024-05-30,1717027200,41125037175.6,0,41125037175.6,16065796118.67,11521629966.63,13537611090.31,39.06573032,28.01609617,32.9181735,0,39.06573032,28.01609617,32.9181735
2024-05-31,1717113600,41597335891.67,0,41597335891.67,16312553048.92,11606998748.29,13677784094.46,39.2153793,27.90322625,32.88139445,0,39.2153793,27.90322625,32.88139445
2024-06-01,1717200000,42186891370.37,0,42186891370.37,16226557703.34,11960962120.49,13999371546.54,38.4635065,28.35231924,33.18417426,0,38.4635065,28.35231924,33.18417426
2024-06-02,1717286400,41911778211.08,0,41911778211.08,16276141491.58,11722253619.64,13913383099.86,38.83428999,27.96887682,33.19683319,0,38.83428999,27.96887682,33.19683319
2024-06-03,1717372800,42793725741.44,0,42793725741.44,16883905849.3,11825299925.95,14084519966.19,39.45416193,27.63325633,32.91258174,0,39.45416193,27.63325633,32.91258174
2024-06-04,1717459200,44669677566.28,0,44669677566.28,17749340801.09,11923887432.41,14996449332.78,39.73465171,26.69347101,33.57187728,0,39.73465171,26.69347101,33.57187728
2024-06-05,1717545600,45850873167.43,0,45850873167.43,18200251093.94,12202255633.74,15448366439.75,39.69444819,26.61291878,33.69263304,0,39.69444819,26.61291878,33.69263304
2024-06-06,1717632000,45345702003.89,0,45345702003.89,18175518824.85,11906848429.58,15263334749.46,40.08212029,26.25794266,33.65993705,0,40.08212029,26.25794266,33.65993705
2024-06-07,1717718400,42306332954.87,0,42306332954.87,17883372327.08,11408203084.69,13014757543.1,42.27114732,26.96571007,30.76314262,0,42.27114732,26.96571007,30.76314262
2024-06-08,1717804800,41785844761.14,0,41785844761.14,17774362294.49,11359274393.59,12652208073.06,42.53680258,27.18450341,30.27869401,0,42.53680258,27.18450341,30.27869401
2024-06-09,1717891200,42379210159.49,0,42379210159.49,18087818822.36,11436518112.78,12854873224.35,42.68087761,26.9861521,30.33297028,0,42.68087761,26.9861521,30.33297028
2024-06-10,1717977600,41771733055.52,0,41771733055.52,18200990326.72,11292647620.08,12278095108.73,43.57250465,27.03418507,29.39331029,0,43.57250465,27.03418507,29.39331029
2024-06-11,1718064000,40019249230.41,0,40019249230.41,17537245411.25,10813958444.07,11668045375.09,43.82202502,27.02189234,29.15608263,0,43.82202502,27.02189234,29.15608263
2024-06-12,1718150400,40135262459.12,0,40135262459.12,17375167467.6,10681885301.65,12078209689.87,43.29152571,26.61471396,30.09376032,0,43.29152571,26.61471396,30.09376032
2024-06-13,1718236800,39220921076.25,0,39220921076.25,17291390255.74,10399483382.99,11530047437.52,44.08716007,26.51514319,29.39769674,0,44.08716007,26.51514319,29.39769674
2024-06-14,1718323200,38634665301.9,0,38634665301.9,16917222144.4,10516439217.74,11201003939.76,43.7876762,27.22021567,28.99210813,0,43.7876762,27.22021567,28.99210813
2024-06-15,1718409600,39678879129.87,0,39678879129.87,17012146206.39,11255557587.33,11411175336.15,42.87456344,28.36662183,28.75881473,0,42.87456344,28.36662183,28.75881473
2024-06-16,1718496000,40273590848.06,0,40273590848.06,17204023176.93,11395529148.02,11674038523.1,42.71787743,28.29528956,28.986833,0,42.71787743,28.29528956,28.986833
2024-06-17,1718582400,38395273480.77,0,38395273480.77,16976300512.07,10587652458.54,10831320510.17,44.21455813,27.57540577,28.2100361,0,44.21455813,27.57540577,28.2100361
2024-06-18,1718668800,36924290350.53,0,36924290350.53,16547987224.99,10527200232.97,9849102892.57,44.81599258,28.51023035,26.67377707,0,44.81599258,28.51023035,26.67377707
2024-06-19,1718755200,37565899612.54,0,37565899612.54,16533516750.16,11059776772.52,9972606089.86,44.01203464,29.44100071,26.54696465,0,44.01203464,29.44100071,26.54696465
2024-06-20,1718841600,37044397538.77,0,37044397538.77,16461897018.57,10672943934.62,9909556585.59,44.43829057,28.81122287,26.75048656,0,44.43829057,28.81122287,26.75048656
2024-06-21,1718928000,37240383810.91,0,37240383810.91,16470759365.06,10776555146.51,9993069299.34,44.2282213,28.93781976,26.83395894,0,44.2282213,28.93781976,26.83395894
2024-06-22,1719014400,37299700212.05,0,37299700212.05,16588535632.25,10593847792.09,10117316787.72,44.47364332,28.40196498,27.1243917,0,44.47364332,28.40196498,27.1243917
2024-06-23,1719100800,36622033176.42,0,36622033176.42,16371789666.61,10407732748.57,9842510761.24,44.70475352,28.41931986,26.87592661,0,44.70475352,28.41931986,26.87592661
2024-06-24,1719187200,36128911518.9,0,36128911518.9,15562982491.49,10494568304.77,10071360722.64,43.07625621,29.04756292,27.87618087,0,43.07625621,29.04756292,27.87618087
2024-06-25,1719273600,36525178454.9,0,36525178454.9,15652358615.36,10486421147.63,10386398691.91,42.85361298,28.71011612,28.4362709,0,42.85361298,28.71011612,28.4362709
2024-06-26,1719360000,36190770267.56,0,36190770267.56,15450124455.26,10464750931.49,10275894880.8,42.69078647,28.91552419,28.39368934,0,42.69078647,28.91552419,28.39368934
2024-06-27,1719446400,37309530033.01,0,37309530033.01,15635097490.59,10911953767.72,10762478774.7,41.90644448,29.2470952,28.84646032,0,41.90644448,29.2470952,28.84646032
2024-06-28,1719532800,36867360628.19,0,36867360628.19,15828283470.5,10711840785.37,10327236372.31,42.93305298,29.05507908,28.01186794,0,42.93305298,29.05507908,28.01186794
2024-06-29,1719619200,37045354414.83,0,37045354414.83,16102239826.74,10648052488.81,10295062099.29,43.46628634,28.74328686,27.79042679,0,43.46628634,28.74328686,27.79042679
2024-06-30,1719705600,38206588481.48,0,38206588481.48,16881739182.92,10675644960.67,10649204337.88,44.1854137,27.94189532,27.87269097,0,44.1854137,27.94189532,27.87269097
2024-07-01,1719792000,37857302405.92,0,37857302405.92,16500347280.36,10637097884.73,10719857240.82,43.58563931,28.09787599,28.31648469,0,43.58563931,28.09787599,28.31648469
2024-07-02,1719878400,38652380577.29,0,38652380577.29,16837918162.31,10749767968.99,11064694445.99,43.56243499,27.81139948,28.62616553,0,43.56243499,27.81139948,28.62616553
2024-07-03,1719964800,37192300972.7,0,37192300972.7,16523754170.97,10422439140.18,10246107661.55,44.42788894,28.02310927,27.54900179,0,44.42788894,28.02310927,27.54900179
2024-07-04,1720051200,34404170020.32,0,34404170020.32,15417493273.32,9732548516.01,9254128230.99,44.81286212,28.28886298,26.89827491,0,44.81286212,28.28886298,26.89827491
2024-07-05,1720137600,31672335986.1,0,31672335986.1,14327532054.4,8827372900.44,8517431031.26,45.23673928,27.87092466,26.89233606,0,45.23673928,27.87092466,26.89233606
2024-07-06,1720224000,32647746436.24,0,32647746436.24,14500183707.76,9062396834.66,9085165893.81,44.41404167,27.75810837,27.82784996,0,44.41404167,27.75810837,27.82784996
2024-07-07,1720310400,31182027374.36,0,31182027374.36,14160319544.76,8637232904.84,8384474924.75,45.41179884,27.69939491,26.88880625,0,45.41179884,27.69939491,26.88880625
2024-07-08,1720396800,31060628862.42,0,31060628862.42,13830005802.48,8640626291.91,8589996768.04,44.52583965,27.8185813,27.65557905,0,44.52583965,27.8185813,27.65557905
2024-07-09,1720483200,32368375232.33,0,32368375232.33,14538421706.14,8959132434.15,8870821092.04,44.91551276,27.67865971,27.40582753,0,44.91551276,27.67865971,27.40582753
2024-07-10,1720569600,32712307824.42,0,32712307824.42,14525169319.45,9136703723.77,9050434781.2,44.40276546,27.93047734,27.6667572,0,44.40276546,27.93047734,27.6667572
2024-07-11,1720656000,32826184427.6,0,32826184427.6,14804065326.79,9142011851.64,8880107249.17,45.09834324,27.84975473,27.05190202,0,45.09834324,27.84975473,27.05190202
2024-07-12,1720742400,33028028760.36,0,33028028760.36,14642875236.96,9294201350.16,9090952173.23,44.33469325,28.14034533,27.52496142,0,44.33469325,28.14034533,27.52496142
2024-07-13,1720828800,33981395614.25,0,33981395614.25,15243176926.17,9436095488.27,9302123199.81,44.85741875,27.76841656,27.37416469,0,44.85741875,27.76841656,27.37416469
2024-07-14,1720915200,35092386089.56,0,35092386089.56,15771925498.08,9676677162.08,9643783429.39,44.94400996,27.57486236,27.48112769,0,44.94400996,27.57486236,27.48112769
2024-07-15,1721001600,37526955646.42,0,37526955646.42,16620280038.06,10228905583.25,10677770025.11,44.28891114,27.2574884,28.45360046,0,44.28891114,27.2574884,28.45360046
2024-07-16,1721088000,37175304676.85,0,37175304676.85,16583431477.01,9920621211.23,10671251988.61,44.6087305,26.6860522,28.7052173,0,44.6087305,26.6860522,28.7052173
2024-07-17,1721174400,36873906635.94,0,36873906635.94,16238899930.33,9942032668.15,10692974037.46,44.03900051,26.96224397,28.99875552,0,44.03900051,26.96224397,28.99875552
2024-07-18,1721260800,37147684218.34,0,37147684218.34,16365042624.02,10055918351.98,10726723242.34,44.0540049,27.07010831,28.8758868,0,44.0540049,27.07010831,28.8758868
2024-07-19,1721347200,39533739294.37,0,39533739294.37,17722603321,10356676264.83,11454459708.54,44.82905902,26.19705712,28.97388386,0,44.82905902,26.19705712,28.97388386
2024-07-20,1721433600,39795696874.77,0,39795696874.77,17671668609.37,10329527189.43,11794501075.97,44.40597853,25.95639228,29.6376292,0,44.40597853,25.95639228,29.6376292
2024-07-21,1721520000,40228004155.4,0,40228004155.4,17758324871.69,10204379832.56,12265299451.15,44.14418573,25.3663587,30.48945556,0,44.14418573,25.3663587,30.48945556
2024-07-22,1721606400,39391920458.48,0,39391920458.48,17549911677.98,10119992185.4,11722016595.1,44.55205909,25.69052757,29.75741334,0,44.55205909,25.69052757,29.75741334
2024-07-23,1721692800,39010701332.4,0,39010701332.4,17106681119.31,10529755563.27,11374264649.81,43.85125244,26.99196683,29.15678073,0,43.85125244,26.99196683,29.15678073
2024-07-24,1721779200,38641556815.16,0,38641556815.16,16992346981.87,10351130513.93,11298079319.37,43.97428153,26.78756077,29.2381577,0,43.97428153,26.78756077,29.2381577
2024-07-25,1721865600,37702096664.98,0,37702096664.98,17190341180.49,9666236064.12,10845519420.38,45.59518621,25.63845759,28.7663562,0,45.59518621,25.63845759,28.7663562
2024-07-26,1721952000,39629258755.46,0,39629258755.46,18061115017.93,9850156701.17,11717987036.36,45.57520273,24.85576821,29.56902906,0,45.57520273,24.85576821,29.56902906
2024-07-27,1722038400,39388873442.12,0,39388873442.12,18395970204.05,9445560490.03,11547342748.04,46.70346876,23.98027581,29.31625543,0,46.70346876,23.98027581,29.31625543
2024-07-28,1722124800,39730919147.33,0,39730919147.33,18644285531.41,9628239090.74,11458394525.17,46.92638865,24.23361779,28.83999356,0,46.92638865,24.23361779,28.83999356
2024-07-29,1722211200,40205085762.8,0,40205085762.8,18537397075.81,10116528911.29,11551159775.7,46.10709497,25.16231148,28.73059355,0,46.10709497,25.16231148,28.73059355
2024-07-30,1722297600,39595773462.8,0,39595773462.8,18198400182.29,10081340908.97,11316032371.55,45.96046141,25.46064902,28.57888957,0,45.96046141,25.46064902,28.57888957
2024-07-31,1722384000,38799154878.12,0,38799154878.12,17799469112.77,10000716252.94,10998969512.42,45.87591964,25.77560332,28.34847704,0,45.87591964,25.77560332,28.34847704
2024-08-01,1722470400,38276778045.36,0,38276778045.36,17882208787.67,9776483426.93,10618085830.76,46.71816621,25.54155268,27.74028111,0,46.71816621,25.54155268,27.74028111
2024-08-02,1722556800,35966957862.59,0,35966957862.59,16840991692.69,9468552339.02,9657413830.88,46.82350884,26.32569698,26.85079419,0,46.82350884,26.32569698,26.85079419
2024-08-03,1722643200,34329094931.71,0,34329094931.71,16335593541.69,8931981507.59,9061519882.43,47.585273,26.01869209,26.39603491,0,47.585273,26.01869209,26.39603491
2024-08-04,1722729600,32666966090.56,0,32666966090.56,15792766815.69,8325670320.73,8548528954.14,48.34476141,25.48651227,26.16872632,0,48.34476141,25.48651227,26.16872632
2024-08-05,1722816000,26477684596.28,0,26477684596.28,12827477057.17,6637262553.09,7012944986.02,48.44637004,25.0673828,26.48624717,0,48.44637004,25.0673828,26.48624717
2024-08-06,1722902400,27975885137.49,0,27975885137.49,13483411510.73,6833682587.09,7658791039.67,48.19655015,24.42704691,27.37640293,0,48.19655015,24.42704691,27.37640293
2024-08-07,1722988800,27825177926.53,0,27825177926.53,13446029556.28,6682285894.28,7696862475.96,48.32324735,24.01524947,27.66150318,0,48.32324735,24.01524947,27.66150318
2024-08-08,1723075200,30147146890.86,0,30147146890.86,14307184663.05,7183425114.5,8656537113.3,47.45783976,23.82787711,28.71428313,0,47.45783976,23.82787711,28.71428313
2024-08-09,1723161600,29324857620.31,0,29324857620.31,13919027158.54,6970540645.77,8435289815.99,47.4649437,23.77007499,28.76498132,0,47.4649437,23.77007499,28.76498132
2024-08-10,1723248000,29628679764.42,0,29628679764.42,14018462529.13,6991977537.39,8618239697.9,47.31382782,23.59868071,29.08749147,0,47.31382782,23.59868071,29.08749147
2024-08-11,1723334400,28637736780.12,0,28637736780.12,13683371649.46,6988153413.25,7966211717.4,47.78091144,24.40190531,27.81718325,0,47.78091144,24.40190531,27.81718325
2024-08-12,1723420800,29281661107.33,0,29281661107.33,13417347673.94,7446209603.92,8418103829.47,45.8216753,25.42960106,28.74872364,0,45.8216753,25.42960106,28.74872364
2024-08-13,1723507200,29880092249,0,29880092249,14156997131.64,7284801942.71,8438293174.65,47.3793622,24.38011865,28.24051915,0,47.3793622,24.38011865,28.24051915
2024-08-14,1723593600,29747993713.67,0,29747993713.67,14196889172.95,7217313820.54,8333790720.18,47.72385429,24.26151454,28.01463117,0,47.72385429,24.26151454,28.01463117
2024-08-15,1723680000,29529157151.81,0,29529157151.81,14380690092.89,6975339650.21,8173127408.72,48.69996803,23.62187181,27.67816015,0,48.69996803,23.62187181,27.67816015
2024-08-16,1723766400,29673424882.7,0,29673424882.7,14466457177.68,7055120092.66,8151847612.36,48.7522328,23.77588742,27.47187979,0,48.7522328,23.77588742,27.47187979
2024-08-17,1723852800,30222203396.98,0,30222203396.98,14691085399.45,7105869190.83,8425248806.71,48.61023932,23.51208182,27.87767886,0,48.61023932,23.51208182,27.87767886
2024-08-18,1723939200,29945692138.34,0,29945692138.34,14498982712.02,7108660314.99,8338049111.33,48.4175909,23.7385073,27.8439018,0,48.4175909,23.7385073,27.8439018
2024-08-19,1724025600,30352357203.2,0,30352357203.2,14489119078.46,7127998452.61,8735239672.14,47.73638825,23.48416765,28.77944409,0,47.73638825,23.48416765,28.77944409
2024-08-20,1724112000,30598215884.94,0,30598215884.94,14583531838.33,7117506827.11,8897177219.49,47.66137965,23.26118246,29.07743789,0,47.66137965,23.26118246,29.07743789
2024-08-21,1724198400,31833016477.3,0,31833016477.3,15515010007.73,7181970061.35,9136036408.22,48.73873646,22.56138706,28.69987648,0,48.73873646,22.56138706,28.69987648
2024-08-22,1724284800,31752739291.32,0,31752739291.32,15222086818.96,7205175800.46,9325476671.9,47.93944447,22.69150934,29.3690462,0,47.93944447,22.69150934,29.3690462
2024-08-23,1724371200,34153732805.56,0,34153732805.56,16346584005.95,7665477144.62,10141671654.99,47.86177868,22.4440391,29.69418222,0,47.86177868,22.4440391,29.69418222
2024-08-24,1724457600,34701055357.97,0,34701055357.97,16511500059.19,7676659319.43,10512895979.35,47.58212651,22.1222647,30.2956088,0,47.58212651,22.1222647,30.2956088
2024-08-25,1724544000,34696656192.03,0,34696656192.03,16748132160.69,7650194289.83,10298329741.52,48.27016202,22.04879412,29.68104386,0,48.27016202,22.04879412,29.68104386
2024-08-26,1724630400,33240460720.52,0,33240460720.52,15916883955.32,7578163104.98,9745413660.23,47.88406541,22.79800863,29.31792595,0,47.88406541,22.79800863,29.31792595
2024-08-27,1724716800,30662342664.9,0,30662342664.9,14826734000.64,6943200099.77,8892408564.49,48.35486369,22.6440627,29.0010736,0,48.35486369,22.6440627,29.0010736
2024-08-28,1724803200,30197729282.35,0,30197729282.35,14550015569.11,6959275704.7,8688438008.53,48.18248231,23.04569208,28.77182561,0,48.18248231,23.04569208,28.77182561
2024-08-29,1724889600,30507410305.06,0,30507410305.06,14762627202.41,7050321367.09,8694461735.56,48.39029945,23.11019289,28.49950766,0,48.39029945,23.11019289,28.49950766
2024-08-30,1724976000,30318899918.78,0,30318899918.78,14645584130.05,6987588777.69,8685727011.04,48.30513036,23.04697333,28.64789631,0,48.30513036,23.04697333,28.64789631
2024-08-31,1725062400,30239776845.76,0,30239776845.76,14659893664.64,6977797566.86,8602085614.26,48.47884209,23.07489768,28.44626023,0,48.47884209,23.07489768,28.44626023
2024-09-01,1725148800,29240648836.58,0,29240648836.58,14343224328.95,6717750808.84,8179673698.78,49.0523463,22.97401418,27.97363952,0,49.0523463,22.97401418,27.97363952
2024-09-02,1725235200,30433090316.19,0,30433090316.19,14730161858.55,7099791718.93,8603136738.71,48.40179458,23.32918427,28.26902115,0,48.40179458,23.32918427,28.26902115
2024-09-03,1725321600,29989103236.94,0,29989103236.94,14692859484.41,6951433061.7,8344810690.83,48.99399415,23.17986305,27.8261428,0,48.99399415,23.17986305,27.8261428
2024-09-04,1725408000,29670567243.19,0,29670567243.19,14338867759.57,6850425861.81,8481273621.81,48.32690808,23.08828748,28.58480444,0,48.32690808,23.08828748,28.58480444
2024-09-05,1725494400,29495792051.82,0,29495792051.82,14256695808.54,6843574220.57,8395522022.71,48.33467697,23.20186625,28.46345678,0,48.33467697,23.20186625,28.46345678
2024-09-06,1725580800,28884128077.23,0,28884128077.23,14177146876.8,6625150458.82,8081830741.61,49.08282791,22.93699308,27.98017901,0,49.08282791,22.93699308,27.98017901
2024-09-07,1725667200,28992318619.99,0,28992318619.99,14024529383.53,6714828030.16,8252961206.3,48.37325903,23.16071411,28.46602686,0,48.37325903,23.16071411,28.46602686
